Stok Kodu;Urun Adi;Marka;Kategori Yolu;Stok Adedi;Fiyat;Para Birimi;Fiyat (TL);KDV %;Gorsel;Urun Linki
T4170420;4-20MM Kademeli Saç Matkabı Tin Kaplı HSS ERİC;ERİC;Matkap ve Freze>Kademeli Sac Matkapları;262;4.85;USD;230.49;20;https://raw.githubusercontent.com/dumanonur42-rgb/ticimax-stok/main/gorseller/4-20MM%20Kademeli%20Sa%C3%A7%20Matkab%C4%B1%20Tin%20Kapl%C4%B1%20HSS%20ER%C4%B0C%20-%20T4170420.jpg;https://talhateknik.diaeticaret.com/4-20mm-kademeli-sac-matkabi-tin-kapli-hss-eric-p6142
T4170439;4-39MM Kademeli Saç Matkabı Tin Kaplı HSS ERİC;ERİC;Matkap ve Freze>Kademeli Sac Matkapları;245;17.8;USD;845.91;20;https://raw.githubusercontent.com/dumanonur42-rgb/ticimax-stok/main/gorseller/4-39MM%20Kademeli%20Sa%C3%A7%20Matkab%C4%B1%20Tin%20Kapl%C4%B1%20HSS%20ER%C4%B0C%20-%20T4170439.jpg;https://talhateknik.diaeticaret.com/4-39mm-kademeli-sac-matkabi-tin-kapli-hss-eric-p6144
T4170636;6-36MM Kademeli Saç Matkabı Tin Kaplı HSS ERİC;ERİC;Matkap ve Freze>Kademeli Sac Matkapları;263;11.1;USD;527.5;20;https://raw.githubusercontent.com/dumanonur42-rgb/ticimax-stok/main/gorseller/6-36MM%20Kademeli%20Sa%C3%A7%20Matkab%C4%B1%20Tin%20Kapl%C4%B1%20HSS%20ER%C4%B0C%20-%20T4170636.jpg;https://talhateknik.diaeticaret.com/6-36mm-kademeli-sac-matkabi-tin-kapli-hss-eric-p6143
T417SET;Kademeli Saç Matkabı Tin Kaplı HSS 3LÜ Set ERİC;ERİC;Matkap ve Freze>Kademeli Sac Matkapları;179;21.5;USD;1021.74;20;https://raw.githubusercontent.com/dumanonur42-rgb/ticimax-stok/main/gorseller/Kademeli%20Sa%C3%A7%20Matkab%C4%B1%20Tin%20Kapl%C4%B1%20HSS%203L%C3%9C%20Set%20ER%C4%B0C%20-%20T417SET.jpg;https://talhateknik.diaeticaret.com/kademeli-sac-matkabi-tin-kapli-hss-3lu-set-eric-p6145
T3380005CO;0,5 MM Altın Seri Matkap Ucu HSS DİN338 ERİC;ERİC;Matkap ve Freze>Matkap Uçları>HSS Matkap Uçları;3630;0.3;USD;14.26;20;https://raw.githubusercontent.com/dumanonur42-rgb/ticimax-stok/main/gorseller/0%2C5%20MM%20Alt%C4%B1n%20Seri%20Matkap%20Ucu%20HSS%20D%C4%B0N338%20ER%C4%B0C%20-%20T3380005CO.jpg;https://talhateknik.diaeticaret.com/0-5mm-altin-seri-matkap-ucu-hss-din338-eric-p5793
T3380006CO;0,6 MM Altın Seri Matkap Ucu HSS DİN338 ERİC;ERİC;Matkap ve Freze>Matkap Uçları>HSS Matkap Uçları;2900;0.3;USD;14.26;20;https://raw.githubusercontent.com/dumanonur42-rgb/ticimax-stok/main/gorseller/0%2C6%20MM%20Alt%C4%B1n%20Seri%20Matkap%20Ucu%20HSS%20D%C4%B0N338%20ER%C4%B0C%20-%20T3380006CO.jpg;https://talhateknik.diaeticaret.com/0-6mm-altin-seri-matkap-ucu-hss-din338-eric-p5794
T3380007CO;0,7 MM Altın Seri Matkap Ucu HSS DİN338 ERİC;ERİC;Matkap ve Freze>Matkap Uçları>HSS Matkap Uçları;1750;0.3;USD;14.26;20;https://raw.githubusercontent.com/dumanonur42-rgb/ticimax-stok/main/gorseller/0%2C7%20MM%20Alt%C4%B1n%20Seri%20Matkap%20Ucu%20HSS%20D%C4%B0N338%20ER%C4%B0C%20-%20T3380007CO.jpg;https://talhateknik.diaeticaret.com/0-7mm-altin-seri-matkap-ucu-hss-din338-eric-p5795
T3380008CO;0,8 MM Altın Seri Matkap Ucu HSS DİN338 ERİC;ERİC;Matkap ve Freze>Matkap Uçları>HSS Matkap Uçları;1760;0.3;USD;14.26;20;https://raw.githubusercontent.com/dumanonur42-rgb/ticimax-stok/main/gorseller/0%2C8%20MM%20Alt%C4%B1n%20Seri%20Matkap%20Ucu%20HSS%20D%C4%B0N338%20ER%C4%B0C%20-%20T3380008CO.jpg;https://talhateknik.diaeticaret.com/0-8mm-altin-seri-matkap-ucu-hss-din338-eric-p5796
T3380009CO;0,9 MM Altın Seri Matkap Ucu HSS DİN338 ERİC;ERİC;Matkap ve Freze>Matkap Uçları>HSS Matkap Uçları;1900;0.3;USD;14.26;20;https://raw.githubusercontent.com/dumanonur42-rgb/ticimax-stok/main/gorseller/0%2C9%20MM%20Alt%C4%B1n%20Seri%20Matkap%20Ucu%20HSS%20D%C4%B0N338%20ER%C4%B0C%20-%20T3380009CO.jpg;https://talhateknik.diaeticaret.com/0-9mm-altin-seri-matkap-ucu-hss-din338-eric-p5797
T3380011CO;1,1 MM Altın Seri Matkap Ucu HSS DİN338 ERİC;ERİC;Matkap ve Freze>Matkap Uçları>HSS Matkap Uçları;930;0.32;USD;15.21;20;https://raw.githubusercontent.com/dumanonur42-rgb/ticimax-stok/main/gorseller/1%2C1%20MM%20Alt%C4%B1n%20Seri%20Matkap%20Ucu%20HSS%20D%C4%B0N338%20ER%C4%B0C%20-%20T3380011CO.jpg;https://talhateknik.diaeticaret.com/1-1mm-altin-seri-matkap-ucu-hss-din338-eric-p5798
T3380011F;1,1 MM Fully Ground Matkap Ucu HSS DİN338 ERİC;ERİC;Matkap ve Freze>Matkap Uçları>HSS Matkap Uçları;950;0.25;USD;11.88;20;https://raw.githubusercontent.com/dumanonur42-rgb/ticimax-stok/main/gorseller/1%2C1%20MM%20Fully%20Ground%20Matkap%20Ucu%20HSS%20D%C4%B0N338%20ER%C4%B0C%20-%20T3380011F.jpg;https://talhateknik.diaeticaret.com/1-1mm-fully-ground-matkap-ucu-hss-din338-eric-p5683
T3380012CO;1,2 MM Altın Seri Matkap Ucu HSS DİN338 ERİC;ERİC;Matkap ve Freze>Matkap Uçları>HSS Matkap Uçları;1130;0.32;USD;15.21;20;https://raw.githubusercontent.com/dumanonur42-rgb/ticimax-stok/main/gorseller/1%2C2%20MM%20Alt%C4%B1n%20Seri%20Matkap%20Ucu%20HSS%20D%C4%B0N338%20ER%C4%B0C%20-%20T3380012CO.jpg;https://talhateknik.diaeticaret.com/1-2mm-altin-seri-matkap-ucu-hss-din338-eric-p5799
T3380012F;1,2 MM Fully Ground Matkap Ucu HSS DİN338 ERİC;ERİC;Matkap ve Freze>Matkap Uçları>HSS Matkap Uçları;1320;0.25;USD;11.88;20;https://raw.githubusercontent.com/dumanonur42-rgb/ticimax-stok/main/gorseller/1%2C2%20MM%20Fully%20Ground%20Matkap%20Ucu%20HSS%20D%C4%B0N338%20ER%C4%B0C%20-%20T3380012F.jpg;https://talhateknik.diaeticaret.com/1-2mm-fully-ground-matkap-ucu-hss-din338-eric-p5684
T3380013CO;1,3 MM Altın Seri Matkap Ucu HSS DİN338 ERİC;ERİC;Matkap ve Freze>Matkap Uçları>HSS Matkap Uçları;850;0.32;USD;15.21;20;https://raw.githubusercontent.com/dumanonur42-rgb/ticimax-stok/main/gorseller/1%2C3%20MM%20Alt%C4%B1n%20Seri%20Matkap%20Ucu%20HSS%20D%C4%B0N338%20ER%C4%B0C%20-%20T3380013CO.jpg;https://talhateknik.diaeticaret.com/1-3mm-altin-seri-matkap-ucu-hss-din338-eric-p5800
T3380013F;1,3 MM Fully Ground Matkap Ucu HSS DİN338 ERİC;ERİC;Matkap ve Freze>Matkap Uçları>HSS Matkap Uçları;900;0.25;USD;11.88;20;https://raw.githubusercontent.com/dumanonur42-rgb/ticimax-stok/main/gorseller/1%2C3%20MM%20Fully%20Ground%20Matkap%20Ucu%20HSS%20D%C4%B0N338%20ER%C4%B0C%20-%20T3380013F.jpg;https://talhateknik.diaeticaret.com/1-3mm-fully-ground-matkap-ucu-hss-din338-eric-p5685
T3380014CO;1,4 MM Altın Seri Matkap Ucu HSS DİN338 ERİC;ERİC;Matkap ve Freze>Matkap Uçları>HSS Matkap Uçları;850;0.32;USD;15.21;20;https://raw.githubusercontent.com/dumanonur42-rgb/ticimax-stok/main/gorseller/1%2C4%20MM%20Alt%C4%B1n%20Seri%20Matkap%20Ucu%20HSS%20D%C4%B0N338%20ER%C4%B0C%20-%20T3380014CO.jpg;https://talhateknik.diaeticaret.com/1-4mm-altin-seri-matkap-ucu-hss-din338-eric-p5801
T3380014F;1,4 MM Fully Ground Matkap Ucu HSS DİN338 ERİC;ERİC;Matkap ve Freze>Matkap Uçları>HSS Matkap Uçları;930;0.25;USD;11.88;20;https://raw.githubusercontent.com/dumanonur42-rgb/ticimax-stok/main/gorseller/1%2C4%20MM%20Fully%20Ground%20Matkap%20Ucu%20HSS%20D%C4%B0N338%20ER%C4%B0C%20-%20T3380014F.jpg;https://talhateknik.diaeticaret.com/1-4mm-fully-ground-matkap-ucu-hss-din338-eric-p5686
T3380015CO;1,5 MM Altın Seri Matkap Ucu HSS DİN338 ERİC;ERİC;Matkap ve Freze>Matkap Uçları>HSS Matkap Uçları;3120;0.32;USD;15.21;20;https://raw.githubusercontent.com/dumanonur42-rgb/ticimax-stok/main/gorseller/1%2C5%20MM%20Alt%C4%B1n%20Seri%20Matkap%20Ucu%20HSS%20D%C4%B0N338%20ER%C4%B0C%20-%20T3380015CO.jpg;https://talhateknik.diaeticaret.com/1-5mm-altin-seri-matkap-ucu-hss-din338-eric-p4098
T3380015F;1,5 MM Fully Ground Matkap Ucu HSS DİN338 ERİC;ERİC;Matkap ve Freze>Matkap Uçları>HSS Matkap Uçları;0;0.25;USD;11.88;20;https://raw.githubusercontent.com/dumanonur42-rgb/ticimax-stok/main/gorseller/1%2C5%20MM%20Fully%20Ground%20Matkap%20Ucu%20HSS%20D%C4%B0N338%20ER%C4%B0C%20-%20T3380015F.jpg;https://talhateknik.diaeticaret.com/1-5mm-fully-ground-matkap-ucu-hss-din338-eric-p5687
TGT340015;1,5 MM Uzun Matkap Ucu HSS DIN340 GT100 ERİC;ERİC;Matkap ve Freze>Matkap Uçları>HSS Matkap Uçları;4400;0.49;USD;23.29;20;https://raw.githubusercontent.com/dumanonur42-rgb/ticimax-stok/main/gorseller/1%2C5%20MM%20Uzun%20Matkap%20Ucu%20HSS%20DIN340%20GT100%20ER%C4%B0C%20-%20TGT340015.jpg;https://talhateknik.diaeticaret.com/1-5mm-uzun-matkap-ucu-hss-din340-gt100-eric-p5957
T3380016CO;1,6 MM Altın Seri Matkap Ucu HSS DİN338 ERİC;ERİC;Matkap ve Freze>Matkap Uçları>HSS Matkap Uçları;1230;0.41;USD;19.48;20;https://raw.githubusercontent.com/dumanonur42-rgb/ticimax-stok/main/gorseller/1%2C6%20MM%20Alt%C4%B1n%20Seri%20Matkap%20Ucu%20HSS%20D%C4%B0N338%20ER%C4%B0C%20-%20T3380016CO.jpg;https://talhateknik.diaeticaret.com/1-6mm-altin-seri-matkap-ucu-hss-din338-eric-p5802
T3380016F;1,6 MM Fully Ground Matkap Ucu HSS DİN338 ERİC;ERİC;Matkap ve Freze>Matkap Uçları>HSS Matkap Uçları;1320;0.29;USD;13.78;20;https://raw.githubusercontent.com/dumanonur42-rgb/ticimax-stok/main/gorseller/1%2C6%20MM%20Fully%20Ground%20Matkap%20Ucu%20HSS%20D%C4%B0N338%20ER%C4%B0C%20-%20T3380016F.jpg;https://talhateknik.diaeticaret.com/1-6mm-fully-ground-matkap-ucu-hss-din338-eric-p5688
T3380017CO;1,7 MM Altın Seri Matkap Ucu HSS DİN338 ERİC;ERİC;Matkap ve Freze>Matkap Uçları>HSS Matkap Uçları;2510;0.41;USD;19.48;20;https://raw.githubusercontent.com/dumanonur42-rgb/ticimax-stok/main/gorseller/1%2C7%20MM%20Alt%C4%B1n%20Seri%20Matkap%20Ucu%20HSS%20D%C4%B0N338%20ER%C4%B0C%20-%20T3380017CO.jpg;https://talhateknik.diaeticaret.com/1-7mm-altin-seri-matkap-ucu-hss-din338-eric-p5803
T3380017F;1,7 MM Fully Ground Matkap Ucu HSS DİN338 ERİC;ERİC;Matkap ve Freze>Matkap Uçları>HSS Matkap Uçları;2990;0.29;USD;13.78;20;https://raw.githubusercontent.com/dumanonur42-rgb/ticimax-stok/main/gorseller/1%2C7%20MM%20Fully%20Ground%20Matkap%20Ucu%20HSS%20D%C4%B0N338%20ER%C4%B0C%20-%20T3380017F.jpg;https://talhateknik.diaeticaret.com/1-7mm-fully-ground-matkap-ucu-hss-din338-eric-p5689
T3380018CO;1,8 MM Altın Seri Matkap Ucu HSS DİN338 ERİC;ERİC;Matkap ve Freze>Matkap Uçları>HSS Matkap Uçları;690;0.41;USD;19.48;20;https://raw.githubusercontent.com/dumanonur42-rgb/ticimax-stok/main/gorseller/1%2C8%20MM%20Alt%C4%B1n%20Seri%20Matkap%20Ucu%20HSS%20D%C4%B0N338%20ER%C4%B0C%20-%20T3380018CO.jpg;https://talhateknik.diaeticaret.com/1-8mm-altin-seri-matkap-ucu-hss-din338-eric-p5804
T3380018F;1,8 MM Fully Ground Matkap Ucu HSS DİN338 ERİC;ERİC;Matkap ve Freze>Matkap Uçları>HSS Matkap Uçları;770;0.29;USD;13.78;20;https://raw.githubusercontent.com/dumanonur42-rgb/ticimax-stok/main/gorseller/1%2C8%20MM%20Fully%20Ground%20Matkap%20Ucu%20HSS%20D%C4%B0N338%20ER%C4%B0C%20-%20T3380018F.jpg;https://talhateknik.diaeticaret.com/1-8mm-fully-ground-matkap-ucu-hss-din338-eric-p5690
T3380019CO;1,9 MM Altın Seri Matkap Ucu HSS DİN338 ERİC;ERİC;Matkap ve Freze>Matkap Uçları>HSS Matkap Uçları;800;0.41;USD;19.48;20;https://raw.githubusercontent.com/dumanonur42-rgb/ticimax-stok/main/gorseller/1%2C9%20MM%20Alt%C4%B1n%20Seri%20Matkap%20Ucu%20HSS%20D%C4%B0N338%20ER%C4%B0C%20-%20T3380019CO.jpg;https://talhateknik.diaeticaret.com/1-9mm-altin-seri-matkap-ucu-hss-din338-eric-p5805
T3380019F;1,9 MM Fully Ground Matkap Ucu HSS DİN338 ERİC;ERİC;Matkap ve Freze>Matkap Uçları>HSS Matkap Uçları;870;0.29;USD;13.78;20;https://raw.githubusercontent.com/dumanonur42-rgb/ticimax-stok/main/gorseller/1%2C9%20MM%20Fully%20Ground%20Matkap%20Ucu%20HSS%20D%C4%B0N338%20ER%C4%B0C%20-%20T3380019F.jpg;https://talhateknik.diaeticaret.com/1-9mm-fully-ground-matkap-ucu-hss-din338-eric-p5691
T3380101CO;10,1 MM Altın Seri Matkap Ucu HSS DİN338 ERİC;ERİC;Matkap ve Freze>Matkap Uçları>HSS Matkap Uçları;155;9.85;USD;468.1;20;https://raw.githubusercontent.com/dumanonur42-rgb/ticimax-stok/main/gorseller/10%2C1%20MM%20Alt%C4%B1n%20Seri%20Matkap%20Ucu%20HSS%20D%C4%B0N338%20ER%C4%B0C%20-%20T3380101CO.jpg;https://talhateknik.diaeticaret.com/10-1mm-altin-seri-matkap-ucu-hss-din338-eric-p5866
T3380101F;10,1 MM Fully Ground Matkap Ucu HSS DİN338 ERİC;ERİC;Matkap ve Freze>Matkap Uçları>HSS Matkap Uçları;175;5.95;USD;282.76;20;https://raw.githubusercontent.com/dumanonur42-rgb/ticimax-stok/main/gorseller/10%2C1%20MM%20Fully%20Ground%20Matkap%20Ucu%20HSS%20D%C4%B0N338%20ER%C4%B0C%20-%20T3380101F.jpg;https://talhateknik.diaeticaret.com/10-1mm-fully-ground-matkap-ucu-hss-din338-eric-p5746
T3380102CO;10,2 MM Altın Seri Matkap Ucu HSS DİN338 ERİC;ERİC;Matkap ve Freze>Matkap Uçları>HSS Matkap Uçları;425;9.85;USD;468.1;20;https://raw.githubusercontent.com/dumanonur42-rgb/ticimax-stok/main/gorseller/10%2C2%20MM%20Alt%C4%B1n%20Seri%20Matkap%20Ucu%20HSS%20D%C4%B0N338%20ER%C4%B0C%20-%20T3380102CO.jpg;https://talhateknik.diaeticaret.com/10-2mm-altin-seri-matkap-ucu-hss-din338-eric-p2870
T3380102F;10,2 MM Fully Ground Matkap Ucu HSS DİN338 ERİC;ERİC;Matkap ve Freze>Matkap Uçları>HSS Matkap Uçları;980;5.95;USD;282.76;20;https://raw.githubusercontent.com/dumanonur42-rgb/ticimax-stok/main/gorseller/10%2C2%20MM%20Fully%20Ground%20Matkap%20Ucu%20HSS%20D%C4%B0N338%20ER%C4%B0C%20-%20T3380102F.jpg;https://talhateknik.diaeticaret.com/10-2mm-fully-ground-matkap-ucu-hss-din338-eric-p3592
T3380103CO;10,3 MM Altın Seri Matkap Ucu HSS DİN338 ERİC;ERİC;Matkap ve Freze>Matkap Uçları>HSS Matkap Uçları;135;9.85;USD;468.1;20;https://raw.githubusercontent.com/dumanonur42-rgb/ticimax-stok/main/gorseller/10%2C3%20MM%20Alt%C4%B1n%20Seri%20Matkap%20Ucu%20HSS%20D%C4%B0N338%20ER%C4%B0C%20-%20T3380103CO.jpg;https://talhateknik.diaeticaret.com/10-3mm-altin-seri-matkap-ucu-hss-din338-eric-p5867
T3380103F;10,3 MM Fully Ground Matkap Ucu HSS DİN338 ERİC;ERİC;Matkap ve Freze>Matkap Uçları>HSS Matkap Uçları;225;5.95;USD;282.76;20;https://raw.githubusercontent.com/dumanonur42-rgb/ticimax-stok/main/gorseller/10%2C3%20MM%20Fully%20Ground%20Matkap%20Ucu%20HSS%20D%C4%B0N338%20ER%C4%B0C%20-%20T3380103F.jpg;https://talhateknik.diaeticaret.com/10-3mm-fully-ground-matkap-ucu-hss-din338-eric-p5747
T3380104CO;10,4 MM Altın Seri Matkap Ucu HSS DİN338 ERİC;ERİC;Matkap ve Freze>Matkap Uçları>HSS Matkap Uçları;60;9.85;USD;468.1;20;https://raw.githubusercontent.com/dumanonur42-rgb/ticimax-stok/main/gorseller/10%2C4%20MM%20Alt%C4%B1n%20Seri%20Matkap%20Ucu%20HSS%20D%C4%B0N338%20ER%C4%B0C%20-%20T3380104CO.jpg;https://talhateknik.diaeticaret.com/10-4mm-altin-seri-matkap-ucu-hss-din338-eric-p5868
T3380104F;10,4 MM Fully Ground Matkap Ucu HSS DİN338 ERİC;ERİC;Matkap ve Freze>Matkap Uçları>HSS Matkap Uçları;140;5.95;USD;282.76;20;https://raw.githubusercontent.com/dumanonur42-rgb/ticimax-stok/main/gorseller/10%2C4%20MM%20Fully%20Ground%20Matkap%20Ucu%20HSS%20D%C4%B0N338%20ER%C4%B0C%20-%20T3380104F.jpg;https://talhateknik.diaeticaret.com/10-4mm-fully-ground-matkap-ucu-hss-din338-eric-p5748
T3380105CO;10,5 MM Altın Seri Matkap Ucu HSS DİN338 ERİC;ERİC;Matkap ve Freze>Matkap Uçları>HSS Matkap Uçları;2015;9.85;USD;468.1;20;https://raw.githubusercontent.com/dumanonur42-rgb/ticimax-stok/main/gorseller/10%2C5%20MM%20Alt%C4%B1n%20Seri%20Matkap%20Ucu%20HSS%20D%C4%B0N338%20ER%C4%B0C%20-%20T3380105CO.jpg;https://talhateknik.diaeticaret.com/10-5mm-altin-seri-matkap-ucu-hss-din338-eric-p2871
T3380105F;10,5 MM Fully Ground Matkap Ucu HSS DİN338 ERİC;ERİC;Matkap ve Freze>Matkap Uçları>HSS Matkap Uçları;1810;5.95;USD;282.76;20;https://raw.githubusercontent.com/dumanonur42-rgb/ticimax-stok/main/gorseller/10%2C5%20MM%20Fully%20Ground%20Matkap%20Ucu%20HSS%20D%C4%B0N338%20ER%C4%B0C%20-%20T3380105F.jpg;https://talhateknik.diaeticaret.com/10-5mm-fully-ground-matkap-ucu-hss-din338-eric-p2829
TGT340105;10,5 MM Uzun Matkap Ucu HSS DIN340 GT100 ERİC;ERİC;Matkap ve Freze>Matkap Uçları>HSS Matkap Uçları;245;12.05;USD;572.65;20;https://raw.githubusercontent.com/dumanonur42-rgb/ticimax-stok/main/gorseller/10%2C5%20MM%20Uzun%20Matkap%20Ucu%20HSS%20DIN340%20GT100%20ER%C4%B0C%20-%20TGT340105.jpg;https://talhateknik.diaeticaret.com/10-5mm-uzun-matkap-ucu-hss-din340-gt100-eric-p5979
T3380106CO;10,6 MM Altın Seri Matkap Ucu HSS DİN338 ERİC;ERİC;Matkap ve Freze>Matkap Uçları>HSS Matkap Uçları;55;11.5;USD;546.51;20;https://raw.githubusercontent.com/dumanonur42-rgb/ticimax-stok/main/gorseller/10%2C6%20MM%20Alt%C4%B1n%20Seri%20Matkap%20Ucu%20HSS%20D%C4%B0N338%20ER%C4%B0C%20-%20T3380106CO.jpg;https://talhateknik.diaeticaret.com/10-6mm-altin-seri-matkap-ucu-hss-din338-eric-p5869
T3380106F;10,6 MM Fully Ground Matkap Ucu HSS DİN338 ERİC;ERİC;Matkap ve Freze>Matkap Uçları>HSS Matkap Uçları;195;6.65;USD;316.03;20;https://raw.githubusercontent.com/dumanonur42-rgb/ticimax-stok/main/gorseller/10%2C6%20MM%20Fully%20Ground%20Matkap%20Ucu%20HSS%20D%C4%B0N338%20ER%C4%B0C%20-%20T3380106F.jpg;https://talhateknik.diaeticaret.com/10-6mm-fully-ground-matkap-ucu-hss-din338-eric-p5749
T3380107CO;10,7 MM Altın Seri Matkap Ucu HSS DİN338 ERİC;ERİC;Matkap ve Freze>Matkap Uçları>HSS Matkap Uçları;25;11.5;USD;546.51;20;https://raw.githubusercontent.com/dumanonur42-rgb/ticimax-stok/main/gorseller/10%2C7%20MM%20Alt%C4%B1n%20Seri%20Matkap%20Ucu%20HSS%20D%C4%B0N338%20ER%C4%B0C%20-%20T3380107CO.jpg;https://talhateknik.diaeticaret.com/10-7mm-altin-seri-matkap-ucu-hss-din338-eric-p5870
T3380107F;10,7 MM Fully Ground Matkap Ucu HSS DİN338 ERİC;ERİC;Matkap ve Freze>Matkap Uçları>HSS Matkap Uçları;160;6.65;USD;316.03;20;https://raw.githubusercontent.com/dumanonur42-rgb/ticimax-stok/main/gorseller/10%2C7%20MM%20Fully%20Ground%20Matkap%20Ucu%20HSS%20D%C4%B0N338%20ER%C4%B0C%20-%20T3380107F.jpg;https://talhateknik.diaeticaret.com/10-7mm-fully-ground-matkap-ucu-hss-din338-eric-p5750
T3380108CO;10,8 MM Altın Seri Matkap Ucu HSS DİN338 ERİC;ERİC;Matkap ve Freze>Matkap Uçları>HSS Matkap Uçları;90;11.5;USD;546.51;20;https://raw.githubusercontent.com/dumanonur42-rgb/ticimax-stok/main/gorseller/10%2C8%20MM%20Alt%C4%B1n%20Seri%20Matkap%20Ucu%20HSS%20D%C4%B0N338%20ER%C4%B0C%20-%20T3380108CO.jpg;https://talhateknik.diaeticaret.com/10-8mm-altin-seri-matkap-ucu-hss-din338-eric-p5871
T3380108F;10,8 MM Fully Ground Matkap Ucu HSS DİN338 ERİC;ERİC;Matkap ve Freze>Matkap Uçları>HSS Matkap Uçları;160;6.65;USD;316.03;20;https://raw.githubusercontent.com/dumanonur42-rgb/ticimax-stok/main/gorseller/10%2C8%20MM%20Fully%20Ground%20Matkap%20Ucu%20HSS%20D%C4%B0N338%20ER%C4%B0C%20-%20T3380108F.jpg;https://talhateknik.diaeticaret.com/10-8mm-fully-ground-matkap-ucu-hss-din338-eric-p5751
T3380109CO;10,9 MM Altın Seri Matkap Ucu HSS DİN338 ERİC;ERİC;Matkap ve Freze>Matkap Uçları>HSS Matkap Uçları;65;11.5;USD;546.51;20;https://raw.githubusercontent.com/dumanonur42-rgb/ticimax-stok/main/gorseller/10%2C9%20MM%20Alt%C4%B1n%20Seri%20Matkap%20Ucu%20HSS%20D%C4%B0N338%20ER%C4%B0C%20-%20T3380109CO.jpg;https://talhateknik.diaeticaret.com/10-9mm-altin-seri-matkap-ucu-hss-din338-eric-p5872
T3380109F;10,9 MM Fully Ground Matkap Ucu HSS DİN338 ERİC;ERİC;Matkap ve Freze>Matkap Uçları>HSS Matkap Uçları;190;6.65;USD;316.03;20;https://raw.githubusercontent.com/dumanonur42-rgb/ticimax-stok/main/gorseller/10%2C9%20MM%20Fully%20Ground%20Matkap%20Ucu%20HSS%20D%C4%B0N338%20ER%C4%B0C%20-%20T3380109F.jpg;https://talhateknik.diaeticaret.com/10-9mm-fully-ground-matkap-ucu-hss-din338-eric-p5752
T3380100CO;10 MM Altın Seri Matkap Ucu HSS DİN338 ERİC;ERİC;Matkap ve Freze>Matkap Uçları>HSS Matkap Uçları;1720;8.65;USD;411.07;20;https://raw.githubusercontent.com/dumanonur42-rgb/ticimax-stok/main/gorseller/10%20MM%20Alt%C4%B1n%20Seri%20Matkap%20Ucu%20HSS%20D%C4%B0N338%20ER%C4%B0C%20-%20T3380100CO.jpg;https://talhateknik.diaeticaret.com/10mm-altin-seri-matkap-ucu-hss-din338-eric-p2869
T3380100F;10 MM Fully Ground Matkap Ucu HSS DİN338 ERİC;ERİC;Matkap ve Freze>Matkap Uçları>HSS Matkap Uçları;2010;5.1;USD;242.37;20;https://raw.githubusercontent.com/dumanonur42-rgb/ticimax-stok/main/gorseller/10%20MM%20Fully%20Ground%20Matkap%20Ucu%20HSS%20D%C4%B0N338%20ER%C4%B0C%20-%20T3380100F.jpg;https://talhateknik.diaeticaret.com/10mm-fully-ground-matkap-ucu-hss-din338-eric-p2828
TGT340100;10 MM Uzun Matkap Ucu HSS DIN340 GT100 ERİC;ERİC;Matkap ve Freze>Matkap Uçları>HSS Matkap Uçları;205;10.57;USD;502.32;20;https://raw.githubusercontent.com/dumanonur42-rgb/ticimax-stok/main/gorseller/10%20MM%20Uzun%20Matkap%20Ucu%20HSS%20DIN340%20GT100%20ER%C4%B0C%20-%20TGT340100.jpg;https://talhateknik.diaeticaret.com/10mm-uzun-matkap-ucu-hss-din340-gt100-eric-p5978
T3380111CO;11,1 MM Altın Seri Matkap Ucu HSS DİN338 ERİC;ERİC;Matkap ve Freze>Matkap Uçları>HSS Matkap Uçları;50;11.96;USD;568.37;20;https://raw.githubusercontent.com/dumanonur42-rgb/ticimax-stok/main/gorseller/11%2C1%20MM%20Alt%C4%B1n%20Seri%20Matkap%20Ucu%20HSS%20D%C4%B0N338%20ER%C4%B0C%20-%20T3380111CO.jpg;https://talhateknik.diaeticaret.com/11-1mm-altin-seri-matkap-ucu-hss-din338-eric-p5873
T3380111F;11,1 MM Fully Ground Matkap Ucu HSS DİN338 ERİC;ERİC;Matkap ve Freze>Matkap Uçları>HSS Matkap Uçları;90;7.2;USD;342.16;20;https://raw.githubusercontent.com/dumanonur42-rgb/ticimax-stok/main/gorseller/11%2C1%20MM%20Fully%20Ground%20Matkap%20Ucu%20HSS%20D%C4%B0N338%20ER%C4%B0C%20-%20T3380111F.jpg;https://talhateknik.diaeticaret.com/11-1mm-fully-ground-matkap-ucu-hss-din338-eric-p5753
T3380112CO;11,2 MM Altın Seri Matkap Ucu HSS DİN338 ERİC;ERİC;Matkap ve Freze>Matkap Uçları>HSS Matkap Uçları;0;11.96;USD;568.37;20;https://raw.githubusercontent.com/dumanonur42-rgb/ticimax-stok/main/gorseller/11%2C2%20MM%20Alt%C4%B1n%20Seri%20Matkap%20Ucu%20HSS%20D%C4%B0N338%20ER%C4%B0C%20-%20T3380112CO.jpg;https://talhateknik.diaeticaret.com/11-2mm-altin-seri-matkap-ucu-hss-din338-eric-p5874
T3380112F;11,2 MM Fully Ground Matkap Ucu HSS DİN338 ERİC;ERİC;Matkap ve Freze>Matkap Uçları>HSS Matkap Uçları;85;7.2;USD;342.16;20;https://raw.githubusercontent.com/dumanonur42-rgb/ticimax-stok/main/gorseller/11%2C2%20MM%20Fully%20Ground%20Matkap%20Ucu%20HSS%20D%C4%B0N338%20ER%C4%B0C%20-%20T3380112F.jpg;https://talhateknik.diaeticaret.com/11-2mm-fully-ground-matkap-ucu-hss-din338-eric-p5754
T3380113CO;11,3 MM Altın Seri Matkap Ucu HSS DİN338 ERİC;ERİC;Matkap ve Freze>Matkap Uçları>HSS Matkap Uçları;75;11.96;USD;568.37;20;https://raw.githubusercontent.com/dumanonur42-rgb/ticimax-stok/main/gorseller/11%2C3%20MM%20Alt%C4%B1n%20Seri%20Matkap%20Ucu%20HSS%20D%C4%B0N338%20ER%C4%B0C%20-%20T3380113CO.jpg;https://talhateknik.diaeticaret.com/11-3mm-altin-seri-matkap-ucu-hss-din338-eric-p5875
T3380113F;11,3 MM Fully Ground Matkap Ucu HSS DİN338 ERİC;ERİC;Matkap ve Freze>Matkap Uçları>HSS Matkap Uçları;85;7.2;USD;342.16;20;https://raw.githubusercontent.com/dumanonur42-rgb/ticimax-stok/main/gorseller/11%2C3%20MM%20Fully%20Ground%20Matkap%20Ucu%20HSS%20D%C4%B0N338%20ER%C4%B0C%20-%20T3380113F.jpg;https://talhateknik.diaeticaret.com/11-3mm-fully-ground-matkap-ucu-hss-din338-eric-p5755
T3380114CO;11,4 MM Altın Seri Matkap Ucu HSS DİN338 ERİC;ERİC;Matkap ve Freze>Matkap Uçları>HSS Matkap Uçları;90;11.96;USD;568.37;20;https://raw.githubusercontent.com/dumanonur42-rgb/ticimax-stok/main/gorseller/11%2C4%20MM%20Alt%C4%B1n%20Seri%20Matkap%20Ucu%20HSS%20D%C4%B0N338%20ER%C4%B0C%20-%20T3380114CO.jpg;https://talhateknik.diaeticaret.com/11-4mm-altin-seri-matkap-ucu-hss-din338-eric-p5876
T3380114F;11,4 MM Fully Ground Matkap Ucu HSS DİN338 ERİC;ERİC;Matkap ve Freze>Matkap Uçları>HSS Matkap Uçları;90;7.2;USD;342.16;20;https://raw.githubusercontent.com/dumanonur42-rgb/ticimax-stok/main/gorseller/11%2C4%20MM%20Fully%20Ground%20Matkap%20Ucu%20HSS%20D%C4%B0N338%20ER%C4%B0C%20-%20T3380114F.jpg;https://talhateknik.diaeticaret.com/11-4mm-fully-ground-matkap-ucu-hss-din338-eric-p5756
T3380115CO;11,5 MM Altın Seri Matkap Ucu HSS DİN338 ERİC;ERİC;Matkap ve Freze>Matkap Uçları>HSS Matkap Uçları;370;11.96;USD;568.37;20;https://raw.githubusercontent.com/dumanonur42-rgb/ticimax-stok/main/gorseller/11%2C5%20MM%20Alt%C4%B1n%20Seri%20Matkap%20Ucu%20HSS%20D%C4%B0N338%20ER%C4%B0C%20-%20T3380115CO.jpg;https://talhateknik.diaeticaret.com/11-5mm-altin-seri-matkap-ucu-hss-din338-eric-p2873
T3380115F;11,5 MM Fully Ground Matkap Ucu HSS DİN338 ERİC;ERİC;Matkap ve Freze>Matkap Uçları>HSS Matkap Uçları;940;7.2;USD;342.16;20;https://raw.githubusercontent.com/dumanonur42-rgb/ticimax-stok/main/gorseller/11%2C5%20MM%20Fully%20Ground%20Matkap%20Ucu%20HSS%20D%C4%B0N338%20ER%C4%B0C%20-%20T3380115F.jpg;https://talhateknik.diaeticaret.com/11-5mm-fully-ground-matkap-ucu-hss-din338-eric-p2831
TGT340115;11,5 MM Uzun Matkap Ucu HSS DIN340 GT100 ERİC;ERİC;Matkap ve Freze>Matkap Uçları>HSS Matkap Uçları;80;15.0;USD;712.84;20;https://raw.githubusercontent.com/dumanonur42-rgb/ticimax-stok/main/gorseller/11%2C5%20MM%20Uzun%20Matkap%20Ucu%20HSS%20DIN340%20GT100%20ER%C4%B0C%20-%20TGT340115.jpg;https://talhateknik.diaeticaret.com/11-5mm-uzun-matkap-ucu-hss-din340-gt100-eric-p5981
T3380116CO;11,6 MM Altın Seri Matkap Ucu HSS DİN338 ERİC;ERİC;Matkap ve Freze>Matkap Uçları>HSS Matkap Uçları;90;14.0;USD;665.32;20;https://raw.githubusercontent.com/dumanonur42-rgb/ticimax-stok/main/gorseller/11%2C6%20MM%20Alt%C4%B1n%20Seri%20Matkap%20Ucu%20HSS%20D%C4%B0N338%20ER%C4%B0C%20-%20T3380116CO.jpg;https://talhateknik.diaeticaret.com/11-6mm-altin-seri-matkap-ucu-hss-din338-eric-p5877
T3380116F;11,6 MM Fully Ground Matkap Ucu HSS DİN338 ERİC;ERİC;Matkap ve Freze>Matkap Uçları>HSS Matkap Uçları;85;8.15;USD;387.31;20;https://raw.githubusercontent.com/dumanonur42-rgb/ticimax-stok/main/gorseller/11%2C6%20MM%20Fully%20Ground%20Matkap%20Ucu%20HSS%20D%C4%B0N338%20ER%C4%B0C%20-%20T3380116F.jpg;https://talhateknik.diaeticaret.com/11-6mm-fully-ground-matkap-ucu-hss-din338-eric-p5757
T3380117CO;11,7 MM Altın Seri Matkap Ucu HSS DİN338 ERİC;ERİC;Matkap ve Freze>Matkap Uçları>HSS Matkap Uçları;40;14.0;USD;665.32;20;https://raw.githubusercontent.com/dumanonur42-rgb/ticimax-stok/main/gorseller/11%2C7%20MM%20Alt%C4%B1n%20Seri%20Matkap%20Ucu%20HSS%20D%C4%B0N338%20ER%C4%B0C%20-%20T3380117CO.jpg;https://talhateknik.diaeticaret.com/11-7mm-altin-seri-matkap-ucu-hss-din338-eric-p5878
T3380117F;11,7 MM Fully Ground Matkap Ucu HSS DİN338 ERİC;ERİC;Matkap ve Freze>Matkap Uçları>HSS Matkap Uçları;70;8.15;USD;387.31;20;https://raw.githubusercontent.com/dumanonur42-rgb/ticimax-stok/main/gorseller/11%2C7%20MM%20Fully%20Ground%20Matkap%20Ucu%20HSS%20D%C4%B0N338%20ER%C4%B0C%20-%20T3380117F.jpg;https://talhateknik.diaeticaret.com/11-7mm-fully-ground-matkap-ucu-hss-din338-eric-p5758
T3380118CO;11,8 MM Altın Seri Matkap Ucu HSS DİN338 ERİC;ERİC;Matkap ve Freze>Matkap Uçları>HSS Matkap Uçları;30;14.0;USD;665.32;20;https://raw.githubusercontent.com/dumanonur42-rgb/ticimax-stok/main/gorseller/11%2C8%20MM%20Alt%C4%B1n%20Seri%20Matkap%20Ucu%20HSS%20D%C4%B0N338%20ER%C4%B0C%20-%20T3380118CO.jpg;https://talhateknik.diaeticaret.com/11-8mm-altin-seri-matkap-ucu-hss-din338-eric-p5879
T3380118F;11,8 MM Fully Ground Matkap Ucu HSS DİN338 ERİC;ERİC;Matkap ve Freze>Matkap Uçları>HSS Matkap Uçları;0;8.15;USD;387.31;20;https://raw.githubusercontent.com/dumanonur42-rgb/ticimax-stok/main/gorseller/11%2C8%20MM%20Fully%20Ground%20Matkap%20Ucu%20HSS%20D%C4%B0N338%20ER%C4%B0C%20-%20T3380118F.jpg;https://talhateknik.diaeticaret.com/11-8mm-fully-ground-matkap-ucu-hss-din338-eric-p5759
T3380119CO;11,9 MM Altın Seri Matkap Ucu HSS DİN338 ERİC;ERİC;Matkap ve Freze>Matkap Uçları>HSS Matkap Uçları;60;14.0;USD;665.32;20;https://raw.githubusercontent.com/dumanonur42-rgb/ticimax-stok/main/gorseller/11%2C9%20MM%20Alt%C4%B1n%20Seri%20Matkap%20Ucu%20HSS%20D%C4%B0N338%20ER%C4%B0C%20-%20T3380119CO.jpg;https://talhateknik.diaeticaret.com/11-9mm-altin-seri-matkap-ucu-hss-din338-eric-p5880
T3380119F;11,9 MM Fully Ground Matkap Ucu HSS DİN338 ERİC;ERİC;Matkap ve Freze>Matkap Uçları>HSS Matkap Uçları;90;8.15;USD;387.31;20;https://raw.githubusercontent.com/dumanonur42-rgb/ticimax-stok/main/gorseller/11%2C9%20MM%20Fully%20Ground%20Matkap%20Ucu%20HSS%20D%C4%B0N338%20ER%C4%B0C%20-%20T3380119F.jpg;https://talhateknik.diaeticaret.com/11-9mm-fully-ground-matkap-ucu-hss-din338-eric-p5760
T3380110CO;11 MM Altın Seri Matkap Ucu HSS DİN338 ERİC;ERİC;Matkap ve Freze>Matkap Uçları>HSS Matkap Uçları;540;11.5;USD;546.51;20;https://raw.githubusercontent.com/dumanonur42-rgb/ticimax-stok/main/gorseller/11%20MM%20Alt%C4%B1n%20Seri%20Matkap%20Ucu%20HSS%20D%C4%B0N338%20ER%C4%B0C%20-%20T3380110CO.jpg;https://talhateknik.diaeticaret.com/11mm-altin-seri-matkap-ucu-hss-din338-eric-p2872
T3380110F;11 MM Fully Ground Matkap Ucu HSS DİN338 ERİC;ERİC;Matkap ve Freze>Matkap Uçları>HSS Matkap Uçları;1005;6.65;USD;316.03;20;https://raw.githubusercontent.com/dumanonur42-rgb/ticimax-stok/main/gorseller/11%20MM%20Fully%20Ground%20Matkap%20Ucu%20HSS%20D%C4%B0N338%20ER%C4%B0C%20-%20T3380110F.jpg;https://talhateknik.diaeticaret.com/11mm-fully-ground-matkap-ucu-hss-din338-eric-p2830
TGT340110;11 MM Uzun Matkap Ucu HSS DIN340 GT100 ERİC;ERİC;Matkap ve Freze>Matkap Uçları>HSS Matkap Uçları;185;13.92;USD;661.52;20;https://raw.githubusercontent.com/dumanonur42-rgb/ticimax-stok/main/gorseller/11%20MM%20Uzun%20Matkap%20Ucu%20HSS%20DIN340%20GT100%20ER%C4%B0C%20-%20TGT340110.jpg;https://talhateknik.diaeticaret.com/11mm-uzun-matkap-ucu-hss-din340-gt100-eric-p5980
T3380121CO;12,1 MM Altın Seri Matkap Ucu HSS DİN338 ERİC;ERİC;Matkap ve Freze>Matkap Uçları>HSS Matkap Uçları;55;14.73;USD;700.01;20;https://raw.githubusercontent.com/dumanonur42-rgb/ticimax-stok/main/gorseller/12%2C1%20MM%20Alt%C4%B1n%20Seri%20Matkap%20Ucu%20HSS%20D%C4%B0N338%20ER%C4%B0C%20-%20T3380121CO.jpg;https://talhateknik.diaeticaret.com/12-1mm-altin-seri-matkap-ucu-hss-din338-eric-p5881
T3380121F;12,1 MM Fully Ground Matkap Ucu HSS DİN338 ERİC;ERİC;Matkap ve Freze>Matkap Uçları>HSS Matkap Uçları;115;8.65;USD;411.07;20;https://raw.githubusercontent.com/dumanonur42-rgb/ticimax-stok/main/gorseller/12%2C1%20MM%20Fully%20Ground%20Matkap%20Ucu%20HSS%20D%C4%B0N338%20ER%C4%B0C%20-%20T3380121F.jpg;https://talhateknik.diaeticaret.com/12-1mm-fully-ground-matkap-ucu-hss-din338-eric-p5761
T3380122CO;12,2 MM Altın Seri Matkap Ucu HSS DİN338 ERİC;ERİC;Matkap ve Freze>Matkap Uçları>HSS Matkap Uçları;60;14.73;USD;700.01;20;https://raw.githubusercontent.com/dumanonur42-rgb/ticimax-stok/main/gorseller/12%2C2%20MM%20Alt%C4%B1n%20Seri%20Matkap%20Ucu%20HSS%20D%C4%B0N338%20ER%C4%B0C%20-%20T3380122CO.jpg;https://talhateknik.diaeticaret.com/12-2mm-altin-seri-matkap-ucu-hss-din338-eric-p5882
T3380122F;12,2 MM Fully Ground Matkap Ucu HSS DİN338 ERİC;ERİC;Matkap ve Freze>Matkap Uçları>HSS Matkap Uçları;105;8.65;USD;411.07;20;https://raw.githubusercontent.com/dumanonur42-rgb/ticimax-stok/main/gorseller/12%2C2%20MM%20Fully%20Ground%20Matkap%20Ucu%20HSS%20D%C4%B0N338%20ER%C4%B0C%20-%20T3380122F.jpg;https://talhateknik.diaeticaret.com/12-2mm-fully-ground-matkap-ucu-hss-din338-eric-p5762
T3380123CO;12,3 MM Altın Seri Matkap Ucu HSS DİN338 ERİC;ERİC;Matkap ve Freze>Matkap Uçları>HSS Matkap Uçları;60;14.73;USD;700.01;20;https://raw.githubusercontent.com/dumanonur42-rgb/ticimax-stok/main/gorseller/12%2C3%20MM%20Alt%C4%B1n%20Seri%20Matkap%20Ucu%20HSS%20D%C4%B0N338%20ER%C4%B0C%20-%20T3380123CO.jpg;https://talhateknik.diaeticaret.com/12-3mm-altin-seri-matkap-ucu-hss-din338-eric-p5883
T3380123F;12,3 MM Fully Ground Matkap Ucu HSS DİN338 ERİC;ERİC;Matkap ve Freze>Matkap Uçları>HSS Matkap Uçları;125;8.65;USD;411.07;20;https://raw.githubusercontent.com/dumanonur42-rgb/ticimax-stok/main/gorseller/12%2C3%20MM%20Fully%20Ground%20Matkap%20Ucu%20HSS%20D%C4%B0N338%20ER%C4%B0C%20-%20T3380123F.jpg;https://talhateknik.diaeticaret.com/12-3mm-fully-ground-matkap-ucu-hss-din338-eric-p5763
T3380124CO;12,4 MM Altın Seri Matkap Ucu HSS DİN338 ERİC;ERİC;Matkap ve Freze>Matkap Uçları>HSS Matkap Uçları;105;14.73;USD;700.01;20;https://raw.githubusercontent.com/dumanonur42-rgb/ticimax-stok/main/gorseller/12%2C4%20MM%20Alt%C4%B1n%20Seri%20Matkap%20Ucu%20HSS%20D%C4%B0N338%20ER%C4%B0C%20-%20T3380124CO.jpg;https://talhateknik.diaeticaret.com/12-4mm-altin-seri-matkap-ucu-hss-din338-eric-p5884
T3380124F;12,4 MM Fully Ground Matkap Ucu HSS DİN338 ERİC;ERİC;Matkap ve Freze>Matkap Uçları>HSS Matkap Uçları;135;8.65;USD;411.07;20;https://raw.githubusercontent.com/dumanonur42-rgb/ticimax-stok/main/gorseller/12%2C4%20MM%20Fully%20Ground%20Matkap%20Ucu%20HSS%20D%C4%B0N338%20ER%C4%B0C%20-%20T3380124F.jpg;https://talhateknik.diaeticaret.com/12-4mm-fully-ground-matkap-ucu-hss-din338-eric-p5764
T3380125CO;12,5 MM Altın Seri Matkap Ucu HSS DİN338 ERİC;ERİC;Matkap ve Freze>Matkap Uçları>HSS Matkap Uçları;470;14.73;USD;700.01;20;https://raw.githubusercontent.com/dumanonur42-rgb/ticimax-stok/main/gorseller/12%2C5%20MM%20Alt%C4%B1n%20Seri%20Matkap%20Ucu%20HSS%20D%C4%B0N338%20ER%C4%B0C%20-%20T3380125CO.jpg;https://talhateknik.diaeticaret.com/12-5mm-altin-seri-matkap-ucu-hss-din338-eric-p2875
T3380125F;12,5 MM Fully Ground Matkap Ucu HSS DİN338 ERİC;ERİC;Matkap ve Freze>Matkap Uçları>HSS Matkap Uçları;570;8.65;USD;411.07;20;https://raw.githubusercontent.com/dumanonur42-rgb/ticimax-stok/main/gorseller/12%2C5%20MM%20Fully%20Ground%20Matkap%20Ucu%20HSS%20D%C4%B0N338%20ER%C4%B0C%20-%20T3380125F.jpg;https://talhateknik.diaeticaret.com/12-5mm-fully-ground-matkap-ucu-hss-din338-eric-p2833
TGT340125;12,5 MM Uzun Matkap Ucu HSS DIN340 GT100 ERİC;ERİC;Matkap ve Freze>Matkap Uçları>HSS Matkap Uçları;75;18.56;USD;882.03;20;https://raw.githubusercontent.com/dumanonur42-rgb/ticimax-stok/main/gorseller/12%2C5%20MM%20Uzun%20Matkap%20Ucu%20HSS%20DIN340%20GT100%20ER%C4%B0C%20-%20TGT340125.jpg;https://talhateknik.diaeticaret.com/12-5mm-uzun-matkap-ucu-hss-din340-gt100-eric-p5983
T3380126CO;12,6 MM Altın Seri Matkap Ucu HSS DİN338 ERİC;ERİC;Matkap ve Freze>Matkap Uçları>HSS Matkap Uçları;25;15.6;USD;741.36;20;https://raw.githubusercontent.com/dumanonur42-rgb/ticimax-stok/main/gorseller/12%2C6%20MM%20Alt%C4%B1n%20Seri%20Matkap%20Ucu%20HSS%20D%C4%B0N338%20ER%C4%B0C%20-%20T3380126CO.jpg;https://talhateknik.diaeticaret.com/12-6mm-altin-seri-matkap-ucu-hss-din338-eric-p5885
T3380126F;12,6 MM Fully Ground Matkap Ucu HSS DİN338 ERİC;ERİC;Matkap ve Freze>Matkap Uçları>HSS Matkap Uçları;95;9.35;USD;444.34;20;https://raw.githubusercontent.com/dumanonur42-rgb/ticimax-stok/main/gorseller/12%2C6%20MM%20Fully%20Ground%20Matkap%20Ucu%20HSS%20D%C4%B0N338%20ER%C4%B0C%20-%20T3380126F.jpg;https://talhateknik.diaeticaret.com/12-6mm-fully-ground-matkap-ucu-hss-din338-eric-p5765
T3380127CO;12,7 MM Altın Seri Matkap Ucu HSS DİN338 ERİC;ERİC;Matkap ve Freze>Matkap Uçları>HSS Matkap Uçları;65;15.6;USD;741.36;20;https://raw.githubusercontent.com/dumanonur42-rgb/ticimax-stok/main/gorseller/12%2C7%20MM%20Alt%C4%B1n%20Seri%20Matkap%20Ucu%20HSS%20D%C4%B0N338%20ER%C4%B0C%20-%20T3380127CO.jpg;https://talhateknik.diaeticaret.com/12-7mm-altin-seri-matkap-ucu-hss-din338-eric-p5886
T3380127F;12,7 MM Fully Ground Matkap Ucu HSS DİN338 ERİC;ERİC;Matkap ve Freze>Matkap Uçları>HSS Matkap Uçları;95;9.35;USD;444.34;20;https://raw.githubusercontent.com/dumanonur42-rgb/ticimax-stok/main/gorseller/12%2C7%20MM%20Fully%20Ground%20Matkap%20Ucu%20HSS%20D%C4%B0N338%20ER%C4%B0C%20-%20T3380127F.jpg;https://talhateknik.diaeticaret.com/12-7mm-fully-ground-matkap-ucu-hss-din338-eric-p5766
T3380128CO;12,8 MM Altın Seri Matkap Ucu HSS DİN338 ERİC;ERİC;Matkap ve Freze>Matkap Uçları>HSS Matkap Uçları;65;15.6;USD;741.36;20;https://raw.githubusercontent.com/dumanonur42-rgb/ticimax-stok/main/gorseller/12%2C8%20MM%20Alt%C4%B1n%20Seri%20Matkap%20Ucu%20HSS%20D%C4%B0N338%20ER%C4%B0C%20-%20T3380128CO.jpg;https://talhateknik.diaeticaret.com/12-8mm-altin-seri-matkap-ucu-hss-din338-eric-p5887
T3380128F;12,8 MM Fully Ground Matkap Ucu HSS DİN338 ERİC;ERİC;Matkap ve Freze>Matkap Uçları>HSS Matkap Uçları;45;9.35;USD;444.34;20;https://raw.githubusercontent.com/dumanonur42-rgb/ticimax-stok/main/gorseller/12%2C8%20MM%20Fully%20Ground%20Matkap%20Ucu%20HSS%20D%C4%B0N338%20ER%C4%B0C%20-%20T3380128F.jpg;https://talhateknik.diaeticaret.com/12-8mm-fully-ground-matkap-ucu-hss-din338-eric-p5767
T3380129CO;12,9 MM Altın Seri Matkap Ucu HSS DİN338 ERİC;ERİC;Matkap ve Freze>Matkap Uçları>HSS Matkap Uçları;75;15.6;USD;741.36;20;https://raw.githubusercontent.com/dumanonur42-rgb/ticimax-stok/main/gorseller/12%2C9%20MM%20Alt%C4%B1n%20Seri%20Matkap%20Ucu%20HSS%20D%C4%B0N338%20ER%C4%B0C%20-%20T3380129CO.jpg;https://talhateknik.diaeticaret.com/12-9mm-altin-seri-matkap-ucu-hss-din338-eric-p5888
T3380129F;12,9 MM Fully Ground Matkap Ucu HSS DİN338 ERİC;ERİC;Matkap ve Freze>Matkap Uçları>HSS Matkap Uçları;80;9.35;USD;444.34;20;https://raw.githubusercontent.com/dumanonur42-rgb/ticimax-stok/main/gorseller/12%2C9%20MM%20Fully%20Ground%20Matkap%20Ucu%20HSS%20D%C4%B0N338%20ER%C4%B0C%20-%20T3380129F.jpg;https://talhateknik.diaeticaret.com/12-9mm-fully-ground-matkap-ucu-hss-din338-eric-p5768
T3380120CO;12 MM Altın Seri Matkap Ucu HSS DİN338 ERİC;ERİC;Matkap ve Freze>Matkap Uçları>HSS Matkap Uçları;1275;14.0;USD;665.32;20;https://raw.githubusercontent.com/dumanonur42-rgb/ticimax-stok/main/gorseller/12%20MM%20Alt%C4%B1n%20Seri%20Matkap%20Ucu%20HSS%20D%C4%B0N338%20ER%C4%B0C%20-%20T3380120CO.jpg;https://talhateknik.diaeticaret.com/12mm-altin-seri-matkap-ucu-hss-din338-eric-p2874
T3380120F;12 MM Fully Ground Matkap Ucu HSS DİN338 ERİC;ERİC;Matkap ve Freze>Matkap Uçları>HSS Matkap Uçları;610;8.15;USD;387.31;20;https://raw.githubusercontent.com/dumanonur42-rgb/ticimax-stok/main/gorseller/12%20MM%20Fully%20Ground%20Matkap%20Ucu%20HSS%20D%C4%B0N338%20ER%C4%B0C%20-%20T3380120F.jpg;https://talhateknik.diaeticaret.com/12mm-fully-ground-matkap-ucu-hss-din338-eric-p2832
TGT340120;12 MM Uzun Matkap Ucu HSS DIN340 GT100 ERİC;ERİC;Matkap ve Freze>Matkap Uçları>HSS Matkap Uçları;165;17.11;USD;813.12;20;https://raw.githubusercontent.com/dumanonur42-rgb/ticimax-stok/main/gorseller/12%20MM%20Uzun%20Matkap%20Ucu%20HSS%20DIN340%20GT100%20ER%C4%B0C%20-%20TGT340120.jpg;https://talhateknik.diaeticaret.com/12mm-uzun-matkap-ucu-hss-din340-gt100-eric-p5982
T3380131CO;13,1 MM Altın Seri Matkap Ucu HSS DİN338 ERİC;ERİC;Matkap ve Freze>Matkap Uçları>HSS Matkap Uçları;40;22.79;USD;1083.05;20;https://raw.githubusercontent.com/dumanonur42-rgb/ticimax-stok/main/gorseller/13%2C1%20MM%20Alt%C4%B1n%20Seri%20Matkap%20Ucu%20HSS%20D%C4%B0N338%20ER%C4%B0C%20-%20T3380131CO.jpg;https://talhateknik.diaeticaret.com/13-1mm-altin-seri-matkap-ucu-hss-din338-eric-p5889
T3380131F;13,1 MM Fully Ground Matkap Ucu HSS DİN338 ERİC;ERİC;Matkap ve Freze>Matkap Uçları>HSS Matkap Uçları;39;11.8;USD;560.77;20;https://raw.githubusercontent.com/dumanonur42-rgb/ticimax-stok/main/gorseller/13%2C1%20MM%20Fully%20Ground%20Matkap%20Ucu%20HSS%20D%C4%B0N338%20ER%C4%B0C%20-%20T3380131F.jpg;https://talhateknik.diaeticaret.com/13-1mm-fully-ground-matkap-ucu-hss-din338-eric-p5769
T3380132CO;13,2 MM Altın Seri Matkap Ucu HSS DİN338 ERİC;ERİC;Matkap ve Freze>Matkap Uçları>HSS Matkap Uçları;55;22.79;USD;1083.05;20;https://raw.githubusercontent.com/dumanonur42-rgb/ticimax-stok/main/gorseller/13%2C2%20MM%20Alt%C4%B1n%20Seri%20Matkap%20Ucu%20HSS%20D%C4%B0N338%20ER%C4%B0C%20-%20T3380132CO.jpg;https://talhateknik.diaeticaret.com/13-2mm-altin-seri-matkap-ucu-hss-din338-eric-p5890
T3380132F;13,2 MM Fully Ground Matkap Ucu HSS DİN338 ERİC;ERİC;Matkap ve Freze>Matkap Uçları>HSS Matkap Uçları;87;11.8;USD;560.77;20;https://raw.githubusercontent.com/dumanonur42-rgb/ticimax-stok/main/gorseller/13%2C2%20MM%20Fully%20Ground%20Matkap%20Ucu%20HSS%20D%C4%B0N338%20ER%C4%B0C%20-%20T3380132F.jpg;https://talhateknik.diaeticaret.com/13-2mm-fully-ground-matkap-ucu-hss-din338-eric-p5770
T3380133CO;13,3 MM Altın Seri Matkap Ucu HSS DİN338 ERİC;ERİC;Matkap ve Freze>Matkap Uçları>HSS Matkap Uçları;34;22.79;USD;1083.05;20;https://raw.githubusercontent.com/dumanonur42-rgb/ticimax-stok/main/gorseller/13%2C3%20MM%20Alt%C4%B1n%20Seri%20Matkap%20Ucu%20HSS%20D%C4%B0N338%20ER%C4%B0C%20-%20T3380133CO.jpg;https://talhateknik.diaeticaret.com/13-3mm-altin-seri-matkap-ucu-hss-din338-eric-p5891
T3380133F;13,3 MM Fully Ground Matkap Ucu HSS DİN338 ERİC;ERİC;Matkap ve Freze>Matkap Uçları>HSS Matkap Uçları;49;11.8;USD;560.77;20;https://raw.githubusercontent.com/dumanonur42-rgb/ticimax-stok/main/gorseller/13%2C3%20MM%20Fully%20Ground%20Matkap%20Ucu%20HSS%20D%C4%B0N338%20ER%C4%B0C%20-%20T3380133F.jpg;https://talhateknik.diaeticaret.com/13-3mm-fully-ground-matkap-ucu-hss-din338-eric-p5771
T3380134CO;13,4 MM Altın Seri Matkap Ucu HSS DİN338 ERİC;ERİC;Matkap ve Freze>Matkap Uçları>HSS Matkap Uçları;36;22.79;USD;1083.05;20;https://raw.githubusercontent.com/dumanonur42-rgb/ticimax-stok/main/gorseller/13%2C4%20MM%20Alt%C4%B1n%20Seri%20Matkap%20Ucu%20HSS%20D%C4%B0N338%20ER%C4%B0C%20-%20T3380134CO.jpg;https://talhateknik.diaeticaret.com/13-4mm-altin-seri-matkap-ucu-hss-din338-eric-p5892
T3380134F;13,4 MM Fully Ground Matkap Ucu HSS DİN338 ERİC;ERİC;Matkap ve Freze>Matkap Uçları>HSS Matkap Uçları;48;11.8;USD;560.77;20;https://raw.githubusercontent.com/dumanonur42-rgb/ticimax-stok/main/gorseller/13%2C4%20MM%20Fully%20Ground%20Matkap%20Ucu%20HSS%20D%C4%B0N338%20ER%C4%B0C%20-%20T3380134F.jpg;https://talhateknik.diaeticaret.com/13-4mm-fully-ground-matkap-ucu-hss-din338-eric-p5772
T3380135CO;13,5 MM Altın Seri Matkap Ucu HSS DİN338 ERİC;ERİC;Matkap ve Freze>Matkap Uçları>HSS Matkap Uçları;132;22.79;USD;1083.05;20;https://raw.githubusercontent.com/dumanonur42-rgb/ticimax-stok/main/gorseller/13%2C5%20MM%20Alt%C4%B1n%20Seri%20Matkap%20Ucu%20HSS%20D%C4%B0N338%20ER%C4%B0C%20-%20T3380135CO.jpg;https://talhateknik.diaeticaret.com/13-5mm-altin-seri-matkap-ucu-hss-din338-eric-p2877
T3380135F;13,5 MM Fully Ground Matkap Ucu HSS DİN338 ERİC;ERİC;Matkap ve Freze>Matkap Uçları>HSS Matkap Uçları;329;11.8;USD;560.77;20;https://raw.githubusercontent.com/dumanonur42-rgb/ticimax-stok/main/gorseller/13%2C5%20MM%20Fully%20Ground%20Matkap%20Ucu%20HSS%20D%C4%B0N338%20ER%C4%B0C%20-%20T3380135F.jpg;https://talhateknik.diaeticaret.com/13-5mm-fully-ground-matkap-ucu-hss-din338-eric-p2835
TGT340135;13,5 MM Uzun Matkap Ucu HSS DIN340 GT100 ERİC;ERİC;Matkap ve Freze>Matkap Uçları>HSS Matkap Uçları;43;29.7;USD;1411.43;20;https://raw.githubusercontent.com/dumanonur42-rgb/ticimax-stok/main/gorseller/13%2C5%20MM%20Uzun%20Matkap%20Ucu%20HSS%20DIN340%20GT100%20ER%C4%B0C%20-%20TGT340135.jpg;https://talhateknik.diaeticaret.com/13-5mm-uzun-matkap-ucu-hss-din340-gt100-eric-p5985
T3380136CO;13,6 MM Altın Seri Matkap Ucu HSS DİN338 ERİC;ERİC;Matkap ve Freze>Matkap Uçları>HSS Matkap Uçları;40;25.58;USD;1215.64;20;https://raw.githubusercontent.com/dumanonur42-rgb/ticimax-stok/main/gorseller/13%2C6%20MM%20Alt%C4%B1n%20Seri%20Matkap%20Ucu%20HSS%20D%C4%B0N338%20ER%C4%B0C%20-%20T3380136CO.jpg;https://talhateknik.diaeticaret.com/13-6mm-altin-seri-matkap-ucu-hss-din338-eric-p5893
T3380136F;13,6 MM Fully Ground Matkap Ucu HSS DİN338 ERİC;ERİC;Matkap ve Freze>Matkap Uçları>HSS Matkap Uçları;49;12.0;USD;570.27;20;https://raw.githubusercontent.com/dumanonur42-rgb/ticimax-stok/main/gorseller/13%2C6%20MM%20Fully%20Ground%20Matkap%20Ucu%20HSS%20D%C4%B0N338%20ER%C4%B0C%20-%20T3380136F.jpg;https://talhateknik.diaeticaret.com/13-6mm-fully-ground-matkap-ucu-hss-din338-eric-p5773
T3380137CO;13,7 MM Altın Seri Matkap Ucu HSS DİN338 ERİC;ERİC;Matkap ve Freze>Matkap Uçları>HSS Matkap Uçları;41;25.58;USD;1215.64;20;https://raw.githubusercontent.com/dumanonur42-rgb/ticimax-stok/main/gorseller/13%2C7%20MM%20Alt%C4%B1n%20Seri%20Matkap%20Ucu%20HSS%20D%C4%B0N338%20ER%C4%B0C%20-%20T3380137CO.jpg;https://talhateknik.diaeticaret.com/13-7mm-altin-seri-matkap-ucu-hss-din338-eric-p5894
T3380137F;13,7 MM Fully Ground Matkap Ucu HSS DİN338 ERİC;ERİC;Matkap ve Freze>Matkap Uçları>HSS Matkap Uçları;37;12.0;USD;570.27;20;https://raw.githubusercontent.com/dumanonur42-rgb/ticimax-stok/main/gorseller/13%2C7%20MM%20Fully%20Ground%20Matkap%20Ucu%20HSS%20D%C4%B0N338%20ER%C4%B0C%20-%20T3380137F.jpg;https://talhateknik.diaeticaret.com/13-7mm-fully-ground-matkap-ucu-hss-din338-eric-p5774
T3380138CO;13,8 MM Altın Seri Matkap Ucu HSS DİN338 ERİC;ERİC;Matkap ve Freze>Matkap Uçları>HSS Matkap Uçları;70;25.58;USD;1215.64;20;https://raw.githubusercontent.com/dumanonur42-rgb/ticimax-stok/main/gorseller/13%2C8%20MM%20Alt%C4%B1n%20Seri%20Matkap%20Ucu%20HSS%20D%C4%B0N338%20ER%C4%B0C%20-%20T3380138CO.jpg;https://talhateknik.diaeticaret.com/13-8mm-altin-seri-matkap-ucu-hss-din338-eric-p5895
T3380138F;13,8 MM Fully Ground Matkap Ucu HSS DİN338 ERİC;ERİC;Matkap ve Freze>Matkap Uçları>HSS Matkap Uçları;33;12.0;USD;570.27;20;https://raw.githubusercontent.com/dumanonur42-rgb/ticimax-stok/main/gorseller/13%2C8%20MM%20Fully%20Ground%20Matkap%20Ucu%20HSS%20D%C4%B0N338%20ER%C4%B0C%20-%20T3380138F.jpg;https://talhateknik.diaeticaret.com/13-8mm-fully-ground-matkap-ucu-hss-din338-eric-p5775
T3380139CO;13,9 MM Altın Seri Matkap Ucu HSS DİN338 ERİC;ERİC;Matkap ve Freze>Matkap Uçları>HSS Matkap Uçları;39;25.58;USD;1215.64;20;https://raw.githubusercontent.com/dumanonur42-rgb/ticimax-stok/main/gorseller/13%2C9%20MM%20Alt%C4%B1n%20Seri%20Matkap%20Ucu%20HSS%20D%C4%B0N338%20ER%C4%B0C%20-%20T3380139CO.jpg;https://talhateknik.diaeticaret.com/13-9mm-altin-seri-matkap-ucu-hss-din338-eric-p5896
T3380139F;13,9 MM Fully Ground Matkap Ucu HSS DİN338 ERİC;ERİC;Matkap ve Freze>Matkap Uçları>HSS Matkap Uçları;41;12.0;USD;570.27;20;https://raw.githubusercontent.com/dumanonur42-rgb/ticimax-stok/main/gorseller/13%2C9%20MM%20Fully%20Ground%20Matkap%20Ucu%20HSS%20D%C4%B0N338%20ER%C4%B0C%20-%20T3380139F.jpg;https://talhateknik.diaeticaret.com/13-9mm-fully-ground-matkap-ucu-hss-din338-eric-p5776
T3380130CO;13 MM Altın Seri Matkap Ucu HSS DİN338 ERİC;ERİC;Matkap ve Freze>Matkap Uçları>HSS Matkap Uçları;430;15.6;USD;741.36;20;https://raw.githubusercontent.com/dumanonur42-rgb/ticimax-stok/main/gorseller/13%20MM%20Alt%C4%B1n%20Seri%20Matkap%20Ucu%20HSS%20D%C4%B0N338%20ER%C4%B0C%20-%20T3380130CO.jpg;https://talhateknik.diaeticaret.com/13mm-altin-seri-matkap-ucu-hss-din338-eric-p2876
T3380130F;13 MM Fully Ground Matkap Ucu HSS DİN338 ERİC;ERİC;Matkap ve Freze>Matkap Uçları>HSS Matkap Uçları;625;9.35;USD;444.34;20;https://raw.githubusercontent.com/dumanonur42-rgb/ticimax-stok/main/gorseller/13%20MM%20Fully%20Ground%20Matkap%20Ucu%20HSS%20D%C4%B0N338%20ER%C4%B0C%20-%20T3380130F.jpg;https://talhateknik.diaeticaret.com/13mm-fully-ground-matkap-ucu-hss-din338-eric-p2834
TGT340130;13 MM Uzun Matkap Ucu HSS DIN340 GT100 ERİC;ERİC;Matkap ve Freze>Matkap Uçları>HSS Matkap Uçları;265;20.25;USD;962.34;20;https://raw.githubusercontent.com/dumanonur42-rgb/ticimax-stok/main/gorseller/13%20MM%20Uzun%20Matkap%20Ucu%20HSS%20DIN340%20GT100%20ER%C4%B0C%20-%20TGT340130.jpg;https://talhateknik.diaeticaret.com/13mm-uzun-matkap-ucu-hss-din340-gt100-eric-p5984
T3380141CO;14,1 MM Altın Seri Matkap Ucu HSS DİN338 ERİC;ERİC;Matkap ve Freze>Matkap Uçları>HSS Matkap Uçları;32;26.68;USD;1267.91;20;https://raw.githubusercontent.com/dumanonur42-rgb/ticimax-stok/main/gorseller/14%2C1%20MM%20Alt%C4%B1n%20Seri%20Matkap%20Ucu%20HSS%20D%C4%B0N338%20ER%C4%B0C%20-%20T3380141CO.jpg;https://talhateknik.diaeticaret.com/14-1mm-altin-seri-matkap-ucu-hss-din338-eric-p5897
T3380141F;14,1 MM Fully Ground Matkap Ucu HSS DİN338 ERİC;ERİC;Matkap ve Freze>Matkap Uçları>HSS Matkap Uçları;41;14.3;USD;679.58;20;https://raw.githubusercontent.com/dumanonur42-rgb/ticimax-stok/main/gorseller/14%2C1%20MM%20Fully%20Ground%20Matkap%20Ucu%20HSS%20D%C4%B0N338%20ER%C4%B0C%20-%20T3380141F.jpg;https://talhateknik.diaeticaret.com/14-1mm-fully-ground-matkap-ucu-hss-din338-eric-p5777
T3380142CO;14,2 MM Altın Seri Matkap Ucu HSS DİN338 ERİC;ERİC;Matkap ve Freze>Matkap Uçları>HSS Matkap Uçları;45;26.68;USD;1267.91;20;https://raw.githubusercontent.com/dumanonur42-rgb/ticimax-stok/main/gorseller/14%2C2%20MM%20Alt%C4%B1n%20Seri%20Matkap%20Ucu%20HSS%20D%C4%B0N338%20ER%C4%B0C%20-%20T3380142CO.jpg;https://talhateknik.diaeticaret.com/14-2mm-altin-seri-matkap-ucu-hss-din338-eric-p5898
T3380142F;14,2 MM Fully Ground Matkap Ucu HSS DİN338 ERİC;ERİC;Matkap ve Freze>Matkap Uçları>HSS Matkap Uçları;109;14.3;USD;679.58;20;https://raw.githubusercontent.com/dumanonur42-rgb/ticimax-stok/main/gorseller/14%2C2%20MM%20Fully%20Ground%20Matkap%20Ucu%20HSS%20D%C4%B0N338%20ER%C4%B0C%20-%20T3380142F.jpg;https://talhateknik.diaeticaret.com/14-2mm-fully-ground-matkap-ucu-hss-din338-eric-p5778
T3380143CO;14,3 MM Altın Seri Matkap Ucu HSS DİN338 ERİC;ERİC;Matkap ve Freze>Matkap Uçları>HSS Matkap Uçları;29;26.68;USD;1267.91;20;https://raw.githubusercontent.com/dumanonur42-rgb/ticimax-stok/main/gorseller/14%2C3%20MM%20Alt%C4%B1n%20Seri%20Matkap%20Ucu%20HSS%20D%C4%B0N338%20ER%C4%B0C%20-%20T3380143CO.jpg;https://talhateknik.diaeticaret.com/14-3mm-altin-seri-matkap-ucu-hss-din338-eric-p5899
T3380143F;14,3 MM Fully Ground Matkap Ucu HSS DİN338 ERİC;ERİC;Matkap ve Freze>Matkap Uçları>HSS Matkap Uçları;45;14.3;USD;679.58;20;https://raw.githubusercontent.com/dumanonur42-rgb/ticimax-stok/main/gorseller/14%2C3%20MM%20Fully%20Ground%20Matkap%20Ucu%20HSS%20D%C4%B0N338%20ER%C4%B0C%20-%20T3380143F.jpg;https://talhateknik.diaeticaret.com/14-3mm-fully-ground-matkap-ucu-hss-din338-eric-p5779
T3380144CO;14,4 MM Altın Seri Matkap Ucu HSS DİN338 ERİC;ERİC;Matkap ve Freze>Matkap Uçları>HSS Matkap Uçları;32;26.68;USD;1267.91;20;https://raw.githubusercontent.com/dumanonur42-rgb/ticimax-stok/main/gorseller/14%2C4%20MM%20Alt%C4%B1n%20Seri%20Matkap%20Ucu%20HSS%20D%C4%B0N338%20ER%C4%B0C%20-%20T3380144CO.jpg;https://talhateknik.diaeticaret.com/14-4mm-altin-seri-matkap-ucu-hss-din338-eric-p5900
T3380144F;14,4 MM Fully Ground Matkap Ucu HSS DİN338 ERİC;ERİC;Matkap ve Freze>Matkap Uçları>HSS Matkap Uçları;37;14.3;USD;679.58;20;https://raw.githubusercontent.com/dumanonur42-rgb/ticimax-stok/main/gorseller/14%2C4%20MM%20Fully%20Ground%20Matkap%20Ucu%20HSS%20D%C4%B0N338%20ER%C4%B0C%20-%20T3380144F.jpg;https://talhateknik.diaeticaret.com/14-4mm-fully-ground-matkap-ucu-hss-din338-eric-p5780
T3380145CO;14,5 MM Altın Seri Matkap Ucu HSS DİN338 ERİC;ERİC;Matkap ve Freze>Matkap Uçları>HSS Matkap Uçları;361;26.68;USD;1267.91;20;https://raw.githubusercontent.com/dumanonur42-rgb/ticimax-stok/main/gorseller/14%2C5%20MM%20Alt%C4%B1n%20Seri%20Matkap%20Ucu%20HSS%20D%C4%B0N338%20ER%C4%B0C%20-%20T3380145CO.jpg;https://talhateknik.diaeticaret.com/14-5mm-altin-seri-matkap-ucu-hss-din338-eric-p2879
T3380145F;14,5 MM Fully Ground Matkap Ucu HSS DİN338 ERİC;ERİC;Matkap ve Freze>Matkap Uçları>HSS Matkap Uçları;184;14.3;USD;679.58;20;https://raw.githubusercontent.com/dumanonur42-rgb/ticimax-stok/main/gorseller/14%2C5%20MM%20Fully%20Ground%20Matkap%20Ucu%20HSS%20D%C4%B0N338%20ER%C4%B0C%20-%20T3380145F.jpg;https://talhateknik.diaeticaret.com/14-5mm-fully-ground-matkap-ucu-hss-din338-eric-p2837
TGT340145;14,5 MM Uzun Matkap Ucu HSS DIN340 GT100 ERİC;ERİC;Matkap ve Freze>Matkap Uçları>HSS Matkap Uçları;29;34.2;USD;1625.28;20;https://raw.githubusercontent.com/dumanonur42-rgb/ticimax-stok/main/gorseller/14%2C5%20MM%20Uzun%20Matkap%20Ucu%20HSS%20DIN340%20GT100%20ER%C4%B0C%20-%20TGT340145.jpg;https://talhateknik.diaeticaret.com/14-5mm-uzun-matkap-ucu-hss-din340-gt100-eric-p5987
T3380146CO;14,6 MM Altın Seri Matkap Ucu HSS DİN338 ERİC;ERİC;Matkap ve Freze>Matkap Uçları>HSS Matkap Uçları;33;29.0;USD;1378.16;20;https://raw.githubusercontent.com/dumanonur42-rgb/ticimax-stok/main/gorseller/14%2C6%20MM%20Alt%C4%B1n%20Seri%20Matkap%20Ucu%20HSS%20D%C4%B0N338%20ER%C4%B0C%20-%20T3380146CO.jpg;https://talhateknik.diaeticaret.com/14-6mm-altin-seri-matkap-ucu-hss-din338-eric-p5901
T3380146F;14,6 MM Fully Ground Matkap Ucu HSS DİN338 ERİC;ERİC;Matkap ve Freze>Matkap Uçları>HSS Matkap Uçları;49;14.45;USD;686.71;20;https://raw.githubusercontent.com/dumanonur42-rgb/ticimax-stok/main/gorseller/14%2C6%20MM%20Fully%20Ground%20Matkap%20Ucu%20HSS%20D%C4%B0N338%20ER%C4%B0C%20-%20T3380146F.jpg;https://talhateknik.diaeticaret.com/14-6mm-fully-ground-matkap-ucu-hss-din338-eric-p5781
T3380147CO;14,7 MM Altın Seri Matkap Ucu HSS DİN338 ERİC;ERİC;Matkap ve Freze>Matkap Uçları>HSS Matkap Uçları;31;29.0;USD;1378.16;20;https://raw.githubusercontent.com/dumanonur42-rgb/ticimax-stok/main/gorseller/14%2C7%20MM%20Alt%C4%B1n%20Seri%20Matkap%20Ucu%20HSS%20D%C4%B0N338%20ER%C4%B0C%20-%20T3380147CO.jpg;https://talhateknik.diaeticaret.com/14-7mm-altin-seri-matkap-ucu-hss-din338-eric-p5902
T3380147F;14,7 MM Fully Ground Matkap Ucu HSS DİN338 ERİC;ERİC;Matkap ve Freze>Matkap Uçları>HSS Matkap Uçları;45;14.45;USD;686.71;20;https://raw.githubusercontent.com/dumanonur42-rgb/ticimax-stok/main/gorseller/14%2C7%20MM%20Fully%20Ground%20Matkap%20Ucu%20HSS%20D%C4%B0N338%20ER%C4%B0C%20-%20T3380147F.jpg;https://talhateknik.diaeticaret.com/14-7mm-fully-ground-matkap-ucu-hss-din338-eric-p5782
T3380148CO;14,8 MM Altın Seri Matkap Ucu HSS DİN338 ERİC;ERİC;Matkap ve Freze>Matkap Uçları>HSS Matkap Uçları;18;29.0;USD;1378.16;20;https://raw.githubusercontent.com/dumanonur42-rgb/ticimax-stok/main/gorseller/14%2C8%20MM%20Alt%C4%B1n%20Seri%20Matkap%20Ucu%20HSS%20D%C4%B0N338%20ER%C4%B0C%20-%20T3380148CO.jpg;https://talhateknik.diaeticaret.com/14-8mm-altin-seri-matkap-ucu-hss-din338-eric-p5903
T3380148F;14,8 MM Fully Ground Matkap Ucu HSS DİN338 ERİC;ERİC;Matkap ve Freze>Matkap Uçları>HSS Matkap Uçları;38;14.45;USD;686.71;20;https://raw.githubusercontent.com/dumanonur42-rgb/ticimax-stok/main/gorseller/14%2C8%20MM%20Fully%20Ground%20Matkap%20Ucu%20HSS%20D%C4%B0N338%20ER%C4%B0C%20-%20T3380148F.jpg;https://talhateknik.diaeticaret.com/14-8mm-fully-ground-matkap-ucu-hss-din338-eric-p5783
T3380149CO;14,9 MM Altın Seri Matkap Ucu HSS DİN338 ERİC;ERİC;Matkap ve Freze>Matkap Uçları>HSS Matkap Uçları;33;29.0;USD;1378.16;20;https://raw.githubusercontent.com/dumanonur42-rgb/ticimax-stok/main/gorseller/14%2C9%20MM%20Alt%C4%B1n%20Seri%20Matkap%20Ucu%20HSS%20D%C4%B0N338%20ER%C4%B0C%20-%20T3380149CO.jpg;https://talhateknik.diaeticaret.com/14-9mm-altin-seri-matkap-ucu-hss-din338-eric-p5904
T3380149F;14,9 MM Fully Ground Matkap Ucu HSS DİN338 ERİC;ERİC;Matkap ve Freze>Matkap Uçları>HSS Matkap Uçları;47;14.45;USD;686.71;20;https://raw.githubusercontent.com/dumanonur42-rgb/ticimax-stok/main/gorseller/14%2C9%20MM%20Fully%20Ground%20Matkap%20Ucu%20HSS%20D%C4%B0N338%20ER%C4%B0C%20-%20T3380149F.jpg;https://talhateknik.diaeticaret.com/14-9mm-fully-ground-matkap-ucu-hss-din338-eric-p5784
T3380140CO;14 MM Altın Seri Matkap Ucu HSS DİN338 ERİC;ERİC;Matkap ve Freze>Matkap Uçları>HSS Matkap Uçları;886;25.58;USD;1215.64;20;https://raw.githubusercontent.com/dumanonur42-rgb/ticimax-stok/main/gorseller/14%20MM%20Alt%C4%B1n%20Seri%20Matkap%20Ucu%20HSS%20D%C4%B0N338%20ER%C4%B0C%20-%20T3380140CO.jpg;https://talhateknik.diaeticaret.com/14mm-altin-seri-matkap-ucu-hss-din338-eric-p2878
T3380140F;14 MM Fully Ground Matkap Ucu HSS DİN338 ERİC;ERİC;Matkap ve Freze>Matkap Uçları>HSS Matkap Uçları;963;12.0;USD;570.27;20;https://raw.githubusercontent.com/dumanonur42-rgb/ticimax-stok/main/gorseller/14%20MM%20Fully%20Ground%20Matkap%20Ucu%20HSS%20D%C4%B0N338%20ER%C4%B0C%20-%20T3380140F.jpg;https://talhateknik.diaeticaret.com/14mm-fully-ground-matkap-ucu-hss-din338-eric-p2836
TGT340140;14 MM Uzun Matkap Ucu HSS DIN340 GT100 ERİC;ERİC;Matkap ve Freze>Matkap Uçları>HSS Matkap Uçları;157;32.55;USD;1546.87;20;https://raw.githubusercontent.com/dumanonur42-rgb/ticimax-stok/main/gorseller/14%20MM%20Uzun%20Matkap%20Ucu%20HSS%20DIN340%20GT100%20ER%C4%B0C%20-%20TGT340140.jpg;https://talhateknik.diaeticaret.com/14mm-uzun-matkap-ucu-hss-din340-gt100-eric-p5986
T3380151CO;15,1 MM Altın Seri Matkap Ucu HSS DİN338 ERİC;ERİC;Matkap ve Freze>Matkap Uçları>HSS Matkap Uçları;33;31.5;USD;1496.97;20;https://raw.githubusercontent.com/dumanonur42-rgb/ticimax-stok/main/gorseller/15%2C1%20MM%20Alt%C4%B1n%20Seri%20Matkap%20Ucu%20HSS%20D%C4%B0N338%20ER%C4%B0C%20-%20T3380151CO.jpg;https://talhateknik.diaeticaret.com/15-1mm-altin-seri-matkap-ucu-hss-din338-eric-p5905
T3380151F;15,1 MM Fully Ground Matkap Ucu HSS DİN338 ERİC;ERİC;Matkap ve Freze>Matkap Uçları>HSS Matkap Uçları;49;16.45;USD;781.75;20;https://raw.githubusercontent.com/dumanonur42-rgb/ticimax-stok/main/gorseller/15%2C1%20MM%20Fully%20Ground%20Matkap%20Ucu%20HSS%20D%C4%B0N338%20ER%C4%B0C%20-%20T3380151F.jpg;https://talhateknik.diaeticaret.com/15-1mm-fully-ground-matkap-ucu-hss-din338-eric-p5785
T3380152CO;15,2 MM Altın Seri Matkap Ucu HSS DİN338 ERİC;ERİC;Matkap ve Freze>Matkap Uçları>HSS Matkap Uçları;78;31.5;USD;1496.97;20;https://raw.githubusercontent.com/dumanonur42-rgb/ticimax-stok/main/gorseller/15%2C2%20MM%20Alt%C4%B1n%20Seri%20Matkap%20Ucu%20HSS%20D%C4%B0N338%20ER%C4%B0C%20-%20T3380152CO.jpg;https://talhateknik.diaeticaret.com/15-2mm-altin-seri-matkap-ucu-hss-din338-eric-p5906
T3380152F;15,2 MM Fully Ground Matkap Ucu HSS DİN338 ERİC;ERİC;Matkap ve Freze>Matkap Uçları>HSS Matkap Uçları;85;16.45;USD;781.75;20;https://raw.githubusercontent.com/dumanonur42-rgb/ticimax-stok/main/gorseller/15%2C2%20MM%20Fully%20Ground%20Matkap%20Ucu%20HSS%20D%C4%B0N338%20ER%C4%B0C%20-%20T3380152F.jpg;https://talhateknik.diaeticaret.com/15-2mm-fully-ground-matkap-ucu-hss-din338-eric-p5786
T3380153CO;15,3 MM Altın Seri Matkap Ucu HSS DİN338 ERİC;ERİC;Matkap ve Freze>Matkap Uçları>HSS Matkap Uçları;81;31.5;USD;1496.97;20;https://raw.githubusercontent.com/dumanonur42-rgb/ticimax-stok/main/gorseller/15%2C3%20MM%20Alt%C4%B1n%20Seri%20Matkap%20Ucu%20HSS%20D%C4%B0N338%20ER%C4%B0C%20-%20T3380153CO.jpg;https://talhateknik.diaeticaret.com/15-3mm-altin-seri-matkap-ucu-hss-din338-eric-p5907
T3380153F;15,3 MM Fully Ground Matkap Ucu HSS DİN338 ERİC;ERİC;Matkap ve Freze>Matkap Uçları>HSS Matkap Uçları;43;16.45;USD;781.75;20;https://raw.githubusercontent.com/dumanonur42-rgb/ticimax-stok/main/gorseller/15%2C3%20MM%20Fully%20Ground%20Matkap%20Ucu%20HSS%20D%C4%B0N338%20ER%C4%B0C%20-%20T3380153F.jpg;https://talhateknik.diaeticaret.com/15-3mm-fully-ground-matkap-ucu-hss-din338-eric-p5787
T3380154CO;15,4 MM Altın Seri Matkap Ucu HSS DİN338 ERİC;ERİC;Matkap ve Freze>Matkap Uçları>HSS Matkap Uçları;23;31.5;USD;1496.97;20;https://raw.githubusercontent.com/dumanonur42-rgb/ticimax-stok/main/gorseller/15%2C4%20MM%20Alt%C4%B1n%20Seri%20Matkap%20Ucu%20HSS%20D%C4%B0N338%20ER%C4%B0C%20-%20T3380154CO.jpg;https://talhateknik.diaeticaret.com/15-4mm-altin-seri-matkap-ucu-hss-din338-eric-p5908
T3380154F;15,4 MM Fully Ground Matkap Ucu HSS DİN338 ERİC;ERİC;Matkap ve Freze>Matkap Uçları>HSS Matkap Uçları;49;16.45;USD;781.75;20;https://raw.githubusercontent.com/dumanonur42-rgb/ticimax-stok/main/gorseller/15%2C4%20MM%20Fully%20Ground%20Matkap%20Ucu%20HSS%20D%C4%B0N338%20ER%C4%B0C%20-%20T3380154F.jpg;https://talhateknik.diaeticaret.com/15-4mm-fully-ground-matkap-ucu-hss-din338-eric-p5788
T3380155CO;15,5 MM Altın Seri Matkap Ucu HSS DİN338 ERİC;ERİC;Matkap ve Freze>Matkap Uçları>HSS Matkap Uçları;250;31.5;USD;1496.97;20;https://raw.githubusercontent.com/dumanonur42-rgb/ticimax-stok/main/gorseller/15%2C5%20MM%20Alt%C4%B1n%20Seri%20Matkap%20Ucu%20HSS%20D%C4%B0N338%20ER%C4%B0C%20-%20T3380155CO.jpg;https://talhateknik.diaeticaret.com/15-5mm-altin-seri-matkap-ucu-hss-din338-eric-p2881
T3380155F;15,5 MM Fully Ground Matkap Ucu HSS DİN338 ERİC;ERİC;Matkap ve Freze>Matkap Uçları>HSS Matkap Uçları;136;16.45;USD;781.75;20;https://raw.githubusercontent.com/dumanonur42-rgb/ticimax-stok/main/gorseller/15%2C5%20MM%20Fully%20Ground%20Matkap%20Ucu%20HSS%20D%C4%B0N338%20ER%C4%B0C%20-%20T3380155F.jpg;https://talhateknik.diaeticaret.com/15-5mm-fully-ground-matkap-ucu-hss-din338-eric-p2839
TGT340155;15,5 MM Uzun Matkap Ucu HSS DIN340 GT100 ERİC;ERİC;Matkap ve Freze>Matkap Uçları>HSS Matkap Uçları;27;39.9;USD;1896.16;20;https://raw.githubusercontent.com/dumanonur42-rgb/ticimax-stok/main/gorseller/15%2C5%20MM%20Uzun%20Matkap%20Ucu%20HSS%20DIN340%20GT100%20ER%C4%B0C%20-%20TGT340155.jpg;https://talhateknik.diaeticaret.com/15-5mm-uzun-matkap-ucu-hss-din340-gt100-eric-p5989
T3380156CO;15,6 MM Altın Seri Matkap Ucu HSS DİN338 ERİC;ERİC;Matkap ve Freze>Matkap Uçları>HSS Matkap Uçları;33;35.4;USD;1682.31;20;https://raw.githubusercontent.com/dumanonur42-rgb/ticimax-stok/main/gorseller/15%2C6%20MM%20Alt%C4%B1n%20Seri%20Matkap%20Ucu%20HSS%20D%C4%B0N338%20ER%C4%B0C%20-%20T3380156CO.jpg;https://talhateknik.diaeticaret.com/15-6mm-altin-seri-matkap-ucu-hss-din338-eric-p5909
T3380156F;15,6 MM Fully Ground Matkap Ucu HSS DİN338 ERİC;ERİC;Matkap ve Freze>Matkap Uçları>HSS Matkap Uçları;47;16.8;USD;798.38;20;https://raw.githubusercontent.com/dumanonur42-rgb/ticimax-stok/main/gorseller/15%2C6%20MM%20Fully%20Ground%20Matkap%20Ucu%20HSS%20D%C4%B0N338%20ER%C4%B0C%20-%20T3380156F.jpg;https://talhateknik.diaeticaret.com/15-6mm-fully-ground-matkap-ucu-hss-din338-eric-p5789
T3380157CO;15,7 MM Altın Seri Matkap Ucu HSS DİN338 ERİC;ERİC;Matkap ve Freze>Matkap Uçları>HSS Matkap Uçları;26;35.4;USD;1682.31;20;https://raw.githubusercontent.com/dumanonur42-rgb/ticimax-stok/main/gorseller/15%2C7%20MM%20Alt%C4%B1n%20Seri%20Matkap%20Ucu%20HSS%20D%C4%B0N338%20ER%C4%B0C%20-%20T3380157CO.jpg;https://talhateknik.diaeticaret.com/15-7mm-altin-seri-matkap-ucu-hss-din338-eric-p5910
T3380157F;15,7 MM Fully Ground Matkap Ucu HSS DİN338 ERİC;ERİC;Matkap ve Freze>Matkap Uçları>HSS Matkap Uçları;37;16.8;USD;798.38;20;https://raw.githubusercontent.com/dumanonur42-rgb/ticimax-stok/main/gorseller/15%2C7%20MM%20Fully%20Ground%20Matkap%20Ucu%20HSS%20D%C4%B0N338%20ER%C4%B0C%20-%20T3380157F.jpg;https://talhateknik.diaeticaret.com/15-7mm-fully-ground-matkap-ucu-hss-din338-eric-p5790
T3380158CO;15,8 MM Altın Seri Matkap Ucu HSS DİN338 ERİC;ERİC;Matkap ve Freze>Matkap Uçları>HSS Matkap Uçları;72;35.4;USD;1682.31;20;https://raw.githubusercontent.com/dumanonur42-rgb/ticimax-stok/main/gorseller/15%2C8%20MM%20Alt%C4%B1n%20Seri%20Matkap%20Ucu%20HSS%20D%C4%B0N338%20ER%C4%B0C%20-%20T3380158CO.jpg;https://talhateknik.diaeticaret.com/15-8mm-altin-seri-matkap-ucu-hss-din338-eric-p5911
T3380158F;15,8 MM Fully Ground Matkap Ucu HSS DİN338 ERİC;ERİC;Matkap ve Freze>Matkap Uçları>HSS Matkap Uçları;16;16.8;USD;798.38;20;https://raw.githubusercontent.com/dumanonur42-rgb/ticimax-stok/main/gorseller/15%2C8%20MM%20Fully%20Ground%20Matkap%20Ucu%20HSS%20D%C4%B0N338%20ER%C4%B0C%20-%20T3380158F.jpg;https://talhateknik.diaeticaret.com/15-8mm-fully-ground-matkap-ucu-hss-din338-eric-p5791
T3380159CO;15,9 MM Altın Seri Matkap Ucu HSS DİN338 ERİC;ERİC;Matkap ve Freze>Matkap Uçları>HSS Matkap Uçları;26;35.4;USD;1682.31;20;https://raw.githubusercontent.com/dumanonur42-rgb/ticimax-stok/main/gorseller/15%2C9%20MM%20Alt%C4%B1n%20Seri%20Matkap%20Ucu%20HSS%20D%C4%B0N338%20ER%C4%B0C%20-%20T3380159CO.jpg;https://talhateknik.diaeticaret.com/15-9mm-altin-seri-matkap-ucu-hss-din338-eric-p5912
T3380159F;15,9 MM Fully Ground Matkap Ucu HSS DİN338 ERİC;ERİC;Matkap ve Freze>Matkap Uçları>HSS Matkap Uçları;95;16.8;USD;798.38;20;https://raw.githubusercontent.com/dumanonur42-rgb/ticimax-stok/main/gorseller/15%2C9%20MM%20Fully%20Ground%20Matkap%20Ucu%20HSS%20D%C4%B0N338%20ER%C4%B0C%20-%20T3380159F.jpg;https://talhateknik.diaeticaret.com/15-9mm-fully-ground-matkap-ucu-hss-din338-eric-p5792
T3380150CO;15 MM Altın Seri Matkap Ucu HSS DİN338 ERİC;ERİC;Matkap ve Freze>Matkap Uçları>HSS Matkap Uçları;122;29.0;USD;1378.16;20;https://raw.githubusercontent.com/dumanonur42-rgb/ticimax-stok/main/gorseller/15%20MM%20Alt%C4%B1n%20Seri%20Matkap%20Ucu%20HSS%20D%C4%B0N338%20ER%C4%B0C%20-%20T3380150CO.jpg;https://talhateknik.diaeticaret.com/15mm-altin-seri-matkap-ucu-hss-din338-eric-p2880
T3380150F;15 MM Fully Ground Matkap Ucu HSS DİN338 ERİC;ERİC;Matkap ve Freze>Matkap Uçları>HSS Matkap Uçları;370;14.45;USD;686.71;20;https://raw.githubusercontent.com/dumanonur42-rgb/ticimax-stok/main/gorseller/15%20MM%20Fully%20Ground%20Matkap%20Ucu%20HSS%20D%C4%B0N338%20ER%C4%B0C%20-%20T3380150F.jpg;https://talhateknik.diaeticaret.com/15mm-fully-ground-matkap-ucu-hss-din338-eric-p2838
TGT340150;15 MM Uzun Matkap Ucu HSS DIN340 GT100 ERİC;ERİC;Matkap ve Freze>Matkap Uçları>HSS Matkap Uçları;132;38.1;USD;1810.62;20;https://raw.githubusercontent.com/dumanonur42-rgb/ticimax-stok/main/gorseller/15%20MM%20Uzun%20Matkap%20Ucu%20HSS%20DIN340%20GT100%20ER%C4%B0C%20-%20TGT340150.jpg;https://talhateknik.diaeticaret.com/15mm-uzun-matkap-ucu-hss-din340-gt100-eric-p5988
T3380165CO;16,5 MM Altın Seri Matkap Ucu HSS DİN338 ERİC;ERİC;Matkap ve Freze>Matkap Uçları>HSS Matkap Uçları;200;35.75;USD;1698.94;20;https://raw.githubusercontent.com/dumanonur42-rgb/ticimax-stok/main/gorseller/16%2C5%20MM%20Alt%C4%B1n%20Seri%20Matkap%20Ucu%20HSS%20D%C4%B0N338%20ER%C4%B0C%20-%20T3380165CO.jpg;https://talhateknik.diaeticaret.com/16-5mm-altin-seri-matkap-ucu-hss-din338-eric-p2883
T3380165F;16,5 MM Fully Ground Matkap Ucu HSS DİN338 ERİC;ERİC;Matkap ve Freze>Matkap Uçları>HSS Matkap Uçları;95;19.0;USD;902.94;20;https://raw.githubusercontent.com/dumanonur42-rgb/ticimax-stok/main/gorseller/16%2C5%20MM%20Fully%20Ground%20Matkap%20Ucu%20HSS%20D%C4%B0N338%20ER%C4%B0C%20-%20T3380165F.jpg;https://talhateknik.diaeticaret.com/16-5mm-fully-ground-matkap-ucu-hss-din338-eric-p2841
TGT340165;16,5 MM Uzun Matkap Ucu HSS DIN340 GT100 ERİC;ERİC;Matkap ve Freze>Matkap Uçları>HSS Matkap Uçları;33;45.9;USD;2181.3;20;https://raw.githubusercontent.com/dumanonur42-rgb/ticimax-stok/main/gorseller/16%2C5%20MM%20Uzun%20Matkap%20Ucu%20HSS%20DIN340%20GT100%20ER%C4%B0C%20-%20TGT340165.jpg;https://talhateknik.diaeticaret.com/16-5mm-uzun-matkap-ucu-hss-din340-gt100-eric-p5991
T3380160CO;16 MM Altın Seri Matkap Ucu HSS DİN338 ERİC;ERİC;Matkap ve Freze>Matkap Uçları>HSS Matkap Uçları;315;35.4;USD;1682.31;20;https://raw.githubusercontent.com/dumanonur42-rgb/ticimax-stok/main/gorseller/16%20MM%20Alt%C4%B1n%20Seri%20Matkap%20Ucu%20HSS%20D%C4%B0N338%20ER%C4%B0C%20-%20T3380160CO.jpg;https://talhateknik.diaeticaret.com/16mm-altin-seri-matkap-ucu-hss-din338-eric-p2882
T3380160F;16 MM Fully Ground Matkap Ucu HSS DİN338 ERİC;ERİC;Matkap ve Freze>Matkap Uçları>HSS Matkap Uçları;298;16.8;USD;798.38;20;https://raw.githubusercontent.com/dumanonur42-rgb/ticimax-stok/main/gorseller/16%20MM%20Fully%20Ground%20Matkap%20Ucu%20HSS%20D%C4%B0N338%20ER%C4%B0C%20-%20T3380160F.jpg;https://talhateknik.diaeticaret.com/16mm-fully-ground-matkap-ucu-hss-din338-eric-p2840
TGT340160;16 MM Uzun Matkap Ucu HSS DIN340 GT100 ERİC;ERİC;Matkap ve Freze>Matkap Uçları>HSS Matkap Uçları;138;44.25;USD;2102.89;20;https://raw.githubusercontent.com/dumanonur42-rgb/ticimax-stok/main/gorseller/16%20MM%20Uzun%20Matkap%20Ucu%20HSS%20DIN340%20GT100%20ER%C4%B0C%20-%20TGT340160.jpg;https://talhateknik.diaeticaret.com/16mm-uzun-matkap-ucu-hss-din340-gt100-eric-p5990
T3380175CO;17,5 MM Altın Seri Matkap Ucu HSS DİN338 ERİC;ERİC;Matkap ve Freze>Matkap Uçları>HSS Matkap Uçları;234;41.0;USD;1948.44;20;https://raw.githubusercontent.com/dumanonur42-rgb/ticimax-stok/main/gorseller/17%2C5%20MM%20Alt%C4%B1n%20Seri%20Matkap%20Ucu%20HSS%20D%C4%B0N338%20ER%C4%B0C%20-%20T3380175CO.jpg;https://talhateknik.diaeticaret.com/17-5mm-altin-seri-matkap-ucu-hss-din338-eric-p2885
T3380175F;17,5 MM Fully Ground Matkap Ucu HSS DİN338 ERİC;ERİC;Matkap ve Freze>Matkap Uçları>HSS Matkap Uçları;190;21.35;USD;1014.61;20;https://raw.githubusercontent.com/dumanonur42-rgb/ticimax-stok/main/gorseller/17%2C5%20MM%20Fully%20Ground%20Matkap%20Ucu%20HSS%20D%C4%B0N338%20ER%C4%B0C%20-%20T3380175F.jpg;https://talhateknik.diaeticaret.com/17-5mm-fully-ground-matkap-ucu-hss-din338-eric-p2843
TGT340175;17,5 MM Uzun Matkap Ucu HSS DIN340 GT100 ERİC;ERİC;Matkap ve Freze>Matkap Uçları>HSS Matkap Uçları;125;52.5;USD;2494.95;20;https://raw.githubusercontent.com/dumanonur42-rgb/ticimax-stok/main/gorseller/17%2C5%20MM%20Uzun%20Matkap%20Ucu%20HSS%20DIN340%20GT100%20ER%C4%B0C%20-%20TGT340175.jpg;https://talhateknik.diaeticaret.com/17-5mm-uzun-matkap-ucu-hss-din340-gt100-eric-p5993
T3380170CO;17 MM Altın Seri Matkap Ucu HSS DİN338 ERİC;ERİC;Matkap ve Freze>Matkap Uçları>HSS Matkap Uçları;141;38.35;USD;1822.5;20;https://raw.githubusercontent.com/dumanonur42-rgb/ticimax-stok/main/gorseller/17%20MM%20Alt%C4%B1n%20Seri%20Matkap%20Ucu%20HSS%20D%C4%B0N338%20ER%C4%B0C%20-%20T3380170CO.jpg;https://talhateknik.diaeticaret.com/17mm-altin-seri-matkap-ucu-hss-din338-eric-p2884
T3380170F;17 MM Fully Ground Matkap Ucu HSS DİN338 ERİC;ERİC;Matkap ve Freze>Matkap Uçları>HSS Matkap Uçları;142;19.2;USD;912.44;20;https://raw.githubusercontent.com/dumanonur42-rgb/ticimax-stok/main/gorseller/17%20MM%20Fully%20Ground%20Matkap%20Ucu%20HSS%20D%C4%B0N338%20ER%C4%B0C%20-%20T3380170F.jpg;https://talhateknik.diaeticaret.com/17mm-fully-ground-matkap-ucu-hss-din338-eric-p2842
TGT340170;17 MM Uzun Matkap Ucu HSS DIN340 GT100 ERİC;ERİC;Matkap ve Freze>Matkap Uçları>HSS Matkap Uçları;137;50.85;USD;2416.54;20;https://raw.githubusercontent.com/dumanonur42-rgb/ticimax-stok/main/gorseller/17%20MM%20Uzun%20Matkap%20Ucu%20HSS%20DIN340%20GT100%20ER%C4%B0C%20-%20TGT340170.jpg;https://talhateknik.diaeticaret.com/17mm-uzun-matkap-ucu-hss-din340-gt100-eric-p5992
T3380185CO;18,5 MM Altın Seri Matkap Ucu HSS DİN338 ERİC;ERİC;Matkap ve Freze>Matkap Uçları>HSS Matkap Uçları;79;47.5;USD;2257.34;20;https://raw.githubusercontent.com/dumanonur42-rgb/ticimax-stok/main/gorseller/18%2C5%20MM%20Alt%C4%B1n%20Seri%20Matkap%20Ucu%20HSS%20D%C4%B0N338%20ER%C4%B0C%20-%20T3380185CO.jpg;https://talhateknik.diaeticaret.com/18-5mm-altin-seri-matkap-ucu-hss-din338-eric-p2887
T3380185F;18,5 MM Fully Ground Matkap Ucu HSS DİN338 ERİC;ERİC;Matkap ve Freze>Matkap Uçları>HSS Matkap Uçları;94;24.0;USD;1140.55;20;https://raw.githubusercontent.com/dumanonur42-rgb/ticimax-stok/main/gorseller/18%2C5%20MM%20Fully%20Ground%20Matkap%20Ucu%20HSS%20D%C4%B0N338%20ER%C4%B0C%20-%20T3380185F.jpg;https://talhateknik.diaeticaret.com/18-5mm-fully-ground-matkap-ucu-hss-din338-eric-p2845
TGT340185;18,5 MM Uzun Matkap Ucu HSS DIN340 GT100 ERİC;ERİC;Matkap ve Freze>Matkap Uçları>HSS Matkap Uçları;30;60.0;USD;2851.37;20;https://raw.githubusercontent.com/dumanonur42-rgb/ticimax-stok/main/gorseller/18%2C5%20MM%20Uzun%20Matkap%20Ucu%20HSS%20DIN340%20GT100%20ER%C4%B0C%20-%20TGT340185.jpg;https://talhateknik.diaeticaret.com/18-5mm-uzun-matkap-ucu-hss-din340-gt100-eric-p5995
T3380180CO;18 MM Altın Seri Matkap Ucu HSS DİN338 ERİC;ERİC;Matkap ve Freze>Matkap Uçları>HSS Matkap Uçları;110;43.4;USD;2062.49;20;https://raw.githubusercontent.com/dumanonur42-rgb/ticimax-stok/main/gorseller/18%20MM%20Alt%C4%B1n%20Seri%20Matkap%20Ucu%20HSS%20D%C4%B0N338%20ER%C4%B0C%20-%20T3380180CO.jpg;https://talhateknik.diaeticaret.com/18mm-altin-seri-matkap-ucu-hss-din338-eric-p2886
T3380180F;18 MM Fully Ground Matkap Ucu HSS DİN338 ERİC;ERİC;Matkap ve Freze>Matkap Uçları>HSS Matkap Uçları;142;21.85;USD;1038.38;20;https://raw.githubusercontent.com/dumanonur42-rgb/ticimax-stok/main/gorseller/18%20MM%20Fully%20Ground%20Matkap%20Ucu%20HSS%20D%C4%B0N338%20ER%C4%B0C%20-%20T3380180F.jpg;https://talhateknik.diaeticaret.com/18mm-fully-ground-matkap-ucu-hss-din338-eric-p2844
TGT340180;18 MM Uzun Matkap Ucu HSS DIN340 GT100 ERİC;ERİC;Matkap ve Freze>Matkap Uçları>HSS Matkap Uçları;23;57.75;USD;2744.45;20;https://raw.githubusercontent.com/dumanonur42-rgb/ticimax-stok/main/gorseller/18%20MM%20Uzun%20Matkap%20Ucu%20HSS%20DIN340%20GT100%20ER%C4%B0C%20-%20TGT340180.jpg;https://talhateknik.diaeticaret.com/18mm-uzun-matkap-ucu-hss-din340-gt100-eric-p5994
T3380195CO;19,5 MM Altın Seri Matkap Ucu HSS DİN338 ERİC;ERİC;Matkap ve Freze>Matkap Uçları>HSS Matkap Uçları;154;54.55;USD;2592.37;20;https://raw.githubusercontent.com/dumanonur42-rgb/ticimax-stok/main/gorseller/19%2C5%20MM%20Alt%C4%B1n%20Seri%20Matkap%20Ucu%20HSS%20D%C4%B0N338%20ER%C4%B0C%20-%20T3380195CO.jpg;https://talhateknik.diaeticaret.com/19-5mm-altin-seri-matkap-ucu-hss-din338-eric-p2889
T3380195F;19,5 MM Fully Ground Matkap Ucu HSS DİN338 ERİC;ERİC;Matkap ve Freze>Matkap Uçları>HSS Matkap Uçları;74;27.5;USD;1306.88;20;https://raw.githubusercontent.com/dumanonur42-rgb/ticimax-stok/main/gorseller/19%2C5%20MM%20Fully%20Ground%20Matkap%20Ucu%20HSS%20D%C4%B0N338%20ER%C4%B0C%20-%20T3380195F.jpg;https://talhateknik.diaeticaret.com/19-5mm-fully-ground-matkap-ucu-hss-din338-eric-p2847
TGT340195;19,5 MM Uzun Matkap Ucu HSS DIN340 GT100 ERİC;ERİC;Matkap ve Freze>Matkap Uçları>HSS Matkap Uçları;30;67.8;USD;3222.05;20;https://raw.githubusercontent.com/dumanonur42-rgb/ticimax-stok/main/gorseller/19%2C5%20MM%20Uzun%20Matkap%20Ucu%20HSS%20DIN340%20GT100%20ER%C4%B0C%20-%20TGT340195.jpg;https://talhateknik.diaeticaret.com/19-5mm-uzun-matkap-ucu-hss-din340-gt100-eric-p5997
T3380190CO;19 MM Altın Seri Matkap Ucu HSS DİN338 ERİC;ERİC;Matkap ve Freze>Matkap Uçları>HSS Matkap Uçları;150;52.75;USD;2506.83;20;https://raw.githubusercontent.com/dumanonur42-rgb/ticimax-stok/main/gorseller/19%20MM%20Alt%C4%B1n%20Seri%20Matkap%20Ucu%20HSS%20D%C4%B0N338%20ER%C4%B0C%20-%20T3380190CO.jpg;https://talhateknik.diaeticaret.com/19mm-altin-seri-matkap-ucu-hss-din338-eric-p2888
T3380190F;19 MM Fully Ground Matkap Ucu HSS DİN338 ERİC;ERİC;Matkap ve Freze>Matkap Uçları>HSS Matkap Uçları;137;24.45;USD;1161.93;20;https://raw.githubusercontent.com/dumanonur42-rgb/ticimax-stok/main/gorseller/19%20MM%20Fully%20Ground%20Matkap%20Ucu%20HSS%20D%C4%B0N338%20ER%C4%B0C%20-%20T3380190F.jpg;https://talhateknik.diaeticaret.com/19mm-fully-ground-matkap-ucu-hss-din338-eric-p2846
TGT340190;19 MM Uzun Matkap Ucu HSS DIN340 GT100 ERİC;ERİC;Matkap ve Freze>Matkap Uçları>HSS Matkap Uçları;24;65.85;USD;3129.38;20;https://raw.githubusercontent.com/dumanonur42-rgb/ticimax-stok/main/gorseller/19%20MM%20Uzun%20Matkap%20Ucu%20HSS%20DIN340%20GT100%20ER%C4%B0C%20-%20TGT340190.jpg;https://talhateknik.diaeticaret.com/19mm-uzun-matkap-ucu-hss-din340-gt100-eric-p5996
T3380010CO;1 MM Altın Seri Matkap Ucu HSS DİN338 ERİC;ERİC;Matkap ve Freze>Matkap Uçları>HSS Matkap Uçları;6420;0.3;USD;14.26;20;https://raw.githubusercontent.com/dumanonur42-rgb/ticimax-stok/main/gorseller/1%20MM%20Alt%C4%B1n%20Seri%20Matkap%20Ucu%20HSS%20D%C4%B0N338%20ER%C4%B0C%20-%20T3380010CO.jpg;https://talhateknik.diaeticaret.com/1mm-altin-seri-matkap-ucu-hss-din338-eric-p4097
T3380010F;1 MM Fully Ground Matkap Ucu HSS DİN338 ERİC;ERİC;Matkap ve Freze>Matkap Uçları>HSS Matkap Uçları;680;0.25;USD;11.88;20;https://raw.githubusercontent.com/dumanonur42-rgb/ticimax-stok/main/gorseller/1%20MM%20Fully%20Ground%20Matkap%20Ucu%20HSS%20D%C4%B0N338%20ER%C4%B0C%20-%20T3380010F.jpg;https://talhateknik.diaeticaret.com/1mm-fully-ground-matkap-ucu-hss-din338-eric-p5682
TGT340010;1 MM Uzun Matkap Ucu HSS DIN340 GT100 ERİC;ERİC;Matkap ve Freze>Matkap Uçları>HSS Matkap Uçları;2970;0.42;USD;19.96;20;https://raw.githubusercontent.com/dumanonur42-rgb/ticimax-stok/main/gorseller/1%20MM%20Uzun%20Matkap%20Ucu%20HSS%20DIN340%20GT100%20ER%C4%B0C%20-%20TGT340010.jpg;https://talhateknik.diaeticaret.com/1mm-uzun-matkap-ucu-hss-din340-gt100-eric-p5956
T3380021CO;2,1 MM Altın Seri Matkap Ucu HSS DİN338 ERİC;ERİC;Matkap ve Freze>Matkap Uçları>HSS Matkap Uçları;1290;0.5;USD;23.76;20;https://raw.githubusercontent.com/dumanonur42-rgb/ticimax-stok/main/gorseller/2%2C1%20MM%20Alt%C4%B1n%20Seri%20Matkap%20Ucu%20HSS%20D%C4%B0N338%20ER%C4%B0C%20-%20T3380021CO.jpg;https://talhateknik.diaeticaret.com/2-1mm-altin-seri-matkap-ucu-hss-din338-eric-p5806
T3380021F;2,1 MM Fully Ground Matkap Ucu HSS DİN338 ERİC;ERİC;Matkap ve Freze>Matkap Uçları>HSS Matkap Uçları;1320;0.35;USD;16.63;20;https://raw.githubusercontent.com/dumanonur42-rgb/ticimax-stok/main/gorseller/2%2C1%20MM%20Fully%20Ground%20Matkap%20Ucu%20HSS%20D%C4%B0N338%20ER%C4%B0C%20-%20T3380021F.jpg;https://talhateknik.diaeticaret.com/2-1mm-fully-ground-matkap-ucu-hss-din338-eric-p5692
T3380022CO;2,2 MM Altın Seri Matkap Ucu HSS DİN338 ERİC;ERİC;Matkap ve Freze>Matkap Uçları>HSS Matkap Uçları;1110;0.5;USD;23.76;20;https://raw.githubusercontent.com/dumanonur42-rgb/ticimax-stok/main/gorseller/2%2C2%20MM%20Alt%C4%B1n%20Seri%20Matkap%20Ucu%20HSS%20D%C4%B0N338%20ER%C4%B0C%20-%20T3380022CO.jpg;https://talhateknik.diaeticaret.com/2-2mm-altin-seri-matkap-ucu-hss-din338-eric-p5807
T3380022F;2,2 MM Fully Ground Matkap Ucu HSS DİN338 ERİC;ERİC;Matkap ve Freze>Matkap Uçları>HSS Matkap Uçları;1250;0.35;USD;16.63;20;https://raw.githubusercontent.com/dumanonur42-rgb/ticimax-stok/main/gorseller/2%2C2%20MM%20Fully%20Ground%20Matkap%20Ucu%20HSS%20D%C4%B0N338%20ER%C4%B0C%20-%20T3380022F.jpg;https://talhateknik.diaeticaret.com/2-2mm-fully-ground-matkap-ucu-hss-din338-eric-p5693
T3380023CO;2,3 MM Altın Seri Matkap Ucu HSS DİN338 ERİC;ERİC;Matkap ve Freze>Matkap Uçları>HSS Matkap Uçları;760;0.5;USD;23.76;20;https://raw.githubusercontent.com/dumanonur42-rgb/ticimax-stok/main/gorseller/2%2C3%20MM%20Alt%C4%B1n%20Seri%20Matkap%20Ucu%20HSS%20D%C4%B0N338%20ER%C4%B0C%20-%20T3380023CO.jpg;https://talhateknik.diaeticaret.com/2-3mm-altin-seri-matkap-ucu-hss-din338-eric-p5808
T3380023F;2,3 MM Fully Ground Matkap Ucu HSS DİN338 ERİC;ERİC;Matkap ve Freze>Matkap Uçları>HSS Matkap Uçları;610;0.35;USD;16.63;20;https://raw.githubusercontent.com/dumanonur42-rgb/ticimax-stok/main/gorseller/2%2C3%20MM%20Fully%20Ground%20Matkap%20Ucu%20HSS%20D%C4%B0N338%20ER%C4%B0C%20-%20T3380023F.jpg;https://talhateknik.diaeticaret.com/2-3mm-fully-ground-matkap-ucu-hss-din338-eric-p5694
T3380024CO;2,4 MM Altın Seri Matkap Ucu HSS DİN338 ERİC;ERİC;Matkap ve Freze>Matkap Uçları>HSS Matkap Uçları;730;0.5;USD;23.76;20;https://raw.githubusercontent.com/dumanonur42-rgb/ticimax-stok/main/gorseller/2%2C4%20MM%20Alt%C4%B1n%20Seri%20Matkap%20Ucu%20HSS%20D%C4%B0N338%20ER%C4%B0C%20-%20T3380024CO.jpg;https://talhateknik.diaeticaret.com/2-4mm-altin-seri-matkap-ucu-hss-din338-eric-p5809
T3380024F;2,4 MM Fully Ground Matkap Ucu HSS DİN338 ERİC;ERİC;Matkap ve Freze>Matkap Uçları>HSS Matkap Uçları;870;0.35;USD;16.63;20;https://raw.githubusercontent.com/dumanonur42-rgb/ticimax-stok/main/gorseller/2%2C4%20MM%20Fully%20Ground%20Matkap%20Ucu%20HSS%20D%C4%B0N338%20ER%C4%B0C%20-%20T3380024F.jpg;https://talhateknik.diaeticaret.com/2-4mm-fully-ground-matkap-ucu-hss-din338-eric-p5695
T3380025CO;2,5 MM Altın Seri Matkap Ucu HSS DİN338 ERİC;ERİC;Matkap ve Freze>Matkap Uçları>HSS Matkap Uçları;3830;0.5;USD;23.76;20;https://raw.githubusercontent.com/dumanonur42-rgb/ticimax-stok/main/gorseller/2%2C5%20MM%20Alt%C4%B1n%20Seri%20Matkap%20Ucu%20HSS%20D%C4%B0N338%20ER%C4%B0C%20-%20T3380025CO.jpg;https://talhateknik.diaeticaret.com/2-5mm-altin-seri-matkap-ucu-hss-din338-eric-p2850
T3380025F;2,5 MM Fully Ground Matkap Ucu HSS DİN338 ERİC;ERİC;Matkap ve Freze>Matkap Uçları>HSS Matkap Uçları;5840;0.35;USD;16.63;20;https://raw.githubusercontent.com/dumanonur42-rgb/ticimax-stok/main/gorseller/2%2C5%20MM%20Fully%20Ground%20Matkap%20Ucu%20HSS%20D%C4%B0N338%20ER%C4%B0C%20-%20T3380025F.jpg;https://talhateknik.diaeticaret.com/2-5mm-fully-ground-matkap-ucu-hss-din338-eric-p2809
TGT340025;2,5 MM Uzun Matkap Ucu HSS DIN340 GT100 ERİC;ERİC;Matkap ve Freze>Matkap Uçları>HSS Matkap Uçları;2860;0.77;USD;36.59;20;https://raw.githubusercontent.com/dumanonur42-rgb/ticimax-stok/main/gorseller/2%2C5%20MM%20Uzun%20Matkap%20Ucu%20HSS%20DIN340%20GT100%20ER%C4%B0C%20-%20TGT340025.jpg;https://talhateknik.diaeticaret.com/2-5mm-uzun-matkap-ucu-hss-din340-gt100-eric-p5959
T3380026CO;2,6 MM Altın Seri Matkap Ucu HSS DİN338 ERİC;ERİC;Matkap ve Freze>Matkap Uçları>HSS Matkap Uçları;600;0.68;USD;32.32;20;https://raw.githubusercontent.com/dumanonur42-rgb/ticimax-stok/main/gorseller/2%2C6%20MM%20Alt%C4%B1n%20Seri%20Matkap%20Ucu%20HSS%20D%C4%B0N338%20ER%C4%B0C%20-%20T3380026CO.jpg;https://talhateknik.diaeticaret.com/2-6mm-altin-seri-matkap-ucu-hss-din338-eric-p5810
T3380026F;2,6 MM Fully Ground Matkap Ucu HSS DİN338 ERİC;ERİC;Matkap ve Freze>Matkap Uçları>HSS Matkap Uçları;690;0.58;USD;27.56;20;https://raw.githubusercontent.com/dumanonur42-rgb/ticimax-stok/main/gorseller/2%2C6%20MM%20Fully%20Ground%20Matkap%20Ucu%20HSS%20D%C4%B0N338%20ER%C4%B0C%20-%20T3380026F.jpg;https://talhateknik.diaeticaret.com/2-6mm-fully-ground-matkap-ucu-hss-din338-eric-p5696
T3380027CO;2,7 MM Altın Seri Matkap Ucu HSS DİN338 ERİC;ERİC;Matkap ve Freze>Matkap Uçları>HSS Matkap Uçları;630;0.68;USD;32.32;20;https://raw.githubusercontent.com/dumanonur42-rgb/ticimax-stok/main/gorseller/2%2C7%20MM%20Alt%C4%B1n%20Seri%20Matkap%20Ucu%20HSS%20D%C4%B0N338%20ER%C4%B0C%20-%20T3380027CO.jpg;https://talhateknik.diaeticaret.com/2-7mm-altin-seri-matkap-ucu-hss-din338-eric-p5811
T3380027F;2,7 MM Fully Ground Matkap Ucu HSS DİN338 ERİC;ERİC;Matkap ve Freze>Matkap Uçları>HSS Matkap Uçları;810;0.58;USD;27.56;20;https://raw.githubusercontent.com/dumanonur42-rgb/ticimax-stok/main/gorseller/2%2C7%20MM%20Fully%20Ground%20Matkap%20Ucu%20HSS%20D%C4%B0N338%20ER%C4%B0C%20-%20T3380027F.jpg;https://talhateknik.diaeticaret.com/2-7mm-fully-ground-matkap-ucu-hss-din338-eric-p5697
T3380028CO;2,8 MM Altın Seri Matkap Ucu HSS DİN338 ERİC;ERİC;Matkap ve Freze>Matkap Uçları>HSS Matkap Uçları;1350;0.68;USD;32.32;20;https://raw.githubusercontent.com/dumanonur42-rgb/ticimax-stok/main/gorseller/2%2C8%20MM%20Alt%C4%B1n%20Seri%20Matkap%20Ucu%20HSS%20D%C4%B0N338%20ER%C4%B0C%20-%20T3380028CO.jpg;https://talhateknik.diaeticaret.com/2-8mm-altin-seri-matkap-ucu-hss-din338-eric-p5812
T3380028F;2,8 MM Fully Ground Matkap Ucu HSS DİN338 ERİC;ERİC;Matkap ve Freze>Matkap Uçları>HSS Matkap Uçları;1400;0.58;USD;27.56;20;https://raw.githubusercontent.com/dumanonur42-rgb/ticimax-stok/main/gorseller/2%2C8%20MM%20Fully%20Ground%20Matkap%20Ucu%20HSS%20D%C4%B0N338%20ER%C4%B0C%20-%20T3380028F.jpg;https://talhateknik.diaeticaret.com/2-8mm-fully-ground-matkap-ucu-hss-din338-eric-p5698
T3380029CO;2,9 MM Altın Seri Matkap Ucu HSS DİN338 ERİC;ERİC;Matkap ve Freze>Matkap Uçları>HSS Matkap Uçları;950;0.68;USD;32.32;20;https://raw.githubusercontent.com/dumanonur42-rgb/ticimax-stok/main/gorseller/2%2C9%20MM%20Alt%C4%B1n%20Seri%20Matkap%20Ucu%20HSS%20D%C4%B0N338%20ER%C4%B0C%20-%20T3380029CO.jpg;https://talhateknik.diaeticaret.com/2-9mm-altin-seri-matkap-ucu-hss-din338-eric-p5813
T3380029F;2,9 MM Fully Ground Matkap Ucu HSS DİN338 ERİC;ERİC;Matkap ve Freze>Matkap Uçları>HSS Matkap Uçları;950;0.58;USD;27.56;20;https://raw.githubusercontent.com/dumanonur42-rgb/ticimax-stok/main/gorseller/2%2C9%20MM%20Fully%20Ground%20Matkap%20Ucu%20HSS%20D%C4%B0N338%20ER%C4%B0C%20-%20T3380029F.jpg;https://talhateknik.diaeticaret.com/2-9mm-fully-ground-matkap-ucu-hss-din338-eric-p5699
T3380205F;20,5 MM Fully Ground Matkap Ucu HSS DİN338 ERİC;ERİC;Matkap ve Freze>Matkap Uçları>HSS Matkap Uçları;100;32.95;USD;1565.88;20;https://raw.githubusercontent.com/dumanonur42-rgb/ticimax-stok/main/gorseller/20%2C5%20MM%20Fully%20Ground%20Matkap%20Ucu%20HSS%20D%C4%B0N338%20ER%C4%B0C%20-%20T3380205F.jpg;https://talhateknik.diaeticaret.com/20-5mm-fully-ground-matkap-ucu-hss-din338-eric-p3593
T3380200CO;20 MM Altın Seri Matkap Ucu HSS DİN338 ERİC;ERİC;Matkap ve Freze>Matkap Uçları>HSS Matkap Uçları;172;59.75;USD;2839.49;20;https://raw.githubusercontent.com/dumanonur42-rgb/ticimax-stok/main/gorseller/20%20MM%20Alt%C4%B1n%20Seri%20Matkap%20Ucu%20HSS%20D%C4%B0N338%20ER%C4%B0C%20-%20T3380200CO.jpg;https://talhateknik.diaeticaret.com/20mm-altin-seri-matkap-ucu-hss-din338-eric-p2890
T3380200F;20 MM Fully Ground Matkap Ucu HSS DİN338 ERİC;ERİC;Matkap ve Freze>Matkap Uçları>HSS Matkap Uçları;196;27.85;USD;1323.51;20;https://raw.githubusercontent.com/dumanonur42-rgb/ticimax-stok/main/gorseller/20%20MM%20Fully%20Ground%20Matkap%20Ucu%20HSS%20D%C4%B0N338%20ER%C4%B0C%20-%20T3380200F.jpg;https://talhateknik.diaeticaret.com/20mm-fully-ground-matkap-ucu-hss-din338-eric-p2848
TGT340200;20 MM Uzun Matkap Ucu HSS DIN340 GT100 ERİC;ERİC;Matkap ve Freze>Matkap Uçları>HSS Matkap Uçları;118;74.25;USD;3528.58;20;https://raw.githubusercontent.com/dumanonur42-rgb/ticimax-stok/main/gorseller/20%20MM%20Uzun%20Matkap%20Ucu%20HSS%20DIN340%20GT100%20ER%C4%B0C%20-%20TGT340200.jpg;https://talhateknik.diaeticaret.com/20mm-uzun-matkap-ucu-hss-din340-gt100-eric-p5998
T3380215F;21,5 MM Fully Ground Matkap Ucu HSS DİN338 ERİC;ERİC;Matkap ve Freze>Matkap Uçları>HSS Matkap Uçları;171;36.6;USD;1739.34;20;https://raw.githubusercontent.com/dumanonur42-rgb/ticimax-stok/main/gorseller/21%2C5%20MM%20Fully%20Ground%20Matkap%20Ucu%20HSS%20D%C4%B0N338%20ER%C4%B0C%20-%20T3380215F.jpg;https://talhateknik.diaeticaret.com/21-5mm-fully-ground-matkap-ucu-hss-din338-eric-p3595
T3380210F;21 MM Fully Ground Matkap Ucu HSS DİN338 ERİC;ERİC;Matkap ve Freze>Matkap Uçları>HSS Matkap Uçları;134;33.5;USD;1592.02;20;https://raw.githubusercontent.com/dumanonur42-rgb/ticimax-stok/main/gorseller/21%20MM%20Fully%20Ground%20Matkap%20Ucu%20HSS%20D%C4%B0N338%20ER%C4%B0C%20-%20T3380210F.jpg;https://talhateknik.diaeticaret.com/21mm-fully-ground-matkap-ucu-hss-din338-eric-p3594
T3380225F;22,5 MM Fully Ground Matkap Ucu HSS DİN338 ERİC;ERİC;Matkap ve Freze>Matkap Uçları>HSS Matkap Uçları;67;40.6;USD;1929.43;20;https://raw.githubusercontent.com/dumanonur42-rgb/ticimax-stok/main/gorseller/22%2C5%20MM%20Fully%20Ground%20Matkap%20Ucu%20HSS%20D%C4%B0N338%20ER%C4%B0C%20-%20T3380225F.jpg;https://talhateknik.diaeticaret.com/22-5mm-fully-ground-matkap-ucu-hss-din338-eric-p3597
T3380220F;22 MM Fully Ground Matkap Ucu HSS DİN338 ERİC;ERİC;Matkap ve Freze>Matkap Uçları>HSS Matkap Uçları;173;37.5;USD;1782.11;20;https://raw.githubusercontent.com/dumanonur42-rgb/ticimax-stok/main/gorseller/22%20MM%20Fully%20Ground%20Matkap%20Ucu%20HSS%20D%C4%B0N338%20ER%C4%B0C%20-%20T3380220F.jpg;https://talhateknik.diaeticaret.com/22mm-fully-ground-matkap-ucu-hss-din338-eric-p3596
T3380235F;23,5 MM Fully Ground Matkap Ucu HSS DİN338 ERİC;ERİC;Matkap ve Freze>Matkap Uçları>HSS Matkap Uçları;61;43.4;USD;2062.49;20;https://raw.githubusercontent.com/dumanonur42-rgb/ticimax-stok/main/gorseller/23%2C5%20MM%20Fully%20Ground%20Matkap%20Ucu%20HSS%20D%C4%B0N338%20ER%C4%B0C%20-%20T3380235F.jpg;https://talhateknik.diaeticaret.com/23-5mm-fully-ground-matkap-ucu-hss-din338-eric-p3599
T3380230F;23 MM Fully Ground Matkap Ucu HSS DİN338 ERİC;ERİC;Matkap ve Freze>Matkap Uçları>HSS Matkap Uçları;84;42.0;USD;1995.96;20;https://raw.githubusercontent.com/dumanonur42-rgb/ticimax-stok/main/gorseller/23%20MM%20Fully%20Ground%20Matkap%20Ucu%20HSS%20D%C4%B0N338%20ER%C4%B0C%20-%20T3380230F.jpg;https://talhateknik.diaeticaret.com/23mm-fully-ground-matkap-ucu-hss-din338-eric-p3598
T3380245F;24,5 MM Fully Ground Matkap Ucu HSS DİN338 ERİC;ERİC;Matkap ve Freze>Matkap Uçları>HSS Matkap Uçları;39;46.9;USD;2228.82;20;https://raw.githubusercontent.com/dumanonur42-rgb/ticimax-stok/main/gorseller/24%2C5%20MM%20Fully%20Ground%20Matkap%20Ucu%20HSS%20D%C4%B0N338%20ER%C4%B0C%20-%20T3380245F.jpg;https://talhateknik.diaeticaret.com/24-5mm-fully-ground-matkap-ucu-hss-din338-eric-p3601
T3380240F;24 MM Fully Ground Matkap Ucu HSS DİN338 ERİC;ERİC;Matkap ve Freze>Matkap Uçları>HSS Matkap Uçları;112;45.5;USD;2162.29;20;https://raw.githubusercontent.com/dumanonur42-rgb/ticimax-stok/main/gorseller/24%20MM%20Fully%20Ground%20Matkap%20Ucu%20HSS%20D%C4%B0N338%20ER%C4%B0C%20-%20T3380240F.jpg;https://talhateknik.diaeticaret.com/24mm-fully-ground-matkap-ucu-hss-din338-eric-p3600
T3380250F;25 MM Fully Ground Matkap Ucu HSS DİN338 ERİC;ERİC;Matkap ve Freze>Matkap Uçları>HSS Matkap Uçları;29;50.2;USD;2385.65;20;https://raw.githubusercontent.com/dumanonur42-rgb/ticimax-stok/main/gorseller/25%20MM%20Fully%20Ground%20Matkap%20Ucu%20HSS%20D%C4%B0N338%20ER%C4%B0C%20-%20T3380250F.jpg;https://talhateknik.diaeticaret.com/25mm-fully-ground-matkap-ucu-hss-din338-eric-p3602
T3380020CO;2 MM Altın Seri Matkap Ucu HSS DİN338 ERİC;ERİC;Matkap ve Freze>Matkap Uçları>HSS Matkap Uçları;3140;0.41;USD;19.48;20;https://raw.githubusercontent.com/dumanonur42-rgb/ticimax-stok/main/gorseller/2%20MM%20Alt%C4%B1n%20Seri%20Matkap%20Ucu%20HSS%20D%C4%B0N338%20ER%C4%B0C%20-%20T3380020CO.jpg;https://talhateknik.diaeticaret.com/2mm-altin-seri-matkap-ucu-hss-din338-eric-p2849
T3380020F;2 MM Fully Ground Matkap Ucu HSS DİN338 ERİC;ERİC;Matkap ve Freze>Matkap Uçları>HSS Matkap Uçları;2800;0.29;USD;13.78;20;https://raw.githubusercontent.com/dumanonur42-rgb/ticimax-stok/main/gorseller/2%20MM%20Fully%20Ground%20Matkap%20Ucu%20HSS%20D%C4%B0N338%20ER%C4%B0C%20-%20T3380020F.jpg;https://talhateknik.diaeticaret.com/2mm-fully-ground-matkap-ucu-hss-din338-eric-p2808
TGT340020;2 MM Uzun Matkap Ucu HSS DIN340 GT100 ERİC;ERİC;Matkap ve Freze>Matkap Uçları>HSS Matkap Uçları;2780;0.63;USD;29.94;20;https://raw.githubusercontent.com/dumanonur42-rgb/ticimax-stok/main/gorseller/2%20MM%20Uzun%20Matkap%20Ucu%20HSS%20DIN340%20GT100%20ER%C4%B0C%20-%20TGT340020.jpg;https://talhateknik.diaeticaret.com/2mm-uzun-matkap-ucu-hss-din340-gt100-eric-p5958
T3380031CO;3,1 MM Altın Seri Matkap Ucu HSS DİN338 ERİC;ERİC;Matkap ve Freze>Matkap Uçları>HSS Matkap Uçları;800;0.77;USD;36.59;20;https://raw.githubusercontent.com/dumanonur42-rgb/ticimax-stok/main/gorseller/3%2C1%20MM%20Alt%C4%B1n%20Seri%20Matkap%20Ucu%20HSS%20D%C4%B0N338%20ER%C4%B0C%20-%20T3380031CO.jpg;https://talhateknik.diaeticaret.com/3-1mm-altin-seri-matkap-ucu-hss-din338-eric-p5814
T3380031F;3,1 MM Fully Ground Matkap Ucu HSS DİN338 ERİC;ERİC;Matkap ve Freze>Matkap Uçları>HSS Matkap Uçları;820;0.69;USD;32.79;20;https://raw.githubusercontent.com/dumanonur42-rgb/ticimax-stok/main/gorseller/3%2C1%20MM%20Fully%20Ground%20Matkap%20Ucu%20HSS%20D%C4%B0N338%20ER%C4%B0C%20-%20T3380031F.jpg;https://talhateknik.diaeticaret.com/3-1mm-fully-ground-matkap-ucu-hss-din338-eric-p5700
T3380032CO;3,2 MM Altın Seri Matkap Ucu HSS DİN338 ERİC;ERİC;Matkap ve Freze>Matkap Uçları>HSS Matkap Uçları;3080;0.77;USD;36.59;20;https://raw.githubusercontent.com/dumanonur42-rgb/ticimax-stok/main/gorseller/3%2C2%20MM%20Alt%C4%B1n%20Seri%20Matkap%20Ucu%20HSS%20D%C4%B0N338%20ER%C4%B0C%20-%20T3380032CO.jpg;https://talhateknik.diaeticaret.com/3-2mm-altin-seri-matkap-ucu-hss-din338-eric-p2852
T3380032F;3,2 MM Fully Ground Matkap Ucu HSS DİN338 ERİC;ERİC;Matkap ve Freze>Matkap Uçları>HSS Matkap Uçları;4440;0.69;USD;32.79;20;https://raw.githubusercontent.com/dumanonur42-rgb/ticimax-stok/main/gorseller/3%2C2%20MM%20Fully%20Ground%20Matkap%20Ucu%20HSS%20D%C4%B0N338%20ER%C4%B0C%20-%20T3380032F.jpg;https://talhateknik.diaeticaret.com/3-2mm-fully-ground-matkap-ucu-hss-din338-eric-p2811
TGT340032;3,2 MM Uzun Matkap Ucu HSS DIN340 GT100 ERİC;ERİC;Matkap ve Freze>Matkap Uçları>HSS Matkap Uçları;1900;1.15;USD;54.65;20;https://raw.githubusercontent.com/dumanonur42-rgb/ticimax-stok/main/gorseller/3%2C2%20MM%20Uzun%20Matkap%20Ucu%20HSS%20DIN340%20GT100%20ER%C4%B0C%20-%20TGT340032.jpg;https://talhateknik.diaeticaret.com/3-2mm-uzun-matkap-ucu-hss-din340-gt100-eric-p5961
T3380033CO;3,3 MM Altın Seri Matkap Ucu HSS DİN338 ERİC;ERİC;Matkap ve Freze>Matkap Uçları>HSS Matkap Uçları;1690;0.9;USD;42.77;20;https://raw.githubusercontent.com/dumanonur42-rgb/ticimax-stok/main/gorseller/3%2C3%20MM%20Alt%C4%B1n%20Seri%20Matkap%20Ucu%20HSS%20D%C4%B0N338%20ER%C4%B0C%20-%20T3380033CO.jpg;https://talhateknik.diaeticaret.com/3-3mm-altin-seri-matkap-ucu-hss-din338-eric-p5815
T3380033F;3,3 MM Fully Ground Matkap Ucu HSS DİN338 ERİC;ERİC;Matkap ve Freze>Matkap Uçları>HSS Matkap Uçları;510;0.69;USD;32.79;20;https://raw.githubusercontent.com/dumanonur42-rgb/ticimax-stok/main/gorseller/3%2C3%20MM%20Fully%20Ground%20Matkap%20Ucu%20HSS%20D%C4%B0N338%20ER%C4%B0C%20-%20T3380033F.jpg;https://talhateknik.diaeticaret.com/3-3mm-fully-ground-matkap-ucu-hss-din338-eric-p3587
TGT340033;3,3 MM Uzun Matkap Ucu HSS DIN340 GT100 ERİC;ERİC;Matkap ve Freze>Matkap Uçları>HSS Matkap Uçları;1460;1.27;USD;60.35;20;https://raw.githubusercontent.com/dumanonur42-rgb/ticimax-stok/main/gorseller/3%2C3%20MM%20Uzun%20Matkap%20Ucu%20HSS%20DIN340%20GT100%20ER%C4%B0C%20-%20TGT340033.jpg;https://talhateknik.diaeticaret.com/3-3mm-uzun-matkap-ucu-hss-din340-gt100-eric-p5962
T3380034CO;3,4 MM Altın Seri Matkap Ucu HSS DİN338 ERİC;ERİC;Matkap ve Freze>Matkap Uçları>HSS Matkap Uçları;1930;0.9;USD;42.77;20;https://raw.githubusercontent.com/dumanonur42-rgb/ticimax-stok/main/gorseller/3%2C4%20MM%20Alt%C4%B1n%20Seri%20Matkap%20Ucu%20HSS%20D%C4%B0N338%20ER%C4%B0C%20-%20T3380034CO.jpg;https://talhateknik.diaeticaret.com/3-4mm-altin-seri-matkap-ucu-hss-din338-eric-p5816
T3380034F;3,4 MM Fully Ground Matkap Ucu HSS DİN338 ERİC;ERİC;Matkap ve Freze>Matkap Uçları>HSS Matkap Uçları;1420;0.69;USD;32.79;20;https://raw.githubusercontent.com/dumanonur42-rgb/ticimax-stok/main/gorseller/3%2C4%20MM%20Fully%20Ground%20Matkap%20Ucu%20HSS%20D%C4%B0N338%20ER%C4%B0C%20-%20T3380034F.jpg;https://talhateknik.diaeticaret.com/3-4mm-fully-ground-matkap-ucu-hss-din338-eric-p3588
T3380035CO;3,5 MM Altın Seri Matkap Ucu HSS DİN338 ERİC;ERİC;Matkap ve Freze>Matkap Uçları>HSS Matkap Uçları;3630;0.9;USD;42.77;20;https://raw.githubusercontent.com/dumanonur42-rgb/ticimax-stok/main/gorseller/3%2C5%20MM%20Alt%C4%B1n%20Seri%20Matkap%20Ucu%20HSS%20D%C4%B0N338%20ER%C4%B0C%20-%20T3380035CO.jpg;https://talhateknik.diaeticaret.com/3-5mm-altin-seri-matkap-ucu-hss-din338-eric-p2853
T3380035F;3,5 MM Fully Ground Matkap Ucu HSS DİN338 ERİC;ERİC;Matkap ve Freze>Matkap Uçları>HSS Matkap Uçları;4680;0.69;USD;32.79;20;https://raw.githubusercontent.com/dumanonur42-rgb/ticimax-stok/main/gorseller/3%2C5%20MM%20Fully%20Ground%20Matkap%20Ucu%20HSS%20D%C4%B0N338%20ER%C4%B0C%20-%20T3380035F.jpg;https://talhateknik.diaeticaret.com/3-5mm-fully-ground-matkap-ucu-hss-din338-eric-p2812
TGT340035;3,5 MM Uzun Matkap Ucu HSS DIN340 GT100 ERİC;ERİC;Matkap ve Freze>Matkap Uçları>HSS Matkap Uçları;1880;1.27;USD;60.35;20;https://raw.githubusercontent.com/dumanonur42-rgb/ticimax-stok/main/gorseller/3%2C5%20MM%20Uzun%20Matkap%20Ucu%20HSS%20DIN340%20GT100%20ER%C4%B0C%20-%20TGT340035.jpg;https://talhateknik.diaeticaret.com/3-5mm-uzun-matkap-ucu-hss-din340-gt100-eric-p5963
T3380036CO;3,6 MM Altın Seri Matkap Ucu HSS DİN338 ERİC;ERİC;Matkap ve Freze>Matkap Uçları>HSS Matkap Uçları;1410;1.11;USD;52.75;20;https://raw.githubusercontent.com/dumanonur42-rgb/ticimax-stok/main/gorseller/3%2C6%20MM%20Alt%C4%B1n%20Seri%20Matkap%20Ucu%20HSS%20D%C4%B0N338%20ER%C4%B0C%20-%20T3380036CO.jpg;https://talhateknik.diaeticaret.com/3-6mm-altin-seri-matkap-ucu-hss-din338-eric-p5817
T3380036F;3,6 MM Fully Ground Matkap Ucu HSS DİN338 ERİC;ERİC;Matkap ve Freze>Matkap Uçları>HSS Matkap Uçları;900;0.76;USD;36.12;20;https://raw.githubusercontent.com/dumanonur42-rgb/ticimax-stok/main/gorseller/3%2C6%20MM%20Fully%20Ground%20Matkap%20Ucu%20HSS%20D%C4%B0N338%20ER%C4%B0C%20-%20T3380036F.jpg;https://talhateknik.diaeticaret.com/3-6mm-fully-ground-matkap-ucu-hss-din338-eric-p5701
T3380037CO;3,7 MM Altın Seri Matkap Ucu HSS DİN338 ERİC;ERİC;Matkap ve Freze>Matkap Uçları>HSS Matkap Uçları;880;1.11;USD;52.75;20;https://raw.githubusercontent.com/dumanonur42-rgb/ticimax-stok/main/gorseller/3%2C7%20MM%20Alt%C4%B1n%20Seri%20Matkap%20Ucu%20HSS%20D%C4%B0N338%20ER%C4%B0C%20-%20T3380037CO.jpg;https://talhateknik.diaeticaret.com/3-7mm-altin-seri-matkap-ucu-hss-din338-eric-p5818
T3380037F;3,7 MM Fully Ground Matkap Ucu HSS DİN338 ERİC;ERİC;Matkap ve Freze>Matkap Uçları>HSS Matkap Uçları;950;0.76;USD;36.12;20;https://raw.githubusercontent.com/dumanonur42-rgb/ticimax-stok/main/gorseller/3%2C7%20MM%20Fully%20Ground%20Matkap%20Ucu%20HSS%20D%C4%B0N338%20ER%C4%B0C%20-%20T3380037F.jpg;https://talhateknik.diaeticaret.com/3-7mm-fully-ground-matkap-ucu-hss-din338-eric-p5702
T3380038CO;3,8 MM Altın Seri Matkap Ucu HSS DİN338 ERİC;ERİC;Matkap ve Freze>Matkap Uçları>HSS Matkap Uçları;1220;1.11;USD;52.75;20;https://raw.githubusercontent.com/dumanonur42-rgb/ticimax-stok/main/gorseller/3%2C8%20MM%20Alt%C4%B1n%20Seri%20Matkap%20Ucu%20HSS%20D%C4%B0N338%20ER%C4%B0C%20-%20T3380038CO.jpg;https://talhateknik.diaeticaret.com/3-8mm-altin-seri-matkap-ucu-hss-din338-eric-p5819
T3380038F;3,8 MM Fully Ground Matkap Ucu HSS DİN338 ERİC;ERİC;Matkap ve Freze>Matkap Uçları>HSS Matkap Uçları;1090;0.76;USD;36.12;20;https://raw.githubusercontent.com/dumanonur42-rgb/ticimax-stok/main/gorseller/3%2C8%20MM%20Fully%20Ground%20Matkap%20Ucu%20HSS%20D%C4%B0N338%20ER%C4%B0C%20-%20T3380038F.jpg;https://talhateknik.diaeticaret.com/3-8mm-fully-ground-matkap-ucu-hss-din338-eric-p5703
T3380039CO;3,9 MM Altın Seri Matkap Ucu HSS DİN338 ERİC;ERİC;Matkap ve Freze>Matkap Uçları>HSS Matkap Uçları;940;1.11;USD;52.75;20;https://raw.githubusercontent.com/dumanonur42-rgb/ticimax-stok/main/gorseller/3%2C9%20MM%20Alt%C4%B1n%20Seri%20Matkap%20Ucu%20HSS%20D%C4%B0N338%20ER%C4%B0C%20-%20T3380039CO.jpg;https://talhateknik.diaeticaret.com/3-9mm-altin-seri-matkap-ucu-hss-din338-eric-p5820
T3380039F;3,9 MM Fully Ground Matkap Ucu HSS DİN338 ERİC;ERİC;Matkap ve Freze>Matkap Uçları>HSS Matkap Uçları;930;0.76;USD;36.12;20;https://raw.githubusercontent.com/dumanonur42-rgb/ticimax-stok/main/gorseller/3%2C9%20MM%20Fully%20Ground%20Matkap%20Ucu%20HSS%20D%C4%B0N338%20ER%C4%B0C%20-%20T3380039F.jpg;https://talhateknik.diaeticaret.com/3-9mm-fully-ground-matkap-ucu-hss-din338-eric-p5704
T3380030CO;3 MM Altın Seri Matkap Ucu HSS DİN338 ERİC;ERİC;Matkap ve Freze>Matkap Uçları>HSS Matkap Uçları;7970;0.68;USD;32.32;20;https://raw.githubusercontent.com/dumanonur42-rgb/ticimax-stok/main/gorseller/3%20MM%20Alt%C4%B1n%20Seri%20Matkap%20Ucu%20HSS%20D%C4%B0N338%20ER%C4%B0C%20-%20T3380030CO.jpg;https://talhateknik.diaeticaret.com/3mm-altin-seri-matkap-ucu-hss-din338-eric-p2851
T3380030F;3 MM Fully Ground Matkap Ucu HSS DİN338 ERİC;ERİC;Matkap ve Freze>Matkap Uçları>HSS Matkap Uçları;4460;0.58;USD;27.56;20;https://raw.githubusercontent.com/dumanonur42-rgb/ticimax-stok/main/gorseller/3%20MM%20Fully%20Ground%20Matkap%20Ucu%20HSS%20D%C4%B0N338%20ER%C4%B0C%20-%20T3380030F.jpg;https://talhateknik.diaeticaret.com/3mm-fully-ground-matkap-ucu-hss-din338-eric-p2810
TGT340030;3 MM Uzun Matkap Ucu HSS DIN340 GT100 ERİC;ERİC;Matkap ve Freze>Matkap Uçları>HSS Matkap Uçları;2600;0.99;USD;47.05;20;https://raw.githubusercontent.com/dumanonur42-rgb/ticimax-stok/main/gorseller/3%20MM%20Uzun%20Matkap%20Ucu%20HSS%20DIN340%20GT100%20ER%C4%B0C%20-%20TGT340030.jpg;https://talhateknik.diaeticaret.com/3mm-uzun-matkap-ucu-hss-din340-gt100-eric-p5960
T3380041CO;4,1 MM Altın Seri Matkap Ucu HSS DİN338 ERİC;ERİC;Matkap ve Freze>Matkap Uçları>HSS Matkap Uçları;780;1.17;USD;55.6;20;https://raw.githubusercontent.com/dumanonur42-rgb/ticimax-stok/main/gorseller/4%2C1%20MM%20Alt%C4%B1n%20Seri%20Matkap%20Ucu%20HSS%20D%C4%B0N338%20ER%C4%B0C%20-%20T3380041CO.jpg;https://talhateknik.diaeticaret.com/4-1mm-altin-seri-matkap-ucu-hss-din338-eric-p5821
T3380041F;4,1 MM Fully Ground Matkap Ucu HSS DİN338 ERİC;ERİC;Matkap ve Freze>Matkap Uçları>HSS Matkap Uçları;1400;0.83;USD;39.44;20;https://raw.githubusercontent.com/dumanonur42-rgb/ticimax-stok/main/gorseller/4%2C1%20MM%20Fully%20Ground%20Matkap%20Ucu%20HSS%20D%C4%B0N338%20ER%C4%B0C%20-%20T3380041F.jpg;https://talhateknik.diaeticaret.com/4-1mm-fully-ground-matkap-ucu-hss-din338-eric-p5705
T3380042CO;4,2 MM Altın Seri Matkap Ucu HSS DİN338 ERİC;ERİC;Matkap ve Freze>Matkap Uçları>HSS Matkap Uçları;5780;1.17;USD;55.6;20;https://raw.githubusercontent.com/dumanonur42-rgb/ticimax-stok/main/gorseller/4%2C2%20MM%20Alt%C4%B1n%20Seri%20Matkap%20Ucu%20HSS%20D%C4%B0N338%20ER%C4%B0C%20-%20T3380042CO.jpg;https://talhateknik.diaeticaret.com/4-2mm-altin-seri-matkap-ucu-hss-din338-eric-p2855
T3380042F;4,2 MM Fully Ground Matkap Ucu HSS DİN338 ERİC;ERİC;Matkap ve Freze>Matkap Uçları>HSS Matkap Uçları;3820;0.83;USD;39.44;20;https://raw.githubusercontent.com/dumanonur42-rgb/ticimax-stok/main/gorseller/4%2C2%20MM%20Fully%20Ground%20Matkap%20Ucu%20HSS%20D%C4%B0N338%20ER%C4%B0C%20-%20T3380042F.jpg;https://talhateknik.diaeticaret.com/4-2mm-fully-ground-matkap-ucu-hss-din338-eric-p2814
TGT340042;4,2 MM Uzun Matkap Ucu HSS DIN340 GT100 ERİC;ERİC;Matkap ve Freze>Matkap Uçları>HSS Matkap Uçları;1860;1.62;USD;76.99;20;https://raw.githubusercontent.com/dumanonur42-rgb/ticimax-stok/main/gorseller/4%2C2%20MM%20Uzun%20Matkap%20Ucu%20HSS%20DIN340%20GT100%20ER%C4%B0C%20-%20TGT340042.jpg;https://talhateknik.diaeticaret.com/4-2mm-uzun-matkap-ucu-hss-din340-gt100-eric-p5965
T3380043CO;4,3 MM Altın Seri Matkap Ucu HSS DİN338 ERİC;ERİC;Matkap ve Freze>Matkap Uçları>HSS Matkap Uçları;970;1.4;USD;66.53;20;https://raw.githubusercontent.com/dumanonur42-rgb/ticimax-stok/main/gorseller/4%2C3%20MM%20Alt%C4%B1n%20Seri%20Matkap%20Ucu%20HSS%20D%C4%B0N338%20ER%C4%B0C%20-%20T3380043CO.jpg;https://talhateknik.diaeticaret.com/4-3mm-altin-seri-matkap-ucu-hss-din338-eric-p5822
T3380043F;4,3 MM Fully Ground Matkap Ucu HSS DİN338 ERİC;ERİC;Matkap ve Freze>Matkap Uçları>HSS Matkap Uçları;1520;0.83;USD;39.44;20;https://raw.githubusercontent.com/dumanonur42-rgb/ticimax-stok/main/gorseller/4%2C3%20MM%20Fully%20Ground%20Matkap%20Ucu%20HSS%20D%C4%B0N338%20ER%C4%B0C%20-%20T3380043F.jpg;https://talhateknik.diaeticaret.com/4-3mm-fully-ground-matkap-ucu-hss-din338-eric-p3589
T3380044CO;4,4 MM Altın Seri Matkap Ucu HSS DİN338 ERİC;ERİC;Matkap ve Freze>Matkap Uçları>HSS Matkap Uçları;910;1.4;USD;66.53;20;https://raw.githubusercontent.com/dumanonur42-rgb/ticimax-stok/main/gorseller/4%2C4%20MM%20Alt%C4%B1n%20Seri%20Matkap%20Ucu%20HSS%20D%C4%B0N338%20ER%C4%B0C%20-%20T3380044CO.jpg;https://talhateknik.diaeticaret.com/4-4mm-altin-seri-matkap-ucu-hss-din338-eric-p5823
T3380044F;4,4 MM Fully Ground Matkap Ucu HSS DİN338 ERİC;ERİC;Matkap ve Freze>Matkap Uçları>HSS Matkap Uçları;970;0.83;USD;39.44;20;https://raw.githubusercontent.com/dumanonur42-rgb/ticimax-stok/main/gorseller/4%2C4%20MM%20Fully%20Ground%20Matkap%20Ucu%20HSS%20D%C4%B0N338%20ER%C4%B0C%20-%20T3380044F.jpg;https://talhateknik.diaeticaret.com/4-4mm-fully-ground-matkap-ucu-hss-din338-eric-p5706
T3380045CO;4,5 MM Altın Seri Matkap Ucu HSS DİN338 ERİC;ERİC;Matkap ve Freze>Matkap Uçları>HSS Matkap Uçları;3240;1.4;USD;66.53;20;https://raw.githubusercontent.com/dumanonur42-rgb/ticimax-stok/main/gorseller/4%2C5%20MM%20Alt%C4%B1n%20Seri%20Matkap%20Ucu%20HSS%20D%C4%B0N338%20ER%C4%B0C%20-%20T3380045CO.jpg;https://talhateknik.diaeticaret.com/4-5mm-altin-seri-matkap-ucu-hss-din338-eric-p2856
T3380045F;4,5 MM Fully Ground Matkap Ucu HSS DİN338 ERİC;ERİC;Matkap ve Freze>Matkap Uçları>HSS Matkap Uçları;1920;0.9;USD;42.77;20;https://raw.githubusercontent.com/dumanonur42-rgb/ticimax-stok/main/gorseller/4%2C5%20MM%20Fully%20Ground%20Matkap%20Ucu%20HSS%20D%C4%B0N338%20ER%C4%B0C%20-%20T3380045F.jpg;https://talhateknik.diaeticaret.com/4-5mm-fully-ground-matkap-ucu-hss-din338-eric-p2815
TGT340045;4,5 MM Uzun Matkap Ucu HSS DIN340 GT100 ERİC;ERİC;Matkap ve Freze>Matkap Uçları>HSS Matkap Uçları;890;1.85;USD;87.92;20;https://raw.githubusercontent.com/dumanonur42-rgb/ticimax-stok/main/gorseller/4%2C5%20MM%20Uzun%20Matkap%20Ucu%20HSS%20DIN340%20GT100%20ER%C4%B0C%20-%20TGT340045.jpg;https://talhateknik.diaeticaret.com/4-5mm-uzun-matkap-ucu-hss-din340-gt100-eric-p5966
T3380046CO;4,6 MM Altın Seri Matkap Ucu HSS DİN338 ERİC;ERİC;Matkap ve Freze>Matkap Uçları>HSS Matkap Uçları;900;1.75;USD;83.17;20;https://raw.githubusercontent.com/dumanonur42-rgb/ticimax-stok/main/gorseller/4%2C6%20MM%20Alt%C4%B1n%20Seri%20Matkap%20Ucu%20HSS%20D%C4%B0N338%20ER%C4%B0C%20-%20T3380046CO.jpg;https://talhateknik.diaeticaret.com/4-6mm-altin-seri-matkap-ucu-hss-din338-eric-p5824
T3380046F;4,6 MM Fully Ground Matkap Ucu HSS DİN338 ERİC;ERİC;Matkap ve Freze>Matkap Uçları>HSS Matkap Uçları;960;1.1;USD;52.28;20;https://raw.githubusercontent.com/dumanonur42-rgb/ticimax-stok/main/gorseller/4%2C6%20MM%20Fully%20Ground%20Matkap%20Ucu%20HSS%20D%C4%B0N338%20ER%C4%B0C%20-%20T3380046F.jpg;https://talhateknik.diaeticaret.com/4-6mm-fully-ground-matkap-ucu-hss-din338-eric-p5707
T3380047CO;4,7 MM Altın Seri Matkap Ucu HSS DİN338 ERİC;ERİC;Matkap ve Freze>Matkap Uçları>HSS Matkap Uçları;840;1.75;USD;83.17;20;https://raw.githubusercontent.com/dumanonur42-rgb/ticimax-stok/main/gorseller/4%2C7%20MM%20Alt%C4%B1n%20Seri%20Matkap%20Ucu%20HSS%20D%C4%B0N338%20ER%C4%B0C%20-%20T3380047CO.jpg;https://talhateknik.diaeticaret.com/4-7mm-altin-seri-matkap-ucu-hss-din338-eric-p5825
T3380047F;4,7 MM Fully Ground Matkap Ucu HSS DİN338 ERİC;ERİC;Matkap ve Freze>Matkap Uçları>HSS Matkap Uçları;920;1.1;USD;52.28;20;https://raw.githubusercontent.com/dumanonur42-rgb/ticimax-stok/main/gorseller/4%2C7%20MM%20Fully%20Ground%20Matkap%20Ucu%20HSS%20D%C4%B0N338%20ER%C4%B0C%20-%20T3380047F.jpg;https://talhateknik.diaeticaret.com/4-7mm-fully-ground-matkap-ucu-hss-din338-eric-p5708
T3380048CO;4,8 MM Altın Seri Matkap Ucu HSS DİN338 ERİC;ERİC;Matkap ve Freze>Matkap Uçları>HSS Matkap Uçları;790;1.75;USD;83.17;20;https://raw.githubusercontent.com/dumanonur42-rgb/ticimax-stok/main/gorseller/4%2C8%20MM%20Alt%C4%B1n%20Seri%20Matkap%20Ucu%20HSS%20D%C4%B0N338%20ER%C4%B0C%20-%20T3380048CO.jpg;https://talhateknik.diaeticaret.com/4-8mm-altin-seri-matkap-ucu-hss-din338-eric-p5826
T3380048F;4,8 MM Fully Ground Matkap Ucu HSS DİN338 ERİC;ERİC;Matkap ve Freze>Matkap Uçları>HSS Matkap Uçları;1120;1.1;USD;52.28;20;https://raw.githubusercontent.com/dumanonur42-rgb/ticimax-stok/main/gorseller/4%2C8%20MM%20Fully%20Ground%20Matkap%20Ucu%20HSS%20D%C4%B0N338%20ER%C4%B0C%20-%20T3380048F.jpg;https://talhateknik.diaeticaret.com/4-8mm-fully-ground-matkap-ucu-hss-din338-eric-p5709
T3380049CO;4,9 MM Altın Seri Matkap Ucu HSS DİN338 ERİC;ERİC;Matkap ve Freze>Matkap Uçları>HSS Matkap Uçları;810;1.75;USD;83.17;20;https://raw.githubusercontent.com/dumanonur42-rgb/ticimax-stok/main/gorseller/4%2C9%20MM%20Alt%C4%B1n%20Seri%20Matkap%20Ucu%20HSS%20D%C4%B0N338%20ER%C4%B0C%20-%20T3380049CO.jpg;https://talhateknik.diaeticaret.com/4-9mm-altin-seri-matkap-ucu-hss-din338-eric-p5827
T3380049F;4,9 MM Fully Ground Matkap Ucu HSS DİN338 ERİC;ERİC;Matkap ve Freze>Matkap Uçları>HSS Matkap Uçları;930;1.1;USD;52.28;20;https://raw.githubusercontent.com/dumanonur42-rgb/ticimax-stok/main/gorseller/4%2C9%20MM%20Fully%20Ground%20Matkap%20Ucu%20HSS%20D%C4%B0N338%20ER%C4%B0C%20-%20T3380049F.jpg;https://talhateknik.diaeticaret.com/4-9mm-fully-ground-matkap-ucu-hss-din338-eric-p5710
T3380040CO;4 MM Altın Seri Matkap Ucu HSS DİN338 ERİC;ERİC;Matkap ve Freze>Matkap Uçları>HSS Matkap Uçları;7340;1.11;USD;52.75;20;https://raw.githubusercontent.com/dumanonur42-rgb/ticimax-stok/main/gorseller/4%20MM%20Alt%C4%B1n%20Seri%20Matkap%20Ucu%20HSS%20D%C4%B0N338%20ER%C4%B0C%20-%20T3380040CO.jpg;https://talhateknik.diaeticaret.com/4mm-altin-seri-matkap-ucu-hss-din338-eric-p2854
T3380040F;4 MM Fully Ground Matkap Ucu HSS DİN338 ERİC;ERİC;Matkap ve Freze>Matkap Uçları>HSS Matkap Uçları;7160;0.76;USD;36.12;20;https://raw.githubusercontent.com/dumanonur42-rgb/ticimax-stok/main/gorseller/4%20MM%20Fully%20Ground%20Matkap%20Ucu%20HSS%20D%C4%B0N338%20ER%C4%B0C%20-%20T3380040F.jpg;https://talhateknik.diaeticaret.com/4mm-fully-ground-matkap-ucu-hss-din338-eric-p2813
TGT340040;4 MM Uzun Matkap Ucu HSS DIN340 GT100 ERİC;ERİC;Matkap ve Freze>Matkap Uçları>HSS Matkap Uçları;2610;1.51;USD;71.76;20;https://raw.githubusercontent.com/dumanonur42-rgb/ticimax-stok/main/gorseller/4%20MM%20Uzun%20Matkap%20Ucu%20HSS%20DIN340%20GT100%20ER%C4%B0C%20-%20TGT340040.jpg;https://talhateknik.diaeticaret.com/4mm-uzun-matkap-ucu-hss-din340-gt100-eric-p5964
T3380051CO;5,1 MM Altın Seri Matkap Ucu HSS DİN338 ERİC;ERİC;Matkap ve Freze>Matkap Uçları>HSS Matkap Uçları;190;2.15;USD;102.17;20;https://raw.githubusercontent.com/dumanonur42-rgb/ticimax-stok/main/gorseller/5%2C1%20MM%20Alt%C4%B1n%20Seri%20Matkap%20Ucu%20HSS%20D%C4%B0N338%20ER%C4%B0C%20-%20T3380051CO.jpg;https://talhateknik.diaeticaret.com/5-1mm-altin-seri-matkap-ucu-hss-din338-eric-p5828
T3380051F;5,1 MM Fully Ground Matkap Ucu HSS DİN338 ERİC;ERİC;Matkap ve Freze>Matkap Uçları>HSS Matkap Uçları;760;1.4;USD;66.53;20;https://raw.githubusercontent.com/dumanonur42-rgb/ticimax-stok/main/gorseller/5%2C1%20MM%20Fully%20Ground%20Matkap%20Ucu%20HSS%20D%C4%B0N338%20ER%C4%B0C%20-%20T3380051F.jpg;https://talhateknik.diaeticaret.com/5-1mm-fully-ground-matkap-ucu-hss-din338-eric-p4270
T3380052CO;5,2 MM Altın Seri Matkap Ucu HSS DİN338 ERİC;ERİC;Matkap ve Freze>Matkap Uçları>HSS Matkap Uçları;3080;2.15;USD;102.17;20;https://raw.githubusercontent.com/dumanonur42-rgb/ticimax-stok/main/gorseller/5%2C2%20MM%20Alt%C4%B1n%20Seri%20Matkap%20Ucu%20HSS%20D%C4%B0N338%20ER%C4%B0C%20-%20T3380052CO.jpg;https://talhateknik.diaeticaret.com/5-2mm-altin-seri-matkap-ucu-hss-din338-eric-p2858
T3380052F;5,2 MM Fully Ground Matkap Ucu HSS DİN338 ERİC;ERİC;Matkap ve Freze>Matkap Uçları>HSS Matkap Uçları;680;1.4;USD;66.53;20;https://raw.githubusercontent.com/dumanonur42-rgb/ticimax-stok/main/gorseller/5%2C2%20MM%20Fully%20Ground%20Matkap%20Ucu%20HSS%20D%C4%B0N338%20ER%C4%B0C%20-%20T3380052F.jpg;https://talhateknik.diaeticaret.com/5-2mm-fully-ground-matkap-ucu-hss-din338-eric-p2817
TGT340052;5,2 MM Uzun Matkap Ucu HSS DIN340 GT100 ERİC;ERİC;Matkap ve Freze>Matkap Uçları>HSS Matkap Uçları;1870;2.87;USD;136.39;20;https://raw.githubusercontent.com/dumanonur42-rgb/ticimax-stok/main/gorseller/5%2C2%20MM%20Uzun%20Matkap%20Ucu%20HSS%20DIN340%20GT100%20ER%C4%B0C%20-%20TGT340052.jpg;https://talhateknik.diaeticaret.com/5-2mm-uzun-matkap-ucu-hss-din340-gt100-eric-p5968
T3380053CO;5,3 MM Altın Seri Matkap Ucu HSS DİN338 ERİC;ERİC;Matkap ve Freze>Matkap Uçları>HSS Matkap Uçları;1730;2.15;USD;102.17;20;https://raw.githubusercontent.com/dumanonur42-rgb/ticimax-stok/main/gorseller/5%2C3%20MM%20Alt%C4%B1n%20Seri%20Matkap%20Ucu%20HSS%20D%C4%B0N338%20ER%C4%B0C%20-%20T3380053CO.jpg;https://talhateknik.diaeticaret.com/5-3mm-altin-seri-matkap-ucu-hss-din338-eric-p5829
T3380053F;5,3 MM Fully Ground Matkap Ucu HSS DİN338 ERİC;ERİC;Matkap ve Freze>Matkap Uçları>HSS Matkap Uçları;790;1.4;USD;66.53;20;https://raw.githubusercontent.com/dumanonur42-rgb/ticimax-stok/main/gorseller/5%2C3%20MM%20Fully%20Ground%20Matkap%20Ucu%20HSS%20D%C4%B0N338%20ER%C4%B0C%20-%20T3380053F.jpg;https://talhateknik.diaeticaret.com/5-3mm-fully-ground-matkap-ucu-hss-din338-eric-p5711
T3380054CO;5,4 MM Altın Seri Matkap Ucu HSS DİN338 ERİC;ERİC;Matkap ve Freze>Matkap Uçları>HSS Matkap Uçları;850;2.15;USD;102.17;20;https://raw.githubusercontent.com/dumanonur42-rgb/ticimax-stok/main/gorseller/5%2C4%20MM%20Alt%C4%B1n%20Seri%20Matkap%20Ucu%20HSS%20D%C4%B0N338%20ER%C4%B0C%20-%20T3380054CO.jpg;https://talhateknik.diaeticaret.com/5-4mm-altin-seri-matkap-ucu-hss-din338-eric-p5830
T3380054F;5,4 MM Fully Ground Matkap Ucu HSS DİN338 ERİC;ERİC;Matkap ve Freze>Matkap Uçları>HSS Matkap Uçları;930;1.4;USD;66.53;20;https://raw.githubusercontent.com/dumanonur42-rgb/ticimax-stok/main/gorseller/5%2C4%20MM%20Fully%20Ground%20Matkap%20Ucu%20HSS%20D%C4%B0N338%20ER%C4%B0C%20-%20T3380054F.jpg;https://talhateknik.diaeticaret.com/5-4mm-fully-ground-matkap-ucu-hss-din338-eric-p5712
T3380055CO;5,5 MM Altın Seri Matkap Ucu HSS DİN338 ERİC;ERİC;Matkap ve Freze>Matkap Uçları>HSS Matkap Uçları;2470;2.15;USD;102.17;20;https://raw.githubusercontent.com/dumanonur42-rgb/ticimax-stok/main/gorseller/5%2C5%20MM%20Alt%C4%B1n%20Seri%20Matkap%20Ucu%20HSS%20D%C4%B0N338%20ER%C4%B0C%20-%20T3380055CO.jpg;https://talhateknik.diaeticaret.com/5-5mm-altin-seri-matkap-ucu-hss-din338-eric-p2859
T3380055F;5,5 MM Fully Ground Matkap Ucu HSS DİN338 ERİC;ERİC;Matkap ve Freze>Matkap Uçları>HSS Matkap Uçları;740;1.4;USD;66.53;20;https://raw.githubusercontent.com/dumanonur42-rgb/ticimax-stok/main/gorseller/5%2C5%20MM%20Fully%20Ground%20Matkap%20Ucu%20HSS%20D%C4%B0N338%20ER%C4%B0C%20-%20T3380055F.jpg;https://talhateknik.diaeticaret.com/5-5mm-fully-ground-matkap-ucu-hss-din338-eric-p2818
TGT340055;5,5 MM Uzun Matkap Ucu HSS DIN340 GT100 ERİC;ERİC;Matkap ve Freze>Matkap Uçları>HSS Matkap Uçları;910;2.87;USD;136.39;20;https://raw.githubusercontent.com/dumanonur42-rgb/ticimax-stok/main/gorseller/5%2C5%20MM%20Uzun%20Matkap%20Ucu%20HSS%20DIN340%20GT100%20ER%C4%B0C%20-%20TGT340055.jpg;https://talhateknik.diaeticaret.com/5-5mm-uzun-matkap-ucu-hss-din340-gt100-eric-p5969
T3380056CO;5,6 MM Altın Seri Matkap Ucu HSS DİN338 ERİC;ERİC;Matkap ve Freze>Matkap Uçları>HSS Matkap Uçları;870;2.5;USD;118.81;20;https://raw.githubusercontent.com/dumanonur42-rgb/ticimax-stok/main/gorseller/5%2C6%20MM%20Alt%C4%B1n%20Seri%20Matkap%20Ucu%20HSS%20D%C4%B0N338%20ER%C4%B0C%20-%20T3380056CO.jpg;https://talhateknik.diaeticaret.com/5-6mm-altin-seri-matkap-ucu-hss-din338-eric-p5831
T3380056F;5,6 MM Fully Ground Matkap Ucu HSS DİN338 ERİC;ERİC;Matkap ve Freze>Matkap Uçları>HSS Matkap Uçları;930;1.6;USD;76.04;20;https://raw.githubusercontent.com/dumanonur42-rgb/ticimax-stok/main/gorseller/5%2C6%20MM%20Fully%20Ground%20Matkap%20Ucu%20HSS%20D%C4%B0N338%20ER%C4%B0C%20-%20T3380056F.jpg;https://talhateknik.diaeticaret.com/5-6mm-fully-ground-matkap-ucu-hss-din338-eric-p5713
T3380057CO;5,7 MM Altın Seri Matkap Ucu HSS DİN338 ERİC;ERİC;Matkap ve Freze>Matkap Uçları>HSS Matkap Uçları;940;2.5;USD;118.81;20;https://raw.githubusercontent.com/dumanonur42-rgb/ticimax-stok/main/gorseller/5%2C7%20MM%20Alt%C4%B1n%20Seri%20Matkap%20Ucu%20HSS%20D%C4%B0N338%20ER%C4%B0C%20-%20T3380057CO.jpg;https://talhateknik.diaeticaret.com/5-7mm-altin-seri-matkap-ucu-hss-din338-eric-p5832
T3380057F;5,7 MM Fully Ground Matkap Ucu HSS DİN338 ERİC;ERİC;Matkap ve Freze>Matkap Uçları>HSS Matkap Uçları;900;1.6;USD;76.04;20;https://raw.githubusercontent.com/dumanonur42-rgb/ticimax-stok/main/gorseller/5%2C7%20MM%20Fully%20Ground%20Matkap%20Ucu%20HSS%20D%C4%B0N338%20ER%C4%B0C%20-%20T3380057F.jpg;https://talhateknik.diaeticaret.com/5-7mm-fully-ground-matkap-ucu-hss-din338-eric-p5714
T3380058CO;5,8 MM Altın Seri Matkap Ucu HSS DİN338 ERİC;ERİC;Matkap ve Freze>Matkap Uçları>HSS Matkap Uçları;510;2.5;USD;118.81;20;https://raw.githubusercontent.com/dumanonur42-rgb/ticimax-stok/main/gorseller/5%2C8%20MM%20Alt%C4%B1n%20Seri%20Matkap%20Ucu%20HSS%20D%C4%B0N338%20ER%C4%B0C%20-%20T3380058CO.jpg;https://talhateknik.diaeticaret.com/5-8mm-altin-seri-matkap-ucu-hss-din338-eric-p5833
T3380058F;5,8 MM Fully Ground Matkap Ucu HSS DİN338 ERİC;ERİC;Matkap ve Freze>Matkap Uçları>HSS Matkap Uçları;1370;1.6;USD;76.04;20;https://raw.githubusercontent.com/dumanonur42-rgb/ticimax-stok/main/gorseller/5%2C8%20MM%20Fully%20Ground%20Matkap%20Ucu%20HSS%20D%C4%B0N338%20ER%C4%B0C%20-%20T3380058F.jpg;https://talhateknik.diaeticaret.com/5-8mm-fully-ground-matkap-ucu-hss-din338-eric-p5715
T3380059CO;5,9 MM Altın Seri Matkap Ucu HSS DİN338 ERİC;ERİC;Matkap ve Freze>Matkap Uçları>HSS Matkap Uçları;940;2.5;USD;118.81;20;https://raw.githubusercontent.com/dumanonur42-rgb/ticimax-stok/main/gorseller/5%2C9%20MM%20Alt%C4%B1n%20Seri%20Matkap%20Ucu%20HSS%20D%C4%B0N338%20ER%C4%B0C%20-%20T3380059CO.jpg;https://talhateknik.diaeticaret.com/5-9mm-altin-seri-matkap-ucu-hss-din338-eric-p5834
T3380059F;5,9 MM Fully Ground Matkap Ucu HSS DİN338 ERİC;ERİC;Matkap ve Freze>Matkap Uçları>HSS Matkap Uçları;900;1.6;USD;76.04;20;https://raw.githubusercontent.com/dumanonur42-rgb/ticimax-stok/main/gorseller/5%2C9%20MM%20Fully%20Ground%20Matkap%20Ucu%20HSS%20D%C4%B0N338%20ER%C4%B0C%20-%20T3380059F.jpg;https://talhateknik.diaeticaret.com/5-9mm-fully-ground-matkap-ucu-hss-din338-eric-p5716
T3380050CO;5 MM Altın Seri Matkap Ucu HSS DİN338 ERİC;ERİC;Matkap ve Freze>Matkap Uçları>HSS Matkap Uçları;6510;1.75;USD;83.17;20;https://raw.githubusercontent.com/dumanonur42-rgb/ticimax-stok/main/gorseller/5%20MM%20Alt%C4%B1n%20Seri%20Matkap%20Ucu%20HSS%20D%C4%B0N338%20ER%C4%B0C%20-%20T3380050CO.jpg;https://talhateknik.diaeticaret.com/5mm-altin-seri-matkap-ucu-hss-din338-eric-p2857
T3380050F;5 MM Fully Ground Matkap Ucu HSS DİN338 ERİC;ERİC;Matkap ve Freze>Matkap Uçları>HSS Matkap Uçları;5400;1.1;USD;52.28;20;https://raw.githubusercontent.com/dumanonur42-rgb/ticimax-stok/main/gorseller/5%20MM%20Fully%20Ground%20Matkap%20Ucu%20HSS%20D%C4%B0N338%20ER%C4%B0C%20-%20T3380050F.jpg;https://talhateknik.diaeticaret.com/5mm-fully-ground-matkap-ucu-hss-din338-eric-p2816
TGT340050;5 MM Uzun Matkap Ucu HSS DIN340 GT100 ERİC;ERİC;Matkap ve Freze>Matkap Uçları>HSS Matkap Uçları;1640;2.34;USD;111.2;20;https://raw.githubusercontent.com/dumanonur42-rgb/ticimax-stok/main/gorseller/5%20MM%20Uzun%20Matkap%20Ucu%20HSS%20DIN340%20GT100%20ER%C4%B0C%20-%20TGT340050.jpg;https://talhateknik.diaeticaret.com/5mm-uzun-matkap-ucu-hss-din340-gt100-eric-p5967
T3380061CO;6,1 MM Altın Seri Matkap Ucu HSS DİN338 ERİC;ERİC;Matkap ve Freze>Matkap Uçları>HSS Matkap Uçları;880;3.15;USD;149.7;20;https://raw.githubusercontent.com/dumanonur42-rgb/ticimax-stok/main/gorseller/6%2C1%20MM%20Alt%C4%B1n%20Seri%20Matkap%20Ucu%20HSS%20D%C4%B0N338%20ER%C4%B0C%20-%20T3380061CO.jpg;https://talhateknik.diaeticaret.com/6-1mm-altin-seri-matkap-ucu-hss-din338-eric-p5835
T3380061F;6,1 MM Fully Ground Matkap Ucu HSS DİN338 ERİC;ERİC;Matkap ve Freze>Matkap Uçları>HSS Matkap Uçları;1360;1.9;USD;90.29;20;https://raw.githubusercontent.com/dumanonur42-rgb/ticimax-stok/main/gorseller/6%2C1%20MM%20Fully%20Ground%20Matkap%20Ucu%20HSS%20D%C4%B0N338%20ER%C4%B0C%20-%20T3380061F.jpg;https://talhateknik.diaeticaret.com/6-1mm-fully-ground-matkap-ucu-hss-din338-eric-p5717
T3380062CO;6,2 MM Altın Seri Matkap Ucu HSS DİN338 ERİC;ERİC;Matkap ve Freze>Matkap Uçları>HSS Matkap Uçları;1080;3.15;USD;149.7;20;https://raw.githubusercontent.com/dumanonur42-rgb/ticimax-stok/main/gorseller/6%2C2%20MM%20Alt%C4%B1n%20Seri%20Matkap%20Ucu%20HSS%20D%C4%B0N338%20ER%C4%B0C%20-%20T3380062CO.jpg;https://talhateknik.diaeticaret.com/6-2mm-altin-seri-matkap-ucu-hss-din338-eric-p5836
T3380062F;6,2 MM Fully Ground Matkap Ucu HSS DİN338 ERİC;ERİC;Matkap ve Freze>Matkap Uçları>HSS Matkap Uçları;930;1.9;USD;90.29;20;https://raw.githubusercontent.com/dumanonur42-rgb/ticimax-stok/main/gorseller/6%2C2%20MM%20Fully%20Ground%20Matkap%20Ucu%20HSS%20D%C4%B0N338%20ER%C4%B0C%20-%20T3380062F.jpg;https://talhateknik.diaeticaret.com/6-2mm-fully-ground-matkap-ucu-hss-din338-eric-p3590
T3380063CO;6,3 MM Altın Seri Matkap Ucu HSS DİN338 ERİC;ERİC;Matkap ve Freze>Matkap Uçları>HSS Matkap Uçları;940;3.15;USD;149.7;20;https://raw.githubusercontent.com/dumanonur42-rgb/ticimax-stok/main/gorseller/6%2C3%20MM%20Alt%C4%B1n%20Seri%20Matkap%20Ucu%20HSS%20D%C4%B0N338%20ER%C4%B0C%20-%20T3380063CO.jpg;https://talhateknik.diaeticaret.com/6-3mm-altin-seri-matkap-ucu-hss-din338-eric-p5837
T3380063F;6,3 MM Fully Ground Matkap Ucu HSS DİN338 ERİC;ERİC;Matkap ve Freze>Matkap Uçları>HSS Matkap Uçları;850;1.9;USD;90.29;20;https://raw.githubusercontent.com/dumanonur42-rgb/ticimax-stok/main/gorseller/6%2C3%20MM%20Fully%20Ground%20Matkap%20Ucu%20HSS%20D%C4%B0N338%20ER%C4%B0C%20-%20T3380063F.jpg;https://talhateknik.diaeticaret.com/6-3mm-fully-ground-matkap-ucu-hss-din338-eric-p5718
T3380064CO;6,4 MM Altın Seri Matkap Ucu HSS DİN338 ERİC;ERİC;Matkap ve Freze>Matkap Uçları>HSS Matkap Uçları;390;3.15;USD;149.7;20;https://raw.githubusercontent.com/dumanonur42-rgb/ticimax-stok/main/gorseller/6%2C4%20MM%20Alt%C4%B1n%20Seri%20Matkap%20Ucu%20HSS%20D%C4%B0N338%20ER%C4%B0C%20-%20T3380064CO.jpg;https://talhateknik.diaeticaret.com/6-4mm-altin-seri-matkap-ucu-hss-din338-eric-p5838
T3380064F;6,4 MM Fully Ground Matkap Ucu HSS DİN338 ERİC;ERİC;Matkap ve Freze>Matkap Uçları>HSS Matkap Uçları;970;1.9;USD;90.29;20;https://raw.githubusercontent.com/dumanonur42-rgb/ticimax-stok/main/gorseller/6%2C4%20MM%20Fully%20Ground%20Matkap%20Ucu%20HSS%20D%C4%B0N338%20ER%C4%B0C%20-%20T3380064F.jpg;https://talhateknik.diaeticaret.com/6-4mm-fully-ground-matkap-ucu-hss-din338-eric-p5719
T3380065CO;6,5 MM Altın Seri Matkap Ucu HSS DİN338 ERİC;ERİC;Matkap ve Freze>Matkap Uçları>HSS Matkap Uçları;2780;3.15;USD;149.7;20;https://raw.githubusercontent.com/dumanonur42-rgb/ticimax-stok/main/gorseller/6%2C5%20MM%20Alt%C4%B1n%20Seri%20Matkap%20Ucu%20HSS%20D%C4%B0N338%20ER%C4%B0C%20-%20T3380065CO.jpg;https://talhateknik.diaeticaret.com/6-5mm-altin-seri-matkap-ucu-hss-din338-eric-p2861
T3380065F;6,5 MM Fully Ground Matkap Ucu HSS DİN338 ERİC;ERİC;Matkap ve Freze>Matkap Uçları>HSS Matkap Uçları;3170;1.9;USD;90.29;20;https://raw.githubusercontent.com/dumanonur42-rgb/ticimax-stok/main/gorseller/6%2C5%20MM%20Fully%20Ground%20Matkap%20Ucu%20HSS%20D%C4%B0N338%20ER%C4%B0C%20-%20T3380065F.jpg;https://talhateknik.diaeticaret.com/6-5mm-fully-ground-matkap-ucu-hss-din338-eric-p2820
TGT340065;6,5 MM Uzun Matkap Ucu HSS DIN340 GT100 ERİC;ERİC;Matkap ve Freze>Matkap Uçları>HSS Matkap Uçları;1820;3.85;USD;182.96;20;https://raw.githubusercontent.com/dumanonur42-rgb/ticimax-stok/main/gorseller/6%2C5%20MM%20Uzun%20Matkap%20Ucu%20HSS%20DIN340%20GT100%20ER%C4%B0C%20-%20TGT340065.jpg;https://talhateknik.diaeticaret.com/6-5mm-uzun-matkap-ucu-hss-din340-gt100-eric-p5971
T3380066CO;6,6 MM Altın Seri Matkap Ucu HSS DİN338 ERİC;ERİC;Matkap ve Freze>Matkap Uçları>HSS Matkap Uçları;240;3.75;USD;178.21;20;https://raw.githubusercontent.com/dumanonur42-rgb/ticimax-stok/main/gorseller/6%2C6%20MM%20Alt%C4%B1n%20Seri%20Matkap%20Ucu%20HSS%20D%C4%B0N338%20ER%C4%B0C%20-%20T3380066CO.jpg;https://talhateknik.diaeticaret.com/6-6mm-altin-seri-matkap-ucu-hss-din338-eric-p5839
T3380066F;6,6 MM Fully Ground Matkap Ucu HSS DİN338 ERİC;ERİC;Matkap ve Freze>Matkap Uçları>HSS Matkap Uçları;900;2.3;USD;109.3;20;https://raw.githubusercontent.com/dumanonur42-rgb/ticimax-stok/main/gorseller/6%2C6%20MM%20Fully%20Ground%20Matkap%20Ucu%20HSS%20D%C4%B0N338%20ER%C4%B0C%20-%20T3380066F.jpg;https://talhateknik.diaeticaret.com/6-6mm-fully-ground-matkap-ucu-hss-din338-eric-p5720
T3380067CO;6,7 MM Altın Seri Matkap Ucu HSS DİN338 ERİC;ERİC;Matkap ve Freze>Matkap Uçları>HSS Matkap Uçları;570;3.75;USD;178.21;20;https://raw.githubusercontent.com/dumanonur42-rgb/ticimax-stok/main/gorseller/6%2C7%20MM%20Alt%C4%B1n%20Seri%20Matkap%20Ucu%20HSS%20D%C4%B0N338%20ER%C4%B0C%20-%20T3380067CO.jpg;https://talhateknik.diaeticaret.com/6-7mm-altin-seri-matkap-ucu-hss-din338-eric-p5840
T3380067F;6,7 MM Fully Ground Matkap Ucu HSS DİN338 ERİC;ERİC;Matkap ve Freze>Matkap Uçları>HSS Matkap Uçları;1010;2.3;USD;109.3;20;https://raw.githubusercontent.com/dumanonur42-rgb/ticimax-stok/main/gorseller/6%2C7%20MM%20Fully%20Ground%20Matkap%20Ucu%20HSS%20D%C4%B0N338%20ER%C4%B0C%20-%20T3380067F.jpg;https://talhateknik.diaeticaret.com/6-7mm-fully-ground-matkap-ucu-hss-din338-eric-p5721
T3380068CO;6,8 MM Altın Seri Matkap Ucu HSS DİN338 ERİC;ERİC;Matkap ve Freze>Matkap Uçları>HSS Matkap Uçları;0;3.75;USD;178.21;20;https://raw.githubusercontent.com/dumanonur42-rgb/ticimax-stok/main/gorseller/6%2C8%20MM%20Alt%C4%B1n%20Seri%20Matkap%20Ucu%20HSS%20D%C4%B0N338%20ER%C4%B0C%20-%20T3380068CO.jpg;https://talhateknik.diaeticaret.com/6-8mm-altin-seri-matkap-ucu-hss-din338-eric-p2862
T3380068F;6,8 MM Fully Ground Matkap Ucu HSS DİN338 ERİC;ERİC;Matkap ve Freze>Matkap Uçları>HSS Matkap Uçları;2020;2.3;USD;109.3;20;https://raw.githubusercontent.com/dumanonur42-rgb/ticimax-stok/main/gorseller/6%2C8%20MM%20Fully%20Ground%20Matkap%20Ucu%20HSS%20D%C4%B0N338%20ER%C4%B0C%20-%20T3380068F.jpg;https://talhateknik.diaeticaret.com/6-8mm-fully-ground-matkap-ucu-hss-din338-eric-p2821
T3380069CO;6,9 MM Altın Seri Matkap Ucu HSS DİN338 ERİC;ERİC;Matkap ve Freze>Matkap Uçları>HSS Matkap Uçları;410;3.75;USD;178.21;20;https://raw.githubusercontent.com/dumanonur42-rgb/ticimax-stok/main/gorseller/6%2C9%20MM%20Alt%C4%B1n%20Seri%20Matkap%20Ucu%20HSS%20D%C4%B0N338%20ER%C4%B0C%20-%20T3380069CO.jpg;https://talhateknik.diaeticaret.com/6-9mm-altin-seri-matkap-ucu-hss-din338-eric-p5841
T3380069F;6,9 MM Fully Ground Matkap Ucu HSS DİN338 ERİC;ERİC;Matkap ve Freze>Matkap Uçları>HSS Matkap Uçları;940;2.3;USD;109.3;20;https://raw.githubusercontent.com/dumanonur42-rgb/ticimax-stok/main/gorseller/6%2C9%20MM%20Fully%20Ground%20Matkap%20Ucu%20HSS%20D%C4%B0N338%20ER%C4%B0C%20-%20T3380069F.jpg;https://talhateknik.diaeticaret.com/6-9mm-fully-ground-matkap-ucu-hss-din338-eric-p5722
T3380060CO;6 MM Altın Seri Matkap Ucu HSS DİN338 ERİC;ERİC;Matkap ve Freze>Matkap Uçları>HSS Matkap Uçları;4450;2.5;USD;118.81;20;https://raw.githubusercontent.com/dumanonur42-rgb/ticimax-stok/main/gorseller/6%20MM%20Alt%C4%B1n%20Seri%20Matkap%20Ucu%20HSS%20D%C4%B0N338%20ER%C4%B0C%20-%20T3380060CO.jpg;https://talhateknik.diaeticaret.com/6mm-altin-seri-matkap-ucu-hss-din338-eric-p2860
T3380060F;6 MM Fully Ground Matkap Ucu HSS DİN338 ERİC;ERİC;Matkap ve Freze>Matkap Uçları>HSS Matkap Uçları;4470;1.6;USD;76.04;20;https://raw.githubusercontent.com/dumanonur42-rgb/ticimax-stok/main/gorseller/6%20MM%20Fully%20Ground%20Matkap%20Ucu%20HSS%20D%C4%B0N338%20ER%C4%B0C%20-%20T3380060F.jpg;https://talhateknik.diaeticaret.com/6mm-fully-ground-matkap-ucu-hss-din338-eric-p2819
TGT340060;6 MM Uzun Matkap Ucu HSS DIN340 GT100 ERİC;ERİC;Matkap ve Freze>Matkap Uçları>HSS Matkap Uçları;1720;3.18;USD;151.12;20;https://raw.githubusercontent.com/dumanonur42-rgb/ticimax-stok/main/gorseller/6%20MM%20Uzun%20Matkap%20Ucu%20HSS%20DIN340%20GT100%20ER%C4%B0C%20-%20TGT340060.jpg;https://talhateknik.diaeticaret.com/6mm-uzun-matkap-ucu-hss-din340-gt100-eric-p5970
T3380071CO;7,1 MM Altın Seri Matkap Ucu HSS DİN338 ERİC;ERİC;Matkap ve Freze>Matkap Uçları>HSS Matkap Uçları;110;4.25;USD;201.97;20;https://raw.githubusercontent.com/dumanonur42-rgb/ticimax-stok/main/gorseller/7%2C1%20MM%20Alt%C4%B1n%20Seri%20Matkap%20Ucu%20HSS%20D%C4%B0N338%20ER%C4%B0C%20-%20T3380071CO.jpg;https://talhateknik.diaeticaret.com/7-1mm-altin-seri-matkap-ucu-hss-din338-eric-p5842
T3380071F;7,1 MM Fully Ground Matkap Ucu HSS DİN338 ERİC;ERİC;Matkap ve Freze>Matkap Uçları>HSS Matkap Uçları;250;2.6;USD;123.56;20;https://raw.githubusercontent.com/dumanonur42-rgb/ticimax-stok/main/gorseller/7%2C1%20MM%20Fully%20Ground%20Matkap%20Ucu%20HSS%20D%C4%B0N338%20ER%C4%B0C%20-%20T3380071F.jpg;https://talhateknik.diaeticaret.com/7-1mm-fully-ground-matkap-ucu-hss-din338-eric-p5723
T3380072CO;7,2 MM Altın Seri Matkap Ucu HSS DİN338 ERİC;ERİC;Matkap ve Freze>Matkap Uçları>HSS Matkap Uçları;120;4.25;USD;201.97;20;https://raw.githubusercontent.com/dumanonur42-rgb/ticimax-stok/main/gorseller/7%2C2%20MM%20Alt%C4%B1n%20Seri%20Matkap%20Ucu%20HSS%20D%C4%B0N338%20ER%C4%B0C%20-%20T3380072CO.jpg;https://talhateknik.diaeticaret.com/7-2mm-altin-seri-matkap-ucu-hss-din338-eric-p5843
T3380072F;7,2 MM Fully Ground Matkap Ucu HSS DİN338 ERİC;ERİC;Matkap ve Freze>Matkap Uçları>HSS Matkap Uçları;790;2.6;USD;123.56;20;https://raw.githubusercontent.com/dumanonur42-rgb/ticimax-stok/main/gorseller/7%2C2%20MM%20Fully%20Ground%20Matkap%20Ucu%20HSS%20D%C4%B0N338%20ER%C4%B0C%20-%20T3380072F.jpg;https://talhateknik.diaeticaret.com/7-2mm-fully-ground-matkap-ucu-hss-din338-eric-p5724
T3380073CO;7,3 MM Altın Seri Matkap Ucu HSS DİN338 ERİC;ERİC;Matkap ve Freze>Matkap Uçları>HSS Matkap Uçları;130;4.25;USD;201.97;20;https://raw.githubusercontent.com/dumanonur42-rgb/ticimax-stok/main/gorseller/7%2C3%20MM%20Alt%C4%B1n%20Seri%20Matkap%20Ucu%20HSS%20D%C4%B0N338%20ER%C4%B0C%20-%20T3380073CO.jpg;https://talhateknik.diaeticaret.com/7-3mm-altin-seri-matkap-ucu-hss-din338-eric-p5844
T3380073F;7,3 MM Fully Ground Matkap Ucu HSS DİN338 ERİC;ERİC;Matkap ve Freze>Matkap Uçları>HSS Matkap Uçları;490;2.6;USD;123.56;20;https://raw.githubusercontent.com/dumanonur42-rgb/ticimax-stok/main/gorseller/7%2C3%20MM%20Fully%20Ground%20Matkap%20Ucu%20HSS%20D%C4%B0N338%20ER%C4%B0C%20-%20T3380073F.jpg;https://talhateknik.diaeticaret.com/7-3mm-fully-ground-matkap-ucu-hss-din338-eric-p5725
T3380074CO;7,4 MM Altın Seri Matkap Ucu HSS DİN338 ERİC;ERİC;Matkap ve Freze>Matkap Uçları>HSS Matkap Uçları;160;4.25;USD;201.97;20;https://raw.githubusercontent.com/dumanonur42-rgb/ticimax-stok/main/gorseller/7%2C4%20MM%20Alt%C4%B1n%20Seri%20Matkap%20Ucu%20HSS%20D%C4%B0N338%20ER%C4%B0C%20-%20T3380074CO.jpg;https://talhateknik.diaeticaret.com/7-4mm-altin-seri-matkap-ucu-hss-din338-eric-p5845
T3380074F;7,4 MM Fully Ground Matkap Ucu HSS DİN338 ERİC;ERİC;Matkap ve Freze>Matkap Uçları>HSS Matkap Uçları;480;2.6;USD;123.56;20;https://raw.githubusercontent.com/dumanonur42-rgb/ticimax-stok/main/gorseller/7%2C4%20MM%20Fully%20Ground%20Matkap%20Ucu%20HSS%20D%C4%B0N338%20ER%C4%B0C%20-%20T3380074F.jpg;https://talhateknik.diaeticaret.com/7-4mm-fully-ground-matkap-ucu-hss-din338-eric-p5726
T3380075CO;7,5 MM Altın Seri Matkap Ucu HSS DİN338 ERİC;ERİC;Matkap ve Freze>Matkap Uçları>HSS Matkap Uçları;570;4.25;USD;201.97;20;https://raw.githubusercontent.com/dumanonur42-rgb/ticimax-stok/main/gorseller/7%2C5%20MM%20Alt%C4%B1n%20Seri%20Matkap%20Ucu%20HSS%20D%C4%B0N338%20ER%C4%B0C%20-%20T3380075CO.jpg;https://talhateknik.diaeticaret.com/7-5mm-altin-seri-matkap-ucu-hss-din338-eric-p2864
T3380075F;7,5 MM Fully Ground Matkap Ucu HSS DİN338 ERİC;ERİC;Matkap ve Freze>Matkap Uçları>HSS Matkap Uçları;920;2.6;USD;123.56;20;https://raw.githubusercontent.com/dumanonur42-rgb/ticimax-stok/main/gorseller/7%2C5%20MM%20Fully%20Ground%20Matkap%20Ucu%20HSS%20D%C4%B0N338%20ER%C4%B0C%20-%20T3380075F.jpg;https://talhateknik.diaeticaret.com/7-5mm-fully-ground-matkap-ucu-hss-din338-eric-p2823
TGT340075;7,5 MM Uzun Matkap Ucu HSS DIN340 GT100 ERİC;ERİC;Matkap ve Freze>Matkap Uçları>HSS Matkap Uçları;150;5.39;USD;256.15;20;https://raw.githubusercontent.com/dumanonur42-rgb/ticimax-stok/main/gorseller/7%2C5%20MM%20Uzun%20Matkap%20Ucu%20HSS%20DIN340%20GT100%20ER%C4%B0C%20-%20TGT340075.jpg;https://talhateknik.diaeticaret.com/7-5mm-uzun-matkap-ucu-hss-din340-gt100-eric-p5973
T3380076CO;7,6 MM Altın Seri Matkap Ucu HSS DİN338 ERİC;ERİC;Matkap ve Freze>Matkap Uçları>HSS Matkap Uçları;160;5.0;USD;237.61;20;https://raw.githubusercontent.com/dumanonur42-rgb/ticimax-stok/main/gorseller/7%2C6%20MM%20Alt%C4%B1n%20Seri%20Matkap%20Ucu%20HSS%20D%C4%B0N338%20ER%C4%B0C%20-%20T3380076CO.jpg;https://talhateknik.diaeticaret.com/7-6mm-altin-seri-matkap-ucu-hss-din338-eric-p5846
T3380076F;7,6 MM Fully Ground Matkap Ucu HSS DİN338 ERİC;ERİC;Matkap ve Freze>Matkap Uçları>HSS Matkap Uçları;480;3.0;USD;142.57;20;https://raw.githubusercontent.com/dumanonur42-rgb/ticimax-stok/main/gorseller/7%2C6%20MM%20Fully%20Ground%20Matkap%20Ucu%20HSS%20D%C4%B0N338%20ER%C4%B0C%20-%20T3380076F.jpg;https://talhateknik.diaeticaret.com/7-6mm-fully-ground-matkap-ucu-hss-din338-eric-p5727
T3380077CO;7,7 MM Altın Seri Matkap Ucu HSS DİN338 ERİC;ERİC;Matkap ve Freze>Matkap Uçları>HSS Matkap Uçları;120;5.0;USD;237.61;20;https://raw.githubusercontent.com/dumanonur42-rgb/ticimax-stok/main/gorseller/7%2C7%20MM%20Alt%C4%B1n%20Seri%20Matkap%20Ucu%20HSS%20D%C4%B0N338%20ER%C4%B0C%20-%20T3380077CO.jpg;https://talhateknik.diaeticaret.com/7-7mm-altin-seri-matkap-ucu-hss-din338-eric-p5847
T3380077F;7,7 MM Fully Ground Matkap Ucu HSS DİN338 ERİC;ERİC;Matkap ve Freze>Matkap Uçları>HSS Matkap Uçları;460;3.0;USD;142.57;20;https://raw.githubusercontent.com/dumanonur42-rgb/ticimax-stok/main/gorseller/7%2C7%20MM%20Fully%20Ground%20Matkap%20Ucu%20HSS%20D%C4%B0N338%20ER%C4%B0C%20-%20T3380077F.jpg;https://talhateknik.diaeticaret.com/7-7mm-fully-ground-matkap-ucu-hss-din338-eric-p5728
T3380078CO;7,8 MM Altın Seri Matkap Ucu HSS DİN338 ERİC;ERİC;Matkap ve Freze>Matkap Uçları>HSS Matkap Uçları;0;5.0;USD;237.61;20;https://raw.githubusercontent.com/dumanonur42-rgb/ticimax-stok/main/gorseller/7%2C8%20MM%20Alt%C4%B1n%20Seri%20Matkap%20Ucu%20HSS%20D%C4%B0N338%20ER%C4%B0C%20-%20T3380078CO.jpg;https://talhateknik.diaeticaret.com/7-8mm-altin-seri-matkap-ucu-hss-din338-eric-p5848
T3380078F;7,8 MM Fully Ground Matkap Ucu HSS DİN338 ERİC;ERİC;Matkap ve Freze>Matkap Uçları>HSS Matkap Uçları;320;3.0;USD;142.57;20;https://raw.githubusercontent.com/dumanonur42-rgb/ticimax-stok/main/gorseller/7%2C8%20MM%20Fully%20Ground%20Matkap%20Ucu%20HSS%20D%C4%B0N338%20ER%C4%B0C%20-%20T3380078F.jpg;https://talhateknik.diaeticaret.com/7-8mm-fully-ground-matkap-ucu-hss-din338-eric-p5729
T3380079CO;7,9 MM Altın Seri Matkap Ucu HSS DİN338 ERİC;ERİC;Matkap ve Freze>Matkap Uçları>HSS Matkap Uçları;130;5.0;USD;237.61;20;https://raw.githubusercontent.com/dumanonur42-rgb/ticimax-stok/main/gorseller/7%2C9%20MM%20Alt%C4%B1n%20Seri%20Matkap%20Ucu%20HSS%20D%C4%B0N338%20ER%C4%B0C%20-%20T3380079CO.jpg;https://talhateknik.diaeticaret.com/7-9mm-altin-seri-matkap-ucu-hss-din338-eric-p5849
T3380079F;7,9 MM Fully Ground Matkap Ucu HSS DİN338 ERİC;ERİC;Matkap ve Freze>Matkap Uçları>HSS Matkap Uçları;450;3.0;USD;142.57;20;https://raw.githubusercontent.com/dumanonur42-rgb/ticimax-stok/main/gorseller/7%2C9%20MM%20Fully%20Ground%20Matkap%20Ucu%20HSS%20D%C4%B0N338%20ER%C4%B0C%20-%20T3380079F.jpg;https://talhateknik.diaeticaret.com/7-9mm-fully-ground-matkap-ucu-hss-din338-eric-p5730
T3380070CO;7 MM Altın Seri Matkap Ucu HSS DİN338 ERİC;ERİC;Matkap ve Freze>Matkap Uçları>HSS Matkap Uçları;900;3.75;USD;178.21;20;https://raw.githubusercontent.com/dumanonur42-rgb/ticimax-stok/main/gorseller/7%20MM%20Alt%C4%B1n%20Seri%20Matkap%20Ucu%20HSS%20D%C4%B0N338%20ER%C4%B0C%20-%20T3380070CO.jpg;https://talhateknik.diaeticaret.com/7mm-altin-seri-matkap-ucu-hss-din338-eric-p2863
T3380070F;7 MM Fully Ground Matkap Ucu HSS DİN338 ERİC;ERİC;Matkap ve Freze>Matkap Uçları>HSS Matkap Uçları;960;2.3;USD;109.3;20;https://raw.githubusercontent.com/dumanonur42-rgb/ticimax-stok/main/gorseller/7%20MM%20Fully%20Ground%20Matkap%20Ucu%20HSS%20D%C4%B0N338%20ER%C4%B0C%20-%20T3380070F.jpg;https://talhateknik.diaeticaret.com/7mm-fully-ground-matkap-ucu-hss-din338-eric-p2822
TGT340070;7 MM Uzun Matkap Ucu HSS DIN340 GT100 ERİC;ERİC;Matkap ve Freze>Matkap Uçları>HSS Matkap Uçları;210;4.69;USD;222.88;20;https://raw.githubusercontent.com/dumanonur42-rgb/ticimax-stok/main/gorseller/7%20MM%20Uzun%20Matkap%20Ucu%20HSS%20DIN340%20GT100%20ER%C4%B0C%20-%20TGT340070.jpg;https://talhateknik.diaeticaret.com/7mm-uzun-matkap-ucu-hss-din340-gt100-eric-p5972
T3380081CO;8,1 MM Altın Seri Matkap Ucu HSS DİN338 ERİC;ERİC;Matkap ve Freze>Matkap Uçları>HSS Matkap Uçları;170;5.9;USD;280.39;20;https://raw.githubusercontent.com/dumanonur42-rgb/ticimax-stok/main/gorseller/8%2C1%20MM%20Alt%C4%B1n%20Seri%20Matkap%20Ucu%20HSS%20D%C4%B0N338%20ER%C4%B0C%20-%20T3380081CO.jpg;https://talhateknik.diaeticaret.com/8-1mm-altin-seri-matkap-ucu-hss-din338-eric-p5850
T3380081F;8,1 MM Fully Ground Matkap Ucu HSS DİN338 ERİC;ERİC;Matkap ve Freze>Matkap Uçları>HSS Matkap Uçları;600;3.35;USD;159.2;20;https://raw.githubusercontent.com/dumanonur42-rgb/ticimax-stok/main/gorseller/8%2C1%20MM%20Fully%20Ground%20Matkap%20Ucu%20HSS%20D%C4%B0N338%20ER%C4%B0C%20-%20T3380081F.jpg;https://talhateknik.diaeticaret.com/8-1mm-fully-ground-matkap-ucu-hss-din338-eric-p5731
T3380082CO;8,2 MM Altın Seri Matkap Ucu HSS DİN338 ERİC;ERİC;Matkap ve Freze>Matkap Uçları>HSS Matkap Uçları;190;5.9;USD;280.39;20;https://raw.githubusercontent.com/dumanonur42-rgb/ticimax-stok/main/gorseller/8%2C2%20MM%20Alt%C4%B1n%20Seri%20Matkap%20Ucu%20HSS%20D%C4%B0N338%20ER%C4%B0C%20-%20T3380082CO.jpg;https://talhateknik.diaeticaret.com/8-2mm-altin-seri-matkap-ucu-hss-din338-eric-p5851
T3380082F;8,2 MM Fully Ground Matkap Ucu HSS DİN338 ERİC;ERİC;Matkap ve Freze>Matkap Uçları>HSS Matkap Uçları;1690;3.35;USD;159.2;20;https://raw.githubusercontent.com/dumanonur42-rgb/ticimax-stok/main/gorseller/8%2C2%20MM%20Fully%20Ground%20Matkap%20Ucu%20HSS%20D%C4%B0N338%20ER%C4%B0C%20-%20T3380082F.jpg;https://talhateknik.diaeticaret.com/8-2mm-fully-ground-matkap-ucu-hss-din338-eric-p3591
T3380083CO;8,3 MM Altın Seri Matkap Ucu HSS DİN338 ERİC;ERİC;Matkap ve Freze>Matkap Uçları>HSS Matkap Uçları;230;5.9;USD;280.39;20;https://raw.githubusercontent.com/dumanonur42-rgb/ticimax-stok/main/gorseller/8%2C3%20MM%20Alt%C4%B1n%20Seri%20Matkap%20Ucu%20HSS%20D%C4%B0N338%20ER%C4%B0C%20-%20T3380083CO.jpg;https://talhateknik.diaeticaret.com/8-3mm-altin-seri-matkap-ucu-hss-din338-eric-p5852
T3380083F;8,3 MM Fully Ground Matkap Ucu HSS DİN338 ERİC;ERİC;Matkap ve Freze>Matkap Uçları>HSS Matkap Uçları;610;3.35;USD;159.2;20;https://raw.githubusercontent.com/dumanonur42-rgb/ticimax-stok/main/gorseller/8%2C3%20MM%20Fully%20Ground%20Matkap%20Ucu%20HSS%20D%C4%B0N338%20ER%C4%B0C%20-%20T3380083F.jpg;https://talhateknik.diaeticaret.com/8-3mm-fully-ground-matkap-ucu-hss-din338-eric-p5732
T3380084CO;8,4 MM Altın Seri Matkap Ucu HSS DİN338 ERİC;ERİC;Matkap ve Freze>Matkap Uçları>HSS Matkap Uçları;90;5.9;USD;280.39;20;https://raw.githubusercontent.com/dumanonur42-rgb/ticimax-stok/main/gorseller/8%2C4%20MM%20Alt%C4%B1n%20Seri%20Matkap%20Ucu%20HSS%20D%C4%B0N338%20ER%C4%B0C%20-%20T3380084CO.jpg;https://talhateknik.diaeticaret.com/8-4mm-altin-seri-matkap-ucu-hss-din338-eric-p5853
T3380084F;8,4 MM Fully Ground Matkap Ucu HSS DİN338 ERİC;ERİC;Matkap ve Freze>Matkap Uçları>HSS Matkap Uçları;480;3.35;USD;159.2;20;https://raw.githubusercontent.com/dumanonur42-rgb/ticimax-stok/main/gorseller/8%2C4%20MM%20Fully%20Ground%20Matkap%20Ucu%20HSS%20D%C4%B0N338%20ER%C4%B0C%20-%20T3380084F.jpg;https://talhateknik.diaeticaret.com/8-4mm-fully-ground-matkap-ucu-hss-din338-eric-p5733
T3380085CO;8,5 MM Altın Seri Matkap Ucu HSS DİN338 ERİC;ERİC;Matkap ve Freze>Matkap Uçları>HSS Matkap Uçları;3170;5.9;USD;280.39;20;https://raw.githubusercontent.com/dumanonur42-rgb/ticimax-stok/main/gorseller/8%2C5%20MM%20Alt%C4%B1n%20Seri%20Matkap%20Ucu%20HSS%20D%C4%B0N338%20ER%C4%B0C%20-%20T3380085CO.jpg;https://talhateknik.diaeticaret.com/8-5mm-altin-seri-matkap-ucu-hss-din338-eric-p2866
T3380085F;8,5 MM Fully Ground Matkap Ucu HSS DİN338 ERİC;ERİC;Matkap ve Freze>Matkap Uçları>HSS Matkap Uçları;1980;3.35;USD;159.2;20;https://raw.githubusercontent.com/dumanonur42-rgb/ticimax-stok/main/gorseller/8%2C5%20MM%20Fully%20Ground%20Matkap%20Ucu%20HSS%20D%C4%B0N338%20ER%C4%B0C%20-%20T3380085F.jpg;https://talhateknik.diaeticaret.com/8-5mm-fully-ground-matkap-ucu-hss-din338-eric-p2825
TGT340085;8,5 MM Uzun Matkap Ucu HSS DIN340 GT100 ERİC;ERİC;Matkap ve Freze>Matkap Uçları>HSS Matkap Uçları;350;6.93;USD;329.33;20;https://raw.githubusercontent.com/dumanonur42-rgb/ticimax-stok/main/gorseller/8%2C5%20MM%20Uzun%20Matkap%20Ucu%20HSS%20DIN340%20GT100%20ER%C4%B0C%20-%20TGT340085.jpg;https://talhateknik.diaeticaret.com/8-5mm-uzun-matkap-ucu-hss-din340-gt100-eric-p5975
T3380086CO;8,6 MM Altın Seri Matkap Ucu HSS DİN338 ERİC;ERİC;Matkap ve Freze>Matkap Uçları>HSS Matkap Uçları;230;6.8;USD;323.16;20;https://raw.githubusercontent.com/dumanonur42-rgb/ticimax-stok/main/gorseller/8%2C6%20MM%20Alt%C4%B1n%20Seri%20Matkap%20Ucu%20HSS%20D%C4%B0N338%20ER%C4%B0C%20-%20T3380086CO.jpg;https://talhateknik.diaeticaret.com/8-6mm-altin-seri-matkap-ucu-hss-din338-eric-p5854
T3380086F;8,6 MM Fully Ground Matkap Ucu HSS DİN338 ERİC;ERİC;Matkap ve Freze>Matkap Uçları>HSS Matkap Uçları;405;4.0;USD;190.09;20;https://raw.githubusercontent.com/dumanonur42-rgb/ticimax-stok/main/gorseller/8%2C6%20MM%20Fully%20Ground%20Matkap%20Ucu%20HSS%20D%C4%B0N338%20ER%C4%B0C%20-%20T3380086F.jpg;https://talhateknik.diaeticaret.com/8-6mm-fully-ground-matkap-ucu-hss-din338-eric-p5734
T3380087CO;8,7 MM Altın Seri Matkap Ucu HSS DİN338 ERİC;ERİC;Matkap ve Freze>Matkap Uçları>HSS Matkap Uçları;190;6.8;USD;323.16;20;https://raw.githubusercontent.com/dumanonur42-rgb/ticimax-stok/main/gorseller/8%2C7%20MM%20Alt%C4%B1n%20Seri%20Matkap%20Ucu%20HSS%20D%C4%B0N338%20ER%C4%B0C%20-%20T3380087CO.jpg;https://talhateknik.diaeticaret.com/8-7mm-altin-seri-matkap-ucu-hss-din338-eric-p5855
T3380087F;8,7 MM Fully Ground Matkap Ucu HSS DİN338 ERİC;ERİC;Matkap ve Freze>Matkap Uçları>HSS Matkap Uçları;405;4.0;USD;190.09;20;https://raw.githubusercontent.com/dumanonur42-rgb/ticimax-stok/main/gorseller/8%2C7%20MM%20Fully%20Ground%20Matkap%20Ucu%20HSS%20D%C4%B0N338%20ER%C4%B0C%20-%20T3380087F.jpg;https://talhateknik.diaeticaret.com/8-7mm-fully-ground-matkap-ucu-hss-din338-eric-p5735
T3380088CO;8,8 MM Altın Seri Matkap Ucu HSS DİN338 ERİC;ERİC;Matkap ve Freze>Matkap Uçları>HSS Matkap Uçları;220;6.8;USD;323.16;20;https://raw.githubusercontent.com/dumanonur42-rgb/ticimax-stok/main/gorseller/8%2C8%20MM%20Alt%C4%B1n%20Seri%20Matkap%20Ucu%20HSS%20D%C4%B0N338%20ER%C4%B0C%20-%20T3380088CO.jpg;https://talhateknik.diaeticaret.com/8-8mm-altin-seri-matkap-ucu-hss-din338-eric-p5856
T3380088F;8,8 MM Fully Ground Matkap Ucu HSS DİN338 ERİC;ERİC;Matkap ve Freze>Matkap Uçları>HSS Matkap Uçları;540;4.0;USD;190.09;20;https://raw.githubusercontent.com/dumanonur42-rgb/ticimax-stok/main/gorseller/8%2C8%20MM%20Fully%20Ground%20Matkap%20Ucu%20HSS%20D%C4%B0N338%20ER%C4%B0C%20-%20T3380088F.jpg;https://talhateknik.diaeticaret.com/8-8mm-fully-ground-matkap-ucu-hss-din338-eric-p5736
T3380089CO;8,9 MM Altın Seri Matkap Ucu HSS DİN338 ERİC;ERİC;Matkap ve Freze>Matkap Uçları>HSS Matkap Uçları;125;6.8;USD;323.16;20;https://raw.githubusercontent.com/dumanonur42-rgb/ticimax-stok/main/gorseller/8%2C9%20MM%20Alt%C4%B1n%20Seri%20Matkap%20Ucu%20HSS%20D%C4%B0N338%20ER%C4%B0C%20-%20T3380089CO.jpg;https://talhateknik.diaeticaret.com/8-9mm-altin-seri-matkap-ucu-hss-din338-eric-p5857
T3380089F;8,9 MM Fully Ground Matkap Ucu HSS DİN338 ERİC;ERİC;Matkap ve Freze>Matkap Uçları>HSS Matkap Uçları;445;4.0;USD;190.09;20;https://raw.githubusercontent.com/dumanonur42-rgb/ticimax-stok/main/gorseller/8%2C9%20MM%20Fully%20Ground%20Matkap%20Ucu%20HSS%20D%C4%B0N338%20ER%C4%B0C%20-%20T3380089F.jpg;https://talhateknik.diaeticaret.com/8-9mm-fully-ground-matkap-ucu-hss-din338-eric-p5737
T3380080CO;8 MM Altın Seri Matkap Ucu HSS DİN338 ERİC;ERİC;Matkap ve Freze>Matkap Uçları>HSS Matkap Uçları;2150;5.0;USD;237.61;20;https://raw.githubusercontent.com/dumanonur42-rgb/ticimax-stok/main/gorseller/8%20MM%20Alt%C4%B1n%20Seri%20Matkap%20Ucu%20HSS%20D%C4%B0N338%20ER%C4%B0C%20-%20T3380080CO.jpg;https://talhateknik.diaeticaret.com/8mm-altin-seri-matkap-ucu-hss-din338-eric-p2865
T3380080F;8 MM Fully Ground Matkap Ucu HSS DİN338 ERİC;ERİC;Matkap ve Freze>Matkap Uçları>HSS Matkap Uçları;2720;3.0;USD;142.57;20;https://raw.githubusercontent.com/dumanonur42-rgb/ticimax-stok/main/gorseller/8%20MM%20Fully%20Ground%20Matkap%20Ucu%20HSS%20D%C4%B0N338%20ER%C4%B0C%20-%20T3380080F.jpg;https://talhateknik.diaeticaret.com/8mm-fully-ground-matkap-ucu-hss-din338-eric-p2824
TGT340080;8 MM Uzun Matkap Ucu HSS DIN340 GT100 ERİC;ERİC;Matkap ve Freze>Matkap Uçları>HSS Matkap Uçları;350;6.3;USD;299.39;20;https://raw.githubusercontent.com/dumanonur42-rgb/ticimax-stok/main/gorseller/8%20MM%20Uzun%20Matkap%20Ucu%20HSS%20DIN340%20GT100%20ER%C4%B0C%20-%20TGT340080.jpg;https://talhateknik.diaeticaret.com/8mm-uzun-matkap-ucu-hss-din340-gt100-eric-p5974
T3380091CO;9,1 MM Altın Seri Matkap Ucu HSS DİN338 ERİC;ERİC;Matkap ve Freze>Matkap Uçları>HSS Matkap Uçları;165;7.5;USD;356.42;20;https://raw.githubusercontent.com/dumanonur42-rgb/ticimax-stok/main/gorseller/9%2C1%20MM%20Alt%C4%B1n%20Seri%20Matkap%20Ucu%20HSS%20D%C4%B0N338%20ER%C4%B0C%20-%20T3380091CO.jpg;https://talhateknik.diaeticaret.com/9-1mm-altin-seri-matkap-ucu-hss-din338-eric-p5858
T3380091F;9,1 MM Fully Ground Matkap Ucu HSS DİN338 ERİC;ERİC;Matkap ve Freze>Matkap Uçları>HSS Matkap Uçları;190;4.45;USD;211.48;20;https://raw.githubusercontent.com/dumanonur42-rgb/ticimax-stok/main/gorseller/9%2C1%20MM%20Fully%20Ground%20Matkap%20Ucu%20HSS%20D%C4%B0N338%20ER%C4%B0C%20-%20T3380091F.jpg;https://talhateknik.diaeticaret.com/9-1mm-fully-ground-matkap-ucu-hss-din338-eric-p5738
T3380092CO;9,2 MM Altın Seri Matkap Ucu HSS DİN338 ERİC;ERİC;Matkap ve Freze>Matkap Uçları>HSS Matkap Uçları;145;7.5;USD;356.42;20;https://raw.githubusercontent.com/dumanonur42-rgb/ticimax-stok/main/gorseller/9%2C2%20MM%20Alt%C4%B1n%20Seri%20Matkap%20Ucu%20HSS%20D%C4%B0N338%20ER%C4%B0C%20-%20T3380092CO.jpg;https://talhateknik.diaeticaret.com/9-2mm-altin-seri-matkap-ucu-hss-din338-eric-p5859
T3380092F;9,2 MM Fully Ground Matkap Ucu HSS DİN338 ERİC;ERİC;Matkap ve Freze>Matkap Uçları>HSS Matkap Uçları;170;4.45;USD;211.48;20;https://raw.githubusercontent.com/dumanonur42-rgb/ticimax-stok/main/gorseller/9%2C2%20MM%20Fully%20Ground%20Matkap%20Ucu%20HSS%20D%C4%B0N338%20ER%C4%B0C%20-%20T3380092F.jpg;https://talhateknik.diaeticaret.com/9-2mm-fully-ground-matkap-ucu-hss-din338-eric-p5739
T3380093CO;9,3 MM Altın Seri Matkap Ucu HSS DİN338 ERİC;ERİC;Matkap ve Freze>Matkap Uçları>HSS Matkap Uçları;150;7.5;USD;356.42;20;https://raw.githubusercontent.com/dumanonur42-rgb/ticimax-stok/main/gorseller/9%2C3%20MM%20Alt%C4%B1n%20Seri%20Matkap%20Ucu%20HSS%20D%C4%B0N338%20ER%C4%B0C%20-%20T3380093CO.jpg;https://talhateknik.diaeticaret.com/9-3mm-altin-seri-matkap-ucu-hss-din338-eric-p5860
T3380093F;9,3 MM Fully Ground Matkap Ucu HSS DİN338 ERİC;ERİC;Matkap ve Freze>Matkap Uçları>HSS Matkap Uçları;195;4.45;USD;211.48;20;https://raw.githubusercontent.com/dumanonur42-rgb/ticimax-stok/main/gorseller/9%2C3%20MM%20Fully%20Ground%20Matkap%20Ucu%20HSS%20D%C4%B0N338%20ER%C4%B0C%20-%20T3380093F.jpg;https://talhateknik.diaeticaret.com/9-3mm-fully-ground-matkap-ucu-hss-din338-eric-p5740
T3380094CO;9,4 MM Altın Seri Matkap Ucu HSS DİN338 ERİC;ERİC;Matkap ve Freze>Matkap Uçları>HSS Matkap Uçları;190;7.5;USD;356.42;20;https://raw.githubusercontent.com/dumanonur42-rgb/ticimax-stok/main/gorseller/9%2C4%20MM%20Alt%C4%B1n%20Seri%20Matkap%20Ucu%20HSS%20D%C4%B0N338%20ER%C4%B0C%20-%20T3380094CO.jpg;https://talhateknik.diaeticaret.com/9-4mm-altin-seri-matkap-ucu-hss-din338-eric-p5861
T3380094F;9,4 MM Fully Ground Matkap Ucu HSS DİN338 ERİC;ERİC;Matkap ve Freze>Matkap Uçları>HSS Matkap Uçları;195;4.45;USD;211.48;20;https://raw.githubusercontent.com/dumanonur42-rgb/ticimax-stok/main/gorseller/9%2C4%20MM%20Fully%20Ground%20Matkap%20Ucu%20HSS%20D%C4%B0N338%20ER%C4%B0C%20-%20T3380094F.jpg;https://talhateknik.diaeticaret.com/9-4mm-fully-ground-matkap-ucu-hss-din338-eric-p5741
T3380095CO;9,5 MM Altın Seri Matkap Ucu HSS DİN338 ERİC;ERİC;Matkap ve Freze>Matkap Uçları>HSS Matkap Uçları;495;7.5;USD;356.42;20;https://raw.githubusercontent.com/dumanonur42-rgb/ticimax-stok/main/gorseller/9%2C5%20MM%20Alt%C4%B1n%20Seri%20Matkap%20Ucu%20HSS%20D%C4%B0N338%20ER%C4%B0C%20-%20T3380095CO.jpg;https://talhateknik.diaeticaret.com/9-5mm-altin-seri-matkap-ucu-hss-din338-eric-p2868
T3380095F;9,5 MM Fully Ground Matkap Ucu HSS DİN338 ERİC;ERİC;Matkap ve Freze>Matkap Uçları>HSS Matkap Uçları;415;4.45;USD;211.48;20;https://raw.githubusercontent.com/dumanonur42-rgb/ticimax-stok/main/gorseller/9%2C5%20MM%20Fully%20Ground%20Matkap%20Ucu%20HSS%20D%C4%B0N338%20ER%C4%B0C%20-%20T3380095F.jpg;https://talhateknik.diaeticaret.com/9-5mm-fully-ground-matkap-ucu-hss-din338-eric-p2827
TGT340095;9,5 MM Uzun Matkap Ucu HSS DIN340 GT100 ERİC;ERİC;Matkap ve Freze>Matkap Uçları>HSS Matkap Uçları;70;9.52;USD;452.42;20;https://raw.githubusercontent.com/dumanonur42-rgb/ticimax-stok/main/gorseller/9%2C5%20MM%20Uzun%20Matkap%20Ucu%20HSS%20DIN340%20GT100%20ER%C4%B0C%20-%20TGT340095.jpg;https://talhateknik.diaeticaret.com/9-5mm-uzun-matkap-ucu-hss-din340-gt100-eric-p5977
T3380096CO;9,6 MM Altın Seri Matkap Ucu HSS DİN338 ERİC;ERİC;Matkap ve Freze>Matkap Uçları>HSS Matkap Uçları;160;8.65;USD;411.07;20;https://raw.githubusercontent.com/dumanonur42-rgb/ticimax-stok/main/gorseller/9%2C6%20MM%20Alt%C4%B1n%20Seri%20Matkap%20Ucu%20HSS%20D%C4%B0N338%20ER%C4%B0C%20-%20T3380096CO.jpg;https://talhateknik.diaeticaret.com/9-6mm-altin-seri-matkap-ucu-hss-din338-eric-p5862
T3380096F;9,6 MM Fully Ground Matkap Ucu HSS DİN338 ERİC;ERİC;Matkap ve Freze>Matkap Uçları>HSS Matkap Uçları;190;5.1;USD;242.37;20;https://raw.githubusercontent.com/dumanonur42-rgb/ticimax-stok/main/gorseller/9%2C6%20MM%20Fully%20Ground%20Matkap%20Ucu%20HSS%20D%C4%B0N338%20ER%C4%B0C%20-%20T3380096F.jpg;https://talhateknik.diaeticaret.com/9-6mm-fully-ground-matkap-ucu-hss-din338-eric-p5742
T3380097CO;9,7 MM Altın Seri Matkap Ucu HSS DİN338 ERİC;ERİC;Matkap ve Freze>Matkap Uçları>HSS Matkap Uçları;140;8.65;USD;411.07;20;https://raw.githubusercontent.com/dumanonur42-rgb/ticimax-stok/main/gorseller/9%2C7%20MM%20Alt%C4%B1n%20Seri%20Matkap%20Ucu%20HSS%20D%C4%B0N338%20ER%C4%B0C%20-%20T3380097CO.jpg;https://talhateknik.diaeticaret.com/9-7mm-altin-seri-matkap-ucu-hss-din338-eric-p5863
T3380097F;9,7 MM Fully Ground Matkap Ucu HSS DİN338 ERİC;ERİC;Matkap ve Freze>Matkap Uçları>HSS Matkap Uçları;185;5.1;USD;242.37;20;https://raw.githubusercontent.com/dumanonur42-rgb/ticimax-stok/main/gorseller/9%2C7%20MM%20Fully%20Ground%20Matkap%20Ucu%20HSS%20D%C4%B0N338%20ER%C4%B0C%20-%20T3380097F.jpg;https://talhateknik.diaeticaret.com/9-7mm-fully-ground-matkap-ucu-hss-din338-eric-p5743
T3380098CO;9,8 MM Altın Seri Matkap Ucu HSS DİN338 ERİC;ERİC;Matkap ve Freze>Matkap Uçları>HSS Matkap Uçları;120;8.65;USD;411.07;20;https://raw.githubusercontent.com/dumanonur42-rgb/ticimax-stok/main/gorseller/9%2C8%20MM%20Alt%C4%B1n%20Seri%20Matkap%20Ucu%20HSS%20D%C4%B0N338%20ER%C4%B0C%20-%20T3380098CO.jpg;https://talhateknik.diaeticaret.com/9-8mm-altin-seri-matkap-ucu-hss-din338-eric-p5864
T3380098F;9,8 MM Fully Ground Matkap Ucu HSS DİN338 ERİC;ERİC;Matkap ve Freze>Matkap Uçları>HSS Matkap Uçları;55;5.1;USD;242.37;20;https://raw.githubusercontent.com/dumanonur42-rgb/ticimax-stok/main/gorseller/9%2C8%20MM%20Fully%20Ground%20Matkap%20Ucu%20HSS%20D%C4%B0N338%20ER%C4%B0C%20-%20T3380098F.jpg;https://talhateknik.diaeticaret.com/9-8mm-fully-ground-matkap-ucu-hss-din338-eric-p5744
T3380099CO;9,9 MM Altın Seri Matkap Ucu HSS DİN338 ERİC;ERİC;Matkap ve Freze>Matkap Uçları>HSS Matkap Uçları;170;8.65;USD;411.07;20;https://raw.githubusercontent.com/dumanonur42-rgb/ticimax-stok/main/gorseller/9%2C9%20MM%20Alt%C4%B1n%20Seri%20Matkap%20Ucu%20HSS%20D%C4%B0N338%20ER%C4%B0C%20-%20T3380099CO.jpg;https://talhateknik.diaeticaret.com/9-9mm-altin-seri-matkap-ucu-hss-din338-eric-p5865
T3380099F;9,9 MM Fully Ground Matkap Ucu HSS DİN338 ERİC;ERİC;Matkap ve Freze>Matkap Uçları>HSS Matkap Uçları;190;5.1;USD;242.37;20;https://raw.githubusercontent.com/dumanonur42-rgb/ticimax-stok/main/gorseller/9%2C9%20MM%20Fully%20Ground%20Matkap%20Ucu%20HSS%20D%C4%B0N338%20ER%C4%B0C%20-%20T3380099F.jpg;https://talhateknik.diaeticaret.com/9-9mm-fully-ground-matkap-ucu-hss-din338-eric-p5745
T3380090CO;9 MM Altın Seri Matkap Ucu HSS DİN338 ERİC;ERİC;Matkap ve Freze>Matkap Uçları>HSS Matkap Uçları;1150;6.8;USD;323.16;20;https://raw.githubusercontent.com/dumanonur42-rgb/ticimax-stok/main/gorseller/9%20MM%20Alt%C4%B1n%20Seri%20Matkap%20Ucu%20HSS%20D%C4%B0N338%20ER%C4%B0C%20-%20T3380090CO.jpg;https://talhateknik.diaeticaret.com/9mm-altin-seri-matkap-ucu-hss-din338-eric-p2867
T3380090F;9 MM Fully Ground Matkap Ucu HSS DİN338 ERİC;ERİC;Matkap ve Freze>Matkap Uçları>HSS Matkap Uçları;700;4.0;USD;190.09;20;https://raw.githubusercontent.com/dumanonur42-rgb/ticimax-stok/main/gorseller/9%20MM%20Fully%20Ground%20Matkap%20Ucu%20HSS%20D%C4%B0N338%20ER%C4%B0C%20-%20T3380090F.jpg;https://talhateknik.diaeticaret.com/9mm-fully-ground-matkap-ucu-hss-din338-eric-p2826
TGT340090;9 MM Uzun Matkap Ucu HSS DIN340 GT100 ERİC;ERİC;Matkap ve Freze>Matkap Uçları>HSS Matkap Uçları;130;8.54;USD;405.85;20;https://raw.githubusercontent.com/dumanonur42-rgb/ticimax-stok/main/gorseller/9%20MM%20Uzun%20Matkap%20Ucu%20HSS%20DIN340%20GT100%20ER%C4%B0C%20-%20TGT340090.jpg;https://talhateknik.diaeticaret.com/9mm-uzun-matkap-ucu-hss-din340-gt100-eric-p5976
TK4D015;1,5 MM 4D Karbür Matkap Ucu ERİC;ERİC;Matkap ve Freze>Matkap Uçları>Karbür Matkap Uçları;403;8.2;USD;389.69;20;;https://talhateknik.diaeticaret.com/1-5mm-4d-karbur-matkap-ucu-eric-p11145
TK338015;1,5 MM Karbür Matkap Ucu DİN338 8D ERİC;ERİC;Matkap ve Freze>Matkap Uçları>Karbür Matkap Uçları;322;10.2;USD;484.73;20;https://raw.githubusercontent.com/dumanonur42-rgb/ticimax-stok/main/gorseller/1%2C5%20MM%20Karb%C3%BCr%20Matkap%20Ucu%20D%C4%B0N338%208D%20ER%C4%B0C%20-%20TK338015.jpg;https://talhateknik.diaeticaret.com/1-5mm-karbur-matkap-ucu-din338-8d-eric-p11147
TK4D102;10,2 MM 4D Karbür Matkap Ucu ERİC;ERİC;Matkap ve Freze>Matkap Uçları>Karbür Matkap Uçları;173;123.1;USD;5850.07;20;https://raw.githubusercontent.com/dumanonur42-rgb/ticimax-stok/main/gorseller/10%2C2%20MM%204D%20Karb%C3%BCr%20Matkap%20Ucu%20ER%C4%B0C%20-%20TK4D102.jpg;https://talhateknik.diaeticaret.com/10-2mm-4d-karbur-matkap-ucu-eric-p3844
TK338102;10,2 MM Karbür Matkap Ucu DİN338 8D ERİC;ERİC;Matkap ve Freze>Matkap Uçları>Karbür Matkap Uçları;50;197.6;USD;9390.53;20;https://raw.githubusercontent.com/dumanonur42-rgb/ticimax-stok/main/gorseller/10%2C2%20MM%20Karb%C3%BCr%20Matkap%20Ucu%20D%C4%B0N338%208D%20ER%C4%B0C%20-%20TK338102.jpg;https://talhateknik.diaeticaret.com/10-2mm-karbur-matkap-ucu-din338-8d-eric-p3117
TK4D105;10,5 MM 4D Karbür Matkap Ucu ERİC;ERİC;Matkap ve Freze>Matkap Uçları>Karbür Matkap Uçları;252;125.25;USD;5952.24;20;https://raw.githubusercontent.com/dumanonur42-rgb/ticimax-stok/main/gorseller/10%2C5%20MM%204D%20Karb%C3%BCr%20Matkap%20Ucu%20ER%C4%B0C%20-%20TK4D105.jpg;https://talhateknik.diaeticaret.com/10-5mm-4d-karbur-matkap-ucu-eric-p3845
TK338105;10,5 MM Karbür Matkap Ucu DİN338 8D ERİC;ERİC;Matkap ve Freze>Matkap Uçları>Karbür Matkap Uçları;111;197.6;USD;9390.53;20;https://raw.githubusercontent.com/dumanonur42-rgb/ticimax-stok/main/gorseller/10%2C5%20MM%20Karb%C3%BCr%20Matkap%20Ucu%20D%C4%B0N338%208D%20ER%C4%B0C%20-%20TK338105.jpg;https://talhateknik.diaeticaret.com/10-5mm-karbur-matkap-ucu-din338-8d-eric-p3118
TK4D100;10 MM 4D Karbür Matkap Ucu ERİC;ERİC;Matkap ve Freze>Matkap Uçları>Karbür Matkap Uçları;318;106.9;USD;5080.2;20;https://raw.githubusercontent.com/dumanonur42-rgb/ticimax-stok/main/gorseller/10%20MM%204D%20Karb%C3%BCr%20Matkap%20Ucu%20ER%C4%B0C%20-%20TK4D100.jpg;https://talhateknik.diaeticaret.com/10mm-4d-karbur-matkap-ucu-eric-p3843
TK338100;10 MM Karbür Matkap Ucu DİN338 8D ERİC;ERİC;Matkap ve Freze>Matkap Uçları>Karbür Matkap Uçları;60;171.2;USD;8135.92;20;https://raw.githubusercontent.com/dumanonur42-rgb/ticimax-stok/main/gorseller/10%20MM%20Karb%C3%BCr%20Matkap%20Ucu%20D%C4%B0N338%208D%20ER%C4%B0C%20-%20TK338100.jpg;https://talhateknik.diaeticaret.com/10mm-karbur-matkap-ucu-din338-8d-eric-p3116
TK4D115;11,5 MM 4D Karbür Matkap Ucu ERİC;ERİC;Matkap ve Freze>Matkap Uçları>Karbür Matkap Uçları;71;152.7;USD;7256.75;20;https://raw.githubusercontent.com/dumanonur42-rgb/ticimax-stok/main/gorseller/11%2C5%20MM%204D%20Karb%C3%BCr%20Matkap%20Ucu%20ER%C4%B0C%20-%20TK4D115.jpg;https://talhateknik.diaeticaret.com/11-5mm-4d-karbur-matkap-ucu-eric-p3847
TK338115;11,5 MM Karbür Matkap Ucu DİN338 8D ERİC;ERİC;Matkap ve Freze>Matkap Uçları>Karbür Matkap Uçları;32;239.0;USD;11357.97;20;https://raw.githubusercontent.com/dumanonur42-rgb/ticimax-stok/main/gorseller/11%2C5%20MM%20Karb%C3%BCr%20Matkap%20Ucu%20D%C4%B0N338%208D%20ER%C4%B0C%20-%20TK338115.jpg;https://talhateknik.diaeticaret.com/11-5mm-karbur-matkap-ucu-din338-8d-eric-p3120
TK4D110;11 MM 4D Karbür Matkap Ucu ERİC;ERİC;Matkap ve Freze>Matkap Uçları>Karbür Matkap Uçları;123;131.8;USD;6263.52;20;https://raw.githubusercontent.com/dumanonur42-rgb/ticimax-stok/main/gorseller/11%20MM%204D%20Karb%C3%BCr%20Matkap%20Ucu%20ER%C4%B0C%20-%20TK4D110.jpg;https://talhateknik.diaeticaret.com/11mm-4d-karbur-matkap-ucu-eric-p3846
TK338110;11 MM Karbür Matkap Ucu DİN338 8D ERİC;ERİC;Matkap ve Freze>Matkap Uçları>Karbür Matkap Uçları;34;209.0;USD;9932.29;20;https://raw.githubusercontent.com/dumanonur42-rgb/ticimax-stok/main/gorseller/11%20MM%20Karb%C3%BCr%20Matkap%20Ucu%20D%C4%B0N338%208D%20ER%C4%B0C%20-%20TK338110.jpg;https://talhateknik.diaeticaret.com/11mm-karbur-matkap-ucu-din338-8d-eric-p3119
TK4D125;12,5 MM 4D Karbür Matkap Ucu ERİC;ERİC;Matkap ve Freze>Matkap Uçları>Karbür Matkap Uçları;110;185.0;USD;8791.74;20;https://raw.githubusercontent.com/dumanonur42-rgb/ticimax-stok/main/gorseller/12%2C5%20MM%204D%20Karb%C3%BCr%20Matkap%20Ucu%20ER%C4%B0C%20-%20TK4D125.jpg;https://talhateknik.diaeticaret.com/12-5mm-4d-karbur-matkap-ucu-eric-p3849
TK338125;12,5 MM Karbür Matkap Ucu DİN338 8D ERİC;ERİC;Matkap ve Freze>Matkap Uçları>Karbür Matkap Uçları;34;320.0;USD;15207.33;20;https://raw.githubusercontent.com/dumanonur42-rgb/ticimax-stok/main/gorseller/12%2C5%20MM%20Karb%C3%BCr%20Matkap%20Ucu%20D%C4%B0N338%208D%20ER%C4%B0C%20-%20TK338125.jpg;https://talhateknik.diaeticaret.com/12-5mm-karbur-matkap-ucu-din338-8d-eric-p3122
TK4D120;12 MM 4D Karbür Matkap Ucu ERİC;ERİC;Matkap ve Freze>Matkap Uçları>Karbür Matkap Uçları;148;161.5;USD;7674.95;20;https://raw.githubusercontent.com/dumanonur42-rgb/ticimax-stok/main/gorseller/12%20MM%204D%20Karb%C3%BCr%20Matkap%20Ucu%20ER%C4%B0C%20-%20TK4D120.jpg;https://talhateknik.diaeticaret.com/12mm-4d-karbur-matkap-ucu-eric-p3848
TK338120;12 MM Karbür Matkap Ucu DİN338 8D ERİC;ERİC;Matkap ve Freze>Matkap Uçları>Karbür Matkap Uçları;72;299.0;USD;14209.35;20;https://raw.githubusercontent.com/dumanonur42-rgb/ticimax-stok/main/gorseller/12%20MM%20Karb%C3%BCr%20Matkap%20Ucu%20D%C4%B0N338%208D%20ER%C4%B0C%20-%20TK338120.jpg;https://talhateknik.diaeticaret.com/12mm-karbur-matkap-ucu-din338-8d-eric-p3121
TK4D135;13,5 MM 4D Karbür Matkap Ucu ERİC;ERİC;Matkap ve Freze>Matkap Uçları>Karbür Matkap Uçları;43;239.5;USD;11381.73;20;https://raw.githubusercontent.com/dumanonur42-rgb/ticimax-stok/main/gorseller/13%2C5%20MM%204D%20Karb%C3%BCr%20Matkap%20Ucu%20ER%C4%B0C%20-%20TK4D135.jpg;https://talhateknik.diaeticaret.com/13-5mm-4d-karbur-matkap-ucu-eric-p4401
TK338135;13,5 MM Karbür Matkap Ucu DİN338 8D ERİC;ERİC;Matkap ve Freze>Matkap Uçları>Karbür Matkap Uçları;19;361.0;USD;17155.77;20;https://raw.githubusercontent.com/dumanonur42-rgb/ticimax-stok/main/gorseller/13%2C5%20MM%20Karb%C3%BCr%20Matkap%20Ucu%20D%C4%B0N338%208D%20ER%C4%B0C%20-%20TK338135.jpg;https://talhateknik.diaeticaret.com/13-5mm-karbur-matkap-ucu-din338-8d-eric-p4415
TK4D130;13 MM 4D Karbür Matkap Ucu ERİC;ERİC;Matkap ve Freze>Matkap Uçları>Karbür Matkap Uçları;83;190.5;USD;9053.11;20;https://raw.githubusercontent.com/dumanonur42-rgb/ticimax-stok/main/gorseller/13%20MM%204D%20Karb%C3%BCr%20Matkap%20Ucu%20ER%C4%B0C%20-%20TK4D130.jpg;https://talhateknik.diaeticaret.com/13mm-4d-karbur-matkap-ucu-eric-p3850
TK338130;13 MM Karbür Matkap Ucu DİN338 8D ERİC;ERİC;Matkap ve Freze>Matkap Uçları>Karbür Matkap Uçları;48;320.0;USD;15207.33;20;https://raw.githubusercontent.com/dumanonur42-rgb/ticimax-stok/main/gorseller/13%20MM%20Karb%C3%BCr%20Matkap%20Ucu%20D%C4%B0N338%208D%20ER%C4%B0C%20-%20TK338130.jpg;https://talhateknik.diaeticaret.com/13mm-karbur-matkap-ucu-din338-8d-eric-p3123
TK4D145;14,5 MM 4D Karbür Matkap Ucu ERİC;ERİC;Matkap ve Freze>Matkap Uçları>Karbür Matkap Uçları;35;270.0;USD;12831.18;20;https://raw.githubusercontent.com/dumanonur42-rgb/ticimax-stok/main/gorseller/14%2C5%20MM%204D%20Karb%C3%BCr%20Matkap%20Ucu%20ER%C4%B0C%20-%20TK4D145.jpg;https://talhateknik.diaeticaret.com/14-5mm-4d-karbur-matkap-ucu-eric-p4403
TK338145;14,5 MM Karbür Matkap Ucu DİN338 8D ERİC;ERİC;Matkap ve Freze>Matkap Uçları>Karbür Matkap Uçları;18;457.0;USD;21717.97;20;https://raw.githubusercontent.com/dumanonur42-rgb/ticimax-stok/main/gorseller/14%2C5%20MM%20Karb%C3%BCr%20Matkap%20Ucu%20D%C4%B0N338%208D%20ER%C4%B0C%20-%20TK338145.jpg;https://talhateknik.diaeticaret.com/14-5mm-karbur-matkap-ucu-din338-8d-eric-p4417
TK4D140;14 MM 4D Karbür Matkap Ucu ERİC;ERİC;Matkap ve Freze>Matkap Uçları>Karbür Matkap Uçları;70;239.5;USD;11381.73;20;https://raw.githubusercontent.com/dumanonur42-rgb/ticimax-stok/main/gorseller/14%20MM%204D%20Karb%C3%BCr%20Matkap%20Ucu%20ER%C4%B0C%20-%20TK4D140.jpg;https://talhateknik.diaeticaret.com/14mm-4d-karbur-matkap-ucu-eric-p4402
TK338140;14 MM Karbür Matkap Ucu DİN338 8D ERİC;ERİC;Matkap ve Freze>Matkap Uçları>Karbür Matkap Uçları;17;410.0;USD;19484.39;20;https://raw.githubusercontent.com/dumanonur42-rgb/ticimax-stok/main/gorseller/14%20MM%20Karb%C3%BCr%20Matkap%20Ucu%20D%C4%B0N338%208D%20ER%C4%B0C%20-%20TK338140.jpg;https://talhateknik.diaeticaret.com/14mm-karbur-matkap-ucu-din338-8d-eric-p4416
TK4D155;15,5 MM 4D Karbür Matkap Ucu ERİC;ERİC;Matkap ve Freze>Matkap Uçları>Karbür Matkap Uçları;20;319.1;USD;15164.56;20;https://raw.githubusercontent.com/dumanonur42-rgb/ticimax-stok/main/gorseller/15%2C5%20MM%204D%20Karb%C3%BCr%20Matkap%20Ucu%20ER%C4%B0C%20-%20TK4D155.jpg;https://talhateknik.diaeticaret.com/15-5mm-4d-karbur-matkap-ucu-eric-p4405
TK338155;15,5 MM Karbür Matkap Ucu DİN338 8D ERİC;ERİC;Matkap ve Freze>Matkap Uçları>Karbür Matkap Uçları;0;518.5;USD;24640.62;20;https://raw.githubusercontent.com/dumanonur42-rgb/ticimax-stok/main/gorseller/15%2C5%20MM%20Karb%C3%BCr%20Matkap%20Ucu%20D%C4%B0N338%208D%20ER%C4%B0C%20-%20TK338155.jpg;https://talhateknik.diaeticaret.com/15-5mm-karbur-matkap-ucu-din338-8d-eric-p4419
TK4D150;15 MM 4D Karbür Matkap Ucu ERİC;ERİC;Matkap ve Freze>Matkap Uçları>Karbür Matkap Uçları;27;276.5;USD;13140.08;20;https://raw.githubusercontent.com/dumanonur42-rgb/ticimax-stok/main/gorseller/15%20MM%204D%20Karb%C3%BCr%20Matkap%20Ucu%20ER%C4%B0C%20-%20TK4D150.jpg;https://talhateknik.diaeticaret.com/15mm-4d-karbur-matkap-ucu-eric-p4404
TK338150;15 MM Karbür Matkap Ucu DİN338 8D ERİC;ERİC;Matkap ve Freze>Matkap Uçları>Karbür Matkap Uçları;19;457.0;USD;21717.97;20;https://raw.githubusercontent.com/dumanonur42-rgb/ticimax-stok/main/gorseller/15%20MM%20Karb%C3%BCr%20Matkap%20Ucu%20D%C4%B0N338%208D%20ER%C4%B0C%20-%20TK338150.jpg;https://talhateknik.diaeticaret.com/15mm-karbur-matkap-ucu-din338-8d-eric-p4418
TK4D165;16,5 MM 4D Karbür Matkap Ucu ERİC;ERİC;Matkap ve Freze>Matkap Uçları>Karbür Matkap Uçları;9;334.0;USD;15872.65;20;https://raw.githubusercontent.com/dumanonur42-rgb/ticimax-stok/main/gorseller/16%2C5%20MM%204D%20Karb%C3%BCr%20Matkap%20Ucu%20ER%C4%B0C%20-%20TK4D165.jpg;https://talhateknik.diaeticaret.com/16-5mm-4d-karbur-matkap-ucu-eric-p4407
TK338165;16,5 MM Karbür Matkap Ucu DİN338 8D ERİC;ERİC;Matkap ve Freze>Matkap Uçları>Karbür Matkap Uçları;5;625.0;USD;29701.81;20;https://raw.githubusercontent.com/dumanonur42-rgb/ticimax-stok/main/gorseller/16%2C5%20MM%20Karb%C3%BCr%20Matkap%20Ucu%20D%C4%B0N338%208D%20ER%C4%B0C%20-%20TK338165.jpg;https://talhateknik.diaeticaret.com/16-5mm-karbur-matkap-ucu-din338-8d-eric-p4421
TK4D160;16 MM 4D Karbür Matkap Ucu ERİC;ERİC;Matkap ve Freze>Matkap Uçları>Karbür Matkap Uçları;31;319.1;USD;15164.56;20;https://raw.githubusercontent.com/dumanonur42-rgb/ticimax-stok/main/gorseller/16%20MM%204D%20Karb%C3%BCr%20Matkap%20Ucu%20ER%C4%B0C%20-%20TK4D160.jpg;https://talhateknik.diaeticaret.com/16mm-4d-karbur-matkap-ucu-eric-p4406
TK338160;16 MM Karbür Matkap Ucu DİN338 8D ERİC;ERİC;Matkap ve Freze>Matkap Uçları>Karbür Matkap Uçları;25;518.5;USD;24640.62;20;https://raw.githubusercontent.com/dumanonur42-rgb/ticimax-stok/main/gorseller/16%20MM%20Karb%C3%BCr%20Matkap%20Ucu%20D%C4%B0N338%208D%20ER%C4%B0C%20-%20TK338160.jpg;https://talhateknik.diaeticaret.com/16mm-karbur-matkap-ucu-din338-8d-eric-p4420
TK4D175;17,5 MM 4D Karbür Matkap Ucu ERİC;ERİC;Matkap ve Freze>Matkap Uçları>Karbür Matkap Uçları;9;395.0;USD;18771.55;20;https://raw.githubusercontent.com/dumanonur42-rgb/ticimax-stok/main/gorseller/17%2C5%20MM%204D%20Karb%C3%BCr%20Matkap%20Ucu%20ER%C4%B0C%20-%20TK4D175.jpg;https://talhateknik.diaeticaret.com/17-5mm-4d-karbur-matkap-ucu-eric-p4409
TK338175;17,5 MM Karbür Matkap Ucu DİN338 8D ERİC;ERİC;Matkap ve Freze>Matkap Uçları>Karbür Matkap Uçları;5;630.0;USD;29939.43;20;https://raw.githubusercontent.com/dumanonur42-rgb/ticimax-stok/main/gorseller/17%2C5%20MM%20Karb%C3%BCr%20Matkap%20Ucu%20D%C4%B0N338%208D%20ER%C4%B0C%20-%20TK338175.jpg;https://talhateknik.diaeticaret.com/17-5mm-karbur-matkap-ucu-din338-8d-eric-p4423
TK4D170;17 MM 4D Karbür Matkap Ucu ERİC;ERİC;Matkap ve Freze>Matkap Uçları>Karbür Matkap Uçları;17;357.8;USD;17003.69;20;https://raw.githubusercontent.com/dumanonur42-rgb/ticimax-stok/main/gorseller/17%20MM%204D%20Karb%C3%BCr%20Matkap%20Ucu%20ER%C4%B0C%20-%20TK4D170.jpg;https://talhateknik.diaeticaret.com/17mm-4d-karbur-matkap-ucu-eric-p4408
TK338170;17 MM Karbür Matkap Ucu DİN338 8D ERİC;ERİC;Matkap ve Freze>Matkap Uçları>Karbür Matkap Uçları;5;625.0;USD;29701.81;20;https://raw.githubusercontent.com/dumanonur42-rgb/ticimax-stok/main/gorseller/17%20MM%20Karb%C3%BCr%20Matkap%20Ucu%20D%C4%B0N338%208D%20ER%C4%B0C%20-%20TK338170.jpg;https://talhateknik.diaeticaret.com/17mm-karbur-matkap-ucu-din338-8d-eric-p4422
TK4D185;18,5 MM 4D Karbür Matkap Ucu ERİC;ERİC;Matkap ve Freze>Matkap Uçları>Karbür Matkap Uçları;9;460.1;USD;21865.29;20;https://raw.githubusercontent.com/dumanonur42-rgb/ticimax-stok/main/gorseller/18%2C5%20MM%204D%20Karb%C3%BCr%20Matkap%20Ucu%20ER%C4%B0C%20-%20TK4D185.jpg;https://talhateknik.diaeticaret.com/18-5mm-4d-karbur-matkap-ucu-eric-p4411
TK338185;18,5 MM Karbür Matkap Ucu DİN338 8D ERİC;ERİC;Matkap ve Freze>Matkap Uçları>Karbür Matkap Uçları;5;690.0;USD;32790.8;20;https://raw.githubusercontent.com/dumanonur42-rgb/ticimax-stok/main/gorseller/18%2C5%20MM%20Karb%C3%BCr%20Matkap%20Ucu%20D%C4%B0N338%208D%20ER%C4%B0C%20-%20TK338185.jpg;https://talhateknik.diaeticaret.com/18-5mm-karbur-matkap-ucu-din338-8d-eric-p4425
TK4D180;18 MM 4D Karbür Matkap Ucu ERİC;ERİC;Matkap ve Freze>Matkap Uçları>Karbür Matkap Uçları;15;409.2;USD;19446.37;20;https://raw.githubusercontent.com/dumanonur42-rgb/ticimax-stok/main/gorseller/18%20MM%204D%20Karb%C3%BCr%20Matkap%20Ucu%20ER%C4%B0C%20-%20TK4D180.jpg;https://talhateknik.diaeticaret.com/18mm-4d-karbur-matkap-ucu-eric-p4410
TK338180;18 MM Karbür Matkap Ucu DİN338 8D ERİC;ERİC;Matkap ve Freze>Matkap Uçları>Karbür Matkap Uçları;5;630.0;USD;29939.43;20;https://raw.githubusercontent.com/dumanonur42-rgb/ticimax-stok/main/gorseller/18%20MM%20Karb%C3%BCr%20Matkap%20Ucu%20D%C4%B0N338%208D%20ER%C4%B0C%20-%20TK338180.jpg;https://talhateknik.diaeticaret.com/18mm-karbur-matkap-ucu-din338-8d-eric-p4424
TK4D195;19,5 MM 4D Karbür Matkap Ucu ERİC;ERİC;Matkap ve Freze>Matkap Uçları>Karbür Matkap Uçları;10;490.0;USD;23286.22;20;https://raw.githubusercontent.com/dumanonur42-rgb/ticimax-stok/main/gorseller/19%2C5%20MM%204D%20Karb%C3%BCr%20Matkap%20Ucu%20ER%C4%B0C%20-%20TK4D195.jpg;https://talhateknik.diaeticaret.com/19-5mm-4d-karbur-matkap-ucu-eric-p4413
TK338195;19,5 MM Karbür Matkap Ucu DİN338 8D ERİC;ERİC;Matkap ve Freze>Matkap Uçları>Karbür Matkap Uçları;5;840.0;USD;39919.24;20;https://raw.githubusercontent.com/dumanonur42-rgb/ticimax-stok/main/gorseller/19%2C5%20MM%20Karb%C3%BCr%20Matkap%20Ucu%20D%C4%B0N338%208D%20ER%C4%B0C%20-%20TK338195.jpg;https://talhateknik.diaeticaret.com/19-5mm-karbur-matkap-ucu-din338-8d-eric-p4427
TK4D190;19 MM 4D Karbür Matkap Ucu ERİC;ERİC;Matkap ve Freze>Matkap Uçları>Karbür Matkap Uçları;20;460.1;USD;21865.29;20;https://raw.githubusercontent.com/dumanonur42-rgb/ticimax-stok/main/gorseller/19%20MM%204D%20Karb%C3%BCr%20Matkap%20Ucu%20ER%C4%B0C%20-%20TK4D190.jpg;https://talhateknik.diaeticaret.com/19mm-4d-karbur-matkap-ucu-eric-p4412
TK338190;19 MM Karbür Matkap Ucu DİN338 8D ERİC;ERİC;Matkap ve Freze>Matkap Uçları>Karbür Matkap Uçları;5;690.0;USD;32790.8;20;https://raw.githubusercontent.com/dumanonur42-rgb/ticimax-stok/main/gorseller/19%20MM%20Karb%C3%BCr%20Matkap%20Ucu%20D%C4%B0N338%208D%20ER%C4%B0C%20-%20TK338190.jpg;https://talhateknik.diaeticaret.com/19mm-karbur-matkap-ucu-din338-8d-eric-p4426
TK4D010;1 MM 4D Karbür Matkap Ucu ERİC;ERİC;Matkap ve Freze>Matkap Uçları>Karbür Matkap Uçları;429;8.0;USD;380.18;20;;https://talhateknik.diaeticaret.com/1mm-4d-karbur-matkap-ucu-eric-p11144
TK338010;1 MM Karbür Matkap Ucu DİN338 8D ERİC;ERİC;Matkap ve Freze>Matkap Uçları>Karbür Matkap Uçları;318;10.0;USD;475.23;20;https://raw.githubusercontent.com/dumanonur42-rgb/ticimax-stok/main/gorseller/1%20MM%20Karb%C3%BCr%20Matkap%20Ucu%20D%C4%B0N338%208D%20ER%C4%B0C%20-%20TK338010.jpg;https://talhateknik.diaeticaret.com/1mm-karbur-matkap-ucu-din338-8d-eric-p11146
TK4D025;2,5 MM 4D Karbür Matkap Ucu ERİC;ERİC;Matkap ve Freze>Matkap Uçları>Karbür Matkap Uçları;1470;10.0;USD;475.23;20;https://raw.githubusercontent.com/dumanonur42-rgb/ticimax-stok/main/gorseller/2%2C5%20MM%204D%20Karb%C3%BCr%20Matkap%20Ucu%20ER%C4%B0C%20-%20TK4D025.jpg;https://talhateknik.diaeticaret.com/2-5mm-4d-karbur-matkap-ucu-eric-p3823
TK338025;2,5 MM Karbür Matkap Ucu DİN338 8D ERİC;ERİC;Matkap ve Freze>Matkap Uçları>Karbür Matkap Uçları;323;13.0;USD;617.8;20;https://raw.githubusercontent.com/dumanonur42-rgb/ticimax-stok/main/gorseller/2%2C5%20MM%20Karb%C3%BCr%20Matkap%20Ucu%20D%C4%B0N338%208D%20ER%C4%B0C%20-%20TK338025.jpg;https://talhateknik.diaeticaret.com/2-5mm-karbur-matkap-ucu-din338-8d-eric-p3096
TK4D200;20 MM 4D Karbür Matkap Ucu ERİC;ERİC;Matkap ve Freze>Matkap Uçları>Karbür Matkap Uçları;20;517.0;USD;24569.34;20;https://raw.githubusercontent.com/dumanonur42-rgb/ticimax-stok/main/gorseller/20%20MM%204D%20Karb%C3%BCr%20Matkap%20Ucu%20ER%C4%B0C%20-%20TK4D200.jpg;https://talhateknik.diaeticaret.com/20mm-4d-karbur-matkap-ucu-eric-p4414
TK338200;20 MM Karbür Matkap Ucu DİN338 8D ERİC;ERİC;Matkap ve Freze>Matkap Uçları>Karbür Matkap Uçları;21;840.0;USD;39919.24;20;https://raw.githubusercontent.com/dumanonur42-rgb/ticimax-stok/main/gorseller/20%20MM%20Karb%C3%BCr%20Matkap%20Ucu%20D%C4%B0N338%208D%20ER%C4%B0C%20-%20TK338200.jpg;https://talhateknik.diaeticaret.com/20mm-karbur-matkap-ucu-din338-8d-eric-p4428
TK4D020;2 MM 4D Karbür Matkap Ucu ERİC;ERİC;Matkap ve Freze>Matkap Uçları>Karbür Matkap Uçları;1145;9.0;USD;427.71;20;https://raw.githubusercontent.com/dumanonur42-rgb/ticimax-stok/main/gorseller/2%20MM%204D%20Karb%C3%BCr%20Matkap%20Ucu%20ER%C4%B0C%20-%20TK4D020.jpg;https://talhateknik.diaeticaret.com/2mm-4d-karbur-matkap-ucu-eric-p3822
TK338020;2 MM Karbür Matkap Ucu DİN338 8D ERİC;ERİC;Matkap ve Freze>Matkap Uçları>Karbür Matkap Uçları;142;11.0;USD;522.75;20;https://raw.githubusercontent.com/dumanonur42-rgb/ticimax-stok/main/gorseller/2%20MM%20Karb%C3%BCr%20Matkap%20Ucu%20D%C4%B0N338%208D%20ER%C4%B0C%20-%20TK338020.jpg;https://talhateknik.diaeticaret.com/2mm-karbur-matkap-ucu-din338-8d-eric-p3095
TK4D032;3,2 MM 4D Karbür Matkap Ucu ERİC;ERİC;Matkap ve Freze>Matkap Uçları>Karbür Matkap Uçları;1005;16.8;USD;798.38;20;https://raw.githubusercontent.com/dumanonur42-rgb/ticimax-stok/main/gorseller/3%2C2%20MM%204D%20Karb%C3%BCr%20Matkap%20Ucu%20ER%C4%B0C%20-%20TK4D032.jpg;https://talhateknik.diaeticaret.com/3-2mm-4d-karbur-matkap-ucu-eric-p3825
TK338032;3,2 MM Karbür Matkap Ucu DİN338 8D ERİC;ERİC;Matkap ve Freze>Matkap Uçları>Karbür Matkap Uçları;75;18.0;USD;855.41;20;https://raw.githubusercontent.com/dumanonur42-rgb/ticimax-stok/main/gorseller/3%2C2%20MM%20Karb%C3%BCr%20Matkap%20Ucu%20D%C4%B0N338%208D%20ER%C4%B0C%20-%20TK338032.jpg;https://talhateknik.diaeticaret.com/3-2mm-karbur-matkap-ucu-din338-8d-eric-p3098
TK4D035;3,5 MM 4D Karbür Matkap Ucu ERİC;ERİC;Matkap ve Freze>Matkap Uçları>Karbür Matkap Uçları;1008;17.2;USD;817.39;20;https://raw.githubusercontent.com/dumanonur42-rgb/ticimax-stok/main/gorseller/3%2C5%20MM%204D%20Karb%C3%BCr%20Matkap%20Ucu%20ER%C4%B0C%20-%20TK4D035.jpg;https://talhateknik.diaeticaret.com/3-5mm-4d-karbur-matkap-ucu-eric-p3826
TK338035;3,5 MM Karbür Matkap Ucu DİN338 8D ERİC;ERİC;Matkap ve Freze>Matkap Uçları>Karbür Matkap Uçları;64;20.0;USD;950.46;20;https://raw.githubusercontent.com/dumanonur42-rgb/ticimax-stok/main/gorseller/3%2C5%20MM%20Karb%C3%BCr%20Matkap%20Ucu%20D%C4%B0N338%208D%20ER%C4%B0C%20-%20TK338035.jpg;https://talhateknik.diaeticaret.com/3-5mm-karbur-matkap-ucu-din338-8d-eric-p3099
TK4D030;3 MM 4D Karbür Matkap Ucu ERİC;ERİC;Matkap ve Freze>Matkap Uçları>Karbür Matkap Uçları;1254;10.5;USD;498.99;20;https://raw.githubusercontent.com/dumanonur42-rgb/ticimax-stok/main/gorseller/3%20MM%204D%20Karb%C3%BCr%20Matkap%20Ucu%20ER%C4%B0C%20-%20TK4D030.jpg;https://talhateknik.diaeticaret.com/3mm-4d-karbur-matkap-ucu-eric-p3824
TK338030;3 MM Karbür Matkap Ucu DİN338 8D ERİC;ERİC;Matkap ve Freze>Matkap Uçları>Karbür Matkap Uçları;243;13.0;USD;617.8;20;https://raw.githubusercontent.com/dumanonur42-rgb/ticimax-stok/main/gorseller/3%20MM%20Karb%C3%BCr%20Matkap%20Ucu%20D%C4%B0N338%208D%20ER%C4%B0C%20-%20TK338030.jpg;https://talhateknik.diaeticaret.com/3mm-karbur-matkap-ucu-din338-8d-eric-p3097
TK4D042;4,2 MM 4D Karbür Matkap Ucu ERİC;ERİC;Matkap ve Freze>Matkap Uçları>Karbür Matkap Uçları;1046;22.0;USD;1045.5;20;https://raw.githubusercontent.com/dumanonur42-rgb/ticimax-stok/main/gorseller/4%2C2%20MM%204D%20Karb%C3%BCr%20Matkap%20Ucu%20ER%C4%B0C%20-%20TK4D042.jpg;https://talhateknik.diaeticaret.com/4-2mm-4d-karbur-matkap-ucu-eric-p3828
TK338042;4,2 MM Karbür Matkap Ucu DİN338 8D ERİC;ERİC;Matkap ve Freze>Matkap Uçları>Karbür Matkap Uçları;203;29.9;USD;1420.93;20;https://raw.githubusercontent.com/dumanonur42-rgb/ticimax-stok/main/gorseller/4%2C2%20MM%20Karb%C3%BCr%20Matkap%20Ucu%20D%C4%B0N338%208D%20ER%C4%B0C%20-%20TK338042.jpg;https://talhateknik.diaeticaret.com/4-2mm-karbur-matkap-ucu-din338-8d-eric-p3101
TK4D045;4,5 MM 4D Karbür Matkap Ucu ERİC;ERİC;Matkap ve Freze>Matkap Uçları>Karbür Matkap Uçları;595;24.5;USD;1164.31;20;https://raw.githubusercontent.com/dumanonur42-rgb/ticimax-stok/main/gorseller/4%2C5%20MM%204D%20Karb%C3%BCr%20Matkap%20Ucu%20ER%C4%B0C%20-%20TK4D045.jpg;https://talhateknik.diaeticaret.com/4-5mm-4d-karbur-matkap-ucu-eric-p3829
TK338045;4,5 MM Karbür Matkap Ucu DİN338 8D ERİC;ERİC;Matkap ve Freze>Matkap Uçları>Karbür Matkap Uçları;132;33.3;USD;1582.51;20;https://raw.githubusercontent.com/dumanonur42-rgb/ticimax-stok/main/gorseller/4%2C5%20MM%20Karb%C3%BCr%20Matkap%20Ucu%20D%C4%B0N338%208D%20ER%C4%B0C%20-%20TK338045.jpg;https://talhateknik.diaeticaret.com/4-5mm-karbur-matkap-ucu-din338-8d-eric-p3102
TK4D040;4 MM 4D Karbür Matkap Ucu ERİC;ERİC;Matkap ve Freze>Matkap Uçları>Karbür Matkap Uçları;1307;17.7;USD;841.16;20;https://raw.githubusercontent.com/dumanonur42-rgb/ticimax-stok/main/gorseller/4%20MM%204D%20Karb%C3%BCr%20Matkap%20Ucu%20ER%C4%B0C%20-%20TK4D040.jpg;https://talhateknik.diaeticaret.com/4mm-4d-karbur-matkap-ucu-eric-p3827
TK338040;4 MM Karbür Matkap Ucu DİN338 8D ERİC;ERİC;Matkap ve Freze>Matkap Uçları>Karbür Matkap Uçları;294;22.6;USD;1074.02;20;https://raw.githubusercontent.com/dumanonur42-rgb/ticimax-stok/main/gorseller/4%20MM%20Karb%C3%BCr%20Matkap%20Ucu%20D%C4%B0N338%208D%20ER%C4%B0C%20-%20TK338040.jpg;https://talhateknik.diaeticaret.com/4mm-karbur-matkap-ucu-din338-8d-eric-p3100
TK4D052;5,2 MM 4D Karbür Matkap Ucu ERİC;ERİC;Matkap ve Freze>Matkap Uçları>Karbür Matkap Uçları;666;34.5;USD;1639.54;20;https://raw.githubusercontent.com/dumanonur42-rgb/ticimax-stok/main/gorseller/5%2C2%20MM%204D%20Karb%C3%BCr%20Matkap%20Ucu%20ER%C4%B0C%20-%20TK4D052.jpg;https://talhateknik.diaeticaret.com/5-2mm-4d-karbur-matkap-ucu-eric-p3831
TK338052;5,2 MM Karbür Matkap Ucu DİN338 8D ERİC;ERİC;Matkap ve Freze>Matkap Uçları>Karbür Matkap Uçları;177;43.5;USD;2067.25;20;https://raw.githubusercontent.com/dumanonur42-rgb/ticimax-stok/main/gorseller/5%2C2%20MM%20Karb%C3%BCr%20Matkap%20Ucu%20D%C4%B0N338%208D%20ER%C4%B0C%20-%20TK338052.jpg;https://talhateknik.diaeticaret.com/5-2mm-karbur-matkap-ucu-din338-8d-eric-p3104
TK4D055;5,5 MM 4D Karbür Matkap Ucu ERİC;ERİC;Matkap ve Freze>Matkap Uçları>Karbür Matkap Uçları;480;37.0;USD;1758.35;20;https://raw.githubusercontent.com/dumanonur42-rgb/ticimax-stok/main/gorseller/5%2C5%20MM%204D%20Karb%C3%BCr%20Matkap%20Ucu%20ER%C4%B0C%20-%20TK4D055.jpg;https://talhateknik.diaeticaret.com/5-5mm-4d-karbur-matkap-ucu-eric-p3832
TK338055;5,5 MM Karbür Matkap Ucu DİN338 8D ERİC;ERİC;Matkap ve Freze>Matkap Uçları>Karbür Matkap Uçları;48;47.8;USD;2271.59;20;https://raw.githubusercontent.com/dumanonur42-rgb/ticimax-stok/main/gorseller/5%2C5%20MM%20Karb%C3%BCr%20Matkap%20Ucu%20D%C4%B0N338%208D%20ER%C4%B0C%20-%20TK338055.jpg;https://talhateknik.diaeticaret.com/5-5mm-karbur-matkap-ucu-din338-8d-eric-p3105
TK4D050;5 MM 4D Karbür Matkap Ucu ERİC;ERİC;Matkap ve Freze>Matkap Uçları>Karbür Matkap Uçları;1288;27.8;USD;1321.14;20;https://raw.githubusercontent.com/dumanonur42-rgb/ticimax-stok/main/gorseller/5%20MM%204D%20Karb%C3%BCr%20Matkap%20Ucu%20ER%C4%B0C%20-%20TK4D050.jpg;https://talhateknik.diaeticaret.com/5mm-4d-karbur-matkap-ucu-eric-p3830
TK338050;5 MM Karbür Matkap Ucu DİN338 8D ERİC;ERİC;Matkap ve Freze>Matkap Uçları>Karbür Matkap Uçları;268;34.5;USD;1639.54;20;https://raw.githubusercontent.com/dumanonur42-rgb/ticimax-stok/main/gorseller/5%20MM%20Karb%C3%BCr%20Matkap%20Ucu%20D%C4%B0N338%208D%20ER%C4%B0C%20-%20TK338050.jpg;https://talhateknik.diaeticaret.com/5mm-karbur-matkap-ucu-din338-8d-eric-p3103
TK4D062;6,2 MM 4D Karbür Matkap Ucu ERİC;ERİC;Matkap ve Freze>Matkap Uçları>Karbür Matkap Uçları;199;50.5;USD;2399.91;20;https://raw.githubusercontent.com/dumanonur42-rgb/ticimax-stok/main/gorseller/6%2C2%20MM%204D%20Karb%C3%BCr%20Matkap%20Ucu%20ER%C4%B0C%20-%20TK4D062.jpg;https://talhateknik.diaeticaret.com/6-2mm-4d-karbur-matkap-ucu-eric-p3834
TK338062;6,2 MM Karbür Matkap Ucu DİN338 8D ERİC;ERİC;Matkap ve Freze>Matkap Uçları>Karbür Matkap Uçları;41;62.5;USD;2970.18;20;https://raw.githubusercontent.com/dumanonur42-rgb/ticimax-stok/main/gorseller/6%2C2%20MM%20Karb%C3%BCr%20Matkap%20Ucu%20D%C4%B0N338%208D%20ER%C4%B0C%20-%20TK338062.jpg;https://talhateknik.diaeticaret.com/6-2mm-karbur-matkap-ucu-din338-8d-eric-p3107
TK4D065;6,5 MM 4D Karbür Matkap Ucu ERİC;ERİC;Matkap ve Freze>Matkap Uçları>Karbür Matkap Uçları;820;52.0;USD;2471.19;20;https://raw.githubusercontent.com/dumanonur42-rgb/ticimax-stok/main/gorseller/6%2C5%20MM%204D%20Karb%C3%BCr%20Matkap%20Ucu%20ER%C4%B0C%20-%20TK4D065.jpg;https://talhateknik.diaeticaret.com/6-5mm-4d-karbur-matkap-ucu-eric-p3835
TK338065;6,5 MM Karbür Matkap Ucu DİN338 8D ERİC;ERİC;Matkap ve Freze>Matkap Uçları>Karbür Matkap Uçları;270;64.5;USD;3065.23;20;https://raw.githubusercontent.com/dumanonur42-rgb/ticimax-stok/main/gorseller/6%2C5%20MM%20Karb%C3%BCr%20Matkap%20Ucu%20D%C4%B0N338%208D%20ER%C4%B0C%20-%20TK338065.jpg;https://talhateknik.diaeticaret.com/6-5mm-karbur-matkap-ucu-din338-8d-eric-p3108
TK4D068;6,8 MM 4D Karbür Matkap Ucu ERİC;ERİC;Matkap ve Freze>Matkap Uçları>Karbür Matkap Uçları;735;52.5;USD;2494.95;20;https://raw.githubusercontent.com/dumanonur42-rgb/ticimax-stok/main/gorseller/6%2C8%20MM%204D%20Karb%C3%BCr%20Matkap%20Ucu%20ER%C4%B0C%20-%20TK4D068.jpg;https://talhateknik.diaeticaret.com/6-8mm-4d-karbur-matkap-ucu-eric-p3836
TK338068;6,8 MM Karbür Matkap Ucu DİN338 8D ERİC;ERİC;Matkap ve Freze>Matkap Uçları>Karbür Matkap Uçları;243;68.0;USD;3231.56;20;https://raw.githubusercontent.com/dumanonur42-rgb/ticimax-stok/main/gorseller/6%2C8%20MM%20Karb%C3%BCr%20Matkap%20Ucu%20D%C4%B0N338%208D%20ER%C4%B0C%20-%20TK338068.jpg;https://talhateknik.diaeticaret.com/6-8mm-karbur-matkap-ucu-din338-8d-eric-p3109
TK4D060;6 MM 4D Karbür Matkap Ucu ERİC;ERİC;Matkap ve Freze>Matkap Uçları>Karbür Matkap Uçları;1713;39.5;USD;1877.15;20;https://raw.githubusercontent.com/dumanonur42-rgb/ticimax-stok/main/gorseller/6%20MM%204D%20Karb%C3%BCr%20Matkap%20Ucu%20ER%C4%B0C%20-%20TK4D060.jpg;https://talhateknik.diaeticaret.com/6mm-4d-karbur-matkap-ucu-eric-p3833
TK338060;6 MM Karbür Matkap Ucu DİN338 8D ERİC;ERİC;Matkap ve Freze>Matkap Uçları>Karbür Matkap Uçları;290;47.8;USD;2271.59;20;https://raw.githubusercontent.com/dumanonur42-rgb/ticimax-stok/main/gorseller/6%20MM%20Karb%C3%BCr%20Matkap%20Ucu%20D%C4%B0N338%208D%20ER%C4%B0C%20-%20TK338060.jpg;https://talhateknik.diaeticaret.com/6mm-karbur-matkap-ucu-din338-8d-eric-p3106
TK4D075;7,5 MM 4D Karbür Matkap Ucu ERİC;ERİC;Matkap ve Freze>Matkap Uçları>Karbür Matkap Uçları;288;66.5;USD;3160.27;20;https://raw.githubusercontent.com/dumanonur42-rgb/ticimax-stok/main/gorseller/7%2C5%20MM%204D%20Karb%C3%BCr%20Matkap%20Ucu%20ER%C4%B0C%20-%20TK4D075.jpg;https://talhateknik.diaeticaret.com/7-5mm-4d-karbur-matkap-ucu-eric-p3838
TK338075;7,5 MM Karbür Matkap Ucu DİN338 8D ERİC;ERİC;Matkap ve Freze>Matkap Uçları>Karbür Matkap Uçları;225;85.9;USD;4082.22;20;https://raw.githubusercontent.com/dumanonur42-rgb/ticimax-stok/main/gorseller/7%2C5%20MM%20Karb%C3%BCr%20Matkap%20Ucu%20D%C4%B0N338%208D%20ER%C4%B0C%20-%20TK338075.jpg;https://talhateknik.diaeticaret.com/7-5mm-karbur-matkap-ucu-din338-8d-eric-p3111
TK4D070;7 MM 4D Karbür Matkap Ucu ERİC;ERİC;Matkap ve Freze>Matkap Uçları>Karbür Matkap Uçları;445;54.5;USD;2590.0;20;https://raw.githubusercontent.com/dumanonur42-rgb/ticimax-stok/main/gorseller/7%20MM%204D%20Karb%C3%BCr%20Matkap%20Ucu%20ER%C4%B0C%20-%20TK4D070.jpg;https://talhateknik.diaeticaret.com/7mm-4d-karbur-matkap-ucu-eric-p3837
TK338070;7 MM Karbür Matkap Ucu DİN338 8D ERİC;ERİC;Matkap ve Freze>Matkap Uçları>Karbür Matkap Uçları;258;68.0;USD;3231.56;20;https://raw.githubusercontent.com/dumanonur42-rgb/ticimax-stok/main/gorseller/7%20MM%20Karb%C3%BCr%20Matkap%20Ucu%20D%C4%B0N338%208D%20ER%C4%B0C%20-%20TK338070.jpg;https://talhateknik.diaeticaret.com/7mm-karbur-matkap-ucu-din338-8d-eric-p3110
TK4D085;8,5 MM 4D Karbür Matkap Ucu ERİC;ERİC;Matkap ve Freze>Matkap Uçları>Karbür Matkap Uçları;606;83.5;USD;3968.16;20;https://raw.githubusercontent.com/dumanonur42-rgb/ticimax-stok/main/gorseller/8%2C5%20MM%204D%20Karb%C3%BCr%20Matkap%20Ucu%20ER%C4%B0C%20-%20TK4D085.jpg;https://talhateknik.diaeticaret.com/8-5mm-4d-karbur-matkap-ucu-eric-p3840
TK338085;8,5 MM Karbür Matkap Ucu DİN338 8D ERİC;ERİC;Matkap ve Freze>Matkap Uçları>Karbür Matkap Uçları;287;120.5;USD;5726.51;20;https://raw.githubusercontent.com/dumanonur42-rgb/ticimax-stok/main/gorseller/8%2C5%20MM%20Karb%C3%BCr%20Matkap%20Ucu%20D%C4%B0N338%208D%20ER%C4%B0C%20-%20TK338085.jpg;https://talhateknik.diaeticaret.com/8-5mm-karbur-matkap-ucu-din338-8d-eric-p3113
TK4D080;8 MM 4D Karbür Matkap Ucu ERİC;ERİC;Matkap ve Freze>Matkap Uçları>Karbür Matkap Uçları;935;69.15;USD;3286.21;20;https://raw.githubusercontent.com/dumanonur42-rgb/ticimax-stok/main/gorseller/8%20MM%204D%20Karb%C3%BCr%20Matkap%20Ucu%20ER%C4%B0C%20-%20TK4D080.jpg;https://talhateknik.diaeticaret.com/8mm-4d-karbur-matkap-ucu-eric-p3839
TK338080;8 MM Karbür Matkap Ucu DİN338 8D ERİC;ERİC;Matkap ve Freze>Matkap Uçları>Karbür Matkap Uçları;351;100.2;USD;4761.79;20;https://raw.githubusercontent.com/dumanonur42-rgb/ticimax-stok/main/gorseller/8%20MM%20Karb%C3%BCr%20Matkap%20Ucu%20D%C4%B0N338%208D%20ER%C4%B0C%20-%20TK338080.jpg;https://talhateknik.diaeticaret.com/8mm-karbur-matkap-ucu-din338-8d-eric-p3112
TK4D095;9,5 MM 4D Karbür Matkap Ucu ERİC;ERİC;Matkap ve Freze>Matkap Uçları>Karbür Matkap Uçları;93;100.35;USD;4768.92;20;https://raw.githubusercontent.com/dumanonur42-rgb/ticimax-stok/main/gorseller/9%2C5%20MM%204D%20Karb%C3%BCr%20Matkap%20Ucu%20ER%C4%B0C%20-%20TK4D095.jpg;https://talhateknik.diaeticaret.com/9-5mm-4d-karbur-matkap-ucu-eric-p3842
TK338095;9,5 MM Karbür Matkap Ucu DİN338 8D ERİC;ERİC;Matkap ve Freze>Matkap Uçları>Karbür Matkap Uçları;70;151.1;USD;7180.71;20;https://raw.githubusercontent.com/dumanonur42-rgb/ticimax-stok/main/gorseller/9%2C5%20MM%20Karb%C3%BCr%20Matkap%20Ucu%20D%C4%B0N338%208D%20ER%C4%B0C%20-%20TK338095.jpg;https://talhateknik.diaeticaret.com/9-5mm-karbur-matkap-ucu-din338-8d-eric-p3115
TK4D090;9 MM 4D Karbür Matkap Ucu ERİC;ERİC;Matkap ve Freze>Matkap Uçları>Karbür Matkap Uçları;295;86.9;USD;4129.74;20;https://raw.githubusercontent.com/dumanonur42-rgb/ticimax-stok/main/gorseller/9%20MM%204D%20Karb%C3%BCr%20Matkap%20Ucu%20ER%C4%B0C%20-%20TK4D090.jpg;https://talhateknik.diaeticaret.com/9mm-4d-karbur-matkap-ucu-eric-p3841
TK338090;9 MM Karbür Matkap Ucu DİN338 8D ERİC;ERİC;Matkap ve Freze>Matkap Uçları>Karbür Matkap Uçları;80;127.3;USD;6049.67;20;https://raw.githubusercontent.com/dumanonur42-rgb/ticimax-stok/main/gorseller/9%20MM%20Karb%C3%BCr%20Matkap%20Ucu%20D%C4%B0N338%208D%20ER%C4%B0C%20-%20TK338090.jpg;https://talhateknik.diaeticaret.com/9mm-karbur-matkap-ucu-din338-8d-eric-p3114
T345155;15,5 MM Konik Matkap Ucu HSS DIN345 ERİC;ERİC;Matkap ve Freze>Matkap Uçları>Konik Saplı Matkap Uçları;33;11.9;USD;565.52;20;https://raw.githubusercontent.com/dumanonur42-rgb/ticimax-stok/main/gorseller/15%2C5%20MM%20Konik%20Matkap%20Ucu%20HSS%20DIN345%20ER%C4%B0C%20-%20T345155.jpg;https://talhateknik.diaeticaret.com/15-5mm-konik-matkap-ucu-hss-din345-eric-p1701
T345150;15 MM Konik Matkap Ucu HSS DIN345 ERİC;ERİC;Matkap ve Freze>Matkap Uçları>Konik Saplı Matkap Uçları;35;11.25;USD;534.63;20;https://raw.githubusercontent.com/dumanonur42-rgb/ticimax-stok/main/gorseller/15%20MM%20Konik%20Matkap%20Ucu%20HSS%20DIN345%20ER%C4%B0C%20-%20T345150.jpg;https://talhateknik.diaeticaret.com/15mm-konik-matkap-ucu-hss-din345-eric-p1700
T345165;16,5 MM Konik Matkap Ucu HSS DIN345 ERİC;ERİC;Matkap ve Freze>Matkap Uçları>Konik Saplı Matkap Uçları;83;13.15;USD;624.93;20;https://raw.githubusercontent.com/dumanonur42-rgb/ticimax-stok/main/gorseller/16%2C5%20MM%20Konik%20Matkap%20Ucu%20HSS%20DIN345%20ER%C4%B0C%20-%20T345165.jpg;https://talhateknik.diaeticaret.com/16-5mm-konik-matkap-ucu-hss-din345-eric-p1703
T345160;16 MM Konik Matkap Ucu HSS DIN345 ERİC;ERİC;Matkap ve Freze>Matkap Uçları>Konik Saplı Matkap Uçları;53;12.5;USD;594.04;20;https://raw.githubusercontent.com/dumanonur42-rgb/ticimax-stok/main/gorseller/16%20MM%20Konik%20Matkap%20Ucu%20HSS%20DIN345%20ER%C4%B0C%20-%20T345160.jpg;https://talhateknik.diaeticaret.com/16mm-konik-matkap-ucu-hss-din345-eric-p1702
T345175;17,5 MM Konik Matkap Ucu HSS DIN345 ERİC;ERİC;Matkap ve Freze>Matkap Uçları>Konik Saplı Matkap Uçları;91;14.4;USD;684.33;20;https://raw.githubusercontent.com/dumanonur42-rgb/ticimax-stok/main/gorseller/17%2C5%20MM%20Konik%20Matkap%20Ucu%20HSS%20DIN345%20ER%C4%B0C%20-%20T345175.jpg;https://talhateknik.diaeticaret.com/17-5mm-konik-matkap-ucu-hss-din345-eric-p1705
T345170;17 MM Konik Matkap Ucu HSS DIN345 ERİC;ERİC;Matkap ve Freze>Matkap Uçları>Konik Saplı Matkap Uçları;66;13.75;USD;653.44;20;https://raw.githubusercontent.com/dumanonur42-rgb/ticimax-stok/main/gorseller/17%20MM%20Konik%20Matkap%20Ucu%20HSS%20DIN345%20ER%C4%B0C%20-%20T345170.jpg;https://talhateknik.diaeticaret.com/17mm-konik-matkap-ucu-hss-din345-eric-p1704
T345185;18,5 MM Konik Matkap Ucu HSS DIN345 ERİC;ERİC;Matkap ve Freze>Matkap Uçları>Konik Saplı Matkap Uçları;37;15.0;USD;712.84;20;https://raw.githubusercontent.com/dumanonur42-rgb/ticimax-stok/main/gorseller/18%2C5%20MM%20Konik%20Matkap%20Ucu%20HSS%20DIN345%20ER%C4%B0C%20-%20T345185.jpg;https://talhateknik.diaeticaret.com/18-5mm-konik-matkap-ucu-hss-din345-eric-p1707
T345180;18 MM Konik Matkap Ucu HSS DIN345 ERİC;ERİC;Matkap ve Freze>Matkap Uçları>Konik Saplı Matkap Uçları;79;14.75;USD;700.96;20;https://raw.githubusercontent.com/dumanonur42-rgb/ticimax-stok/main/gorseller/18%20MM%20Konik%20Matkap%20Ucu%20HSS%20DIN345%20ER%C4%B0C%20-%20T345180.jpg;https://talhateknik.diaeticaret.com/18mm-konik-matkap-ucu-hss-din345-eric-p1706
T345195;19,5 MM Konik Matkap Ucu HSS DIN345 ERİC;ERİC;Matkap ve Freze>Matkap Uçları>Konik Saplı Matkap Uçları;118;16.25;USD;772.25;20;https://raw.githubusercontent.com/dumanonur42-rgb/ticimax-stok/main/gorseller/19%2C5%20MM%20Konik%20Matkap%20Ucu%20HSS%20DIN345%20ER%C4%B0C%20-%20T345195.jpg;https://talhateknik.diaeticaret.com/19-5mm-konik-matkap-ucu-hss-din345-eric-p1709
T345190;19 MM Konik Matkap Ucu HSS DIN345 ERİC;ERİC;Matkap ve Freze>Matkap Uçları>Konik Saplı Matkap Uçları;177;15.5;USD;736.6;20;https://raw.githubusercontent.com/dumanonur42-rgb/ticimax-stok/main/gorseller/19%20MM%20Konik%20Matkap%20Ucu%20HSS%20DIN345%20ER%C4%B0C%20-%20T345190.jpg;https://talhateknik.diaeticaret.com/19mm-konik-matkap-ucu-hss-din345-eric-p1708
T345205;20,5 MM Konik Matkap Ucu HSS DIN345 ERİC;ERİC;Matkap ve Freze>Matkap Uçları>Konik Saplı Matkap Uçları;103;18.75;USD;891.05;20;https://raw.githubusercontent.com/dumanonur42-rgb/ticimax-stok/main/gorseller/20%2C5%20MM%20Konik%20Matkap%20Ucu%20HSS%20DIN345%20ER%C4%B0C%20-%20T345205.jpg;https://talhateknik.diaeticaret.com/20-5mm-konik-matkap-ucu-hss-din345-eric-p1711
T345200;20 MM Konik Matkap Ucu HSS DIN345 ERİC;ERİC;Matkap ve Freze>Matkap Uçları>Konik Saplı Matkap Uçları;150;16.9;USD;803.14;20;https://raw.githubusercontent.com/dumanonur42-rgb/ticimax-stok/main/gorseller/20%20MM%20Konik%20Matkap%20Ucu%20HSS%20DIN345%20ER%C4%B0C%20-%20T345200.jpg;https://talhateknik.diaeticaret.com/20mm-konik-matkap-ucu-hss-din345-eric-p1710
T345215;21,5 MM Konik Matkap Ucu HSS DIN345 ERİC;ERİC;Matkap ve Freze>Matkap Uçları>Konik Saplı Matkap Uçları;78;20.65;USD;981.35;20;https://raw.githubusercontent.com/dumanonur42-rgb/ticimax-stok/main/gorseller/21%2C5%20MM%20Konik%20Matkap%20Ucu%20HSS%20DIN345%20ER%C4%B0C%20-%20T345215.jpg;https://talhateknik.diaeticaret.com/21-5mm-konik-matkap-ucu-hss-din345-eric-p1713
T345210;21 MM Konik Matkap Ucu HSS DIN345 ERİC;ERİC;Matkap ve Freze>Matkap Uçları>Konik Saplı Matkap Uçları;183;19.85;USD;943.33;20;https://raw.githubusercontent.com/dumanonur42-rgb/ticimax-stok/main/gorseller/21%20MM%20Konik%20Matkap%20Ucu%20HSS%20DIN345%20ER%C4%B0C%20-%20T345210.jpg;https://talhateknik.diaeticaret.com/21mm-konik-matkap-ucu-hss-din345-eric-p1712
T345225;22,5 MM Konik Matkap Ucu HSS DIN345 ERİC;ERİC;Matkap ve Freze>Matkap Uçları>Konik Saplı Matkap Uçları;99;23.45;USD;1114.41;20;https://raw.githubusercontent.com/dumanonur42-rgb/ticimax-stok/main/gorseller/22%2C5%20MM%20Konik%20Matkap%20Ucu%20HSS%20DIN345%20ER%C4%B0C%20-%20T345225.jpg;https://talhateknik.diaeticaret.com/22-5mm-konik-matkap-ucu-hss-din345-eric-p1715
T345220;22 MM Konik Matkap Ucu HSS DIN345 ERİC;ERİC;Matkap ve Freze>Matkap Uçları>Konik Saplı Matkap Uçları;256;21.25;USD;1009.86;20;https://raw.githubusercontent.com/dumanonur42-rgb/ticimax-stok/main/gorseller/22%20MM%20Konik%20Matkap%20Ucu%20HSS%20DIN345%20ER%C4%B0C%20-%20T345220.jpg;https://talhateknik.diaeticaret.com/22mm-konik-matkap-ucu-hss-din345-eric-p1714
T345235;23,5 MM Konik Matkap Ucu HSS DIN345 ERİC;ERİC;Matkap ve Freze>Matkap Uçları>Konik Saplı Matkap Uçları;49;24.4;USD;1159.56;20;https://raw.githubusercontent.com/dumanonur42-rgb/ticimax-stok/main/gorseller/23%2C5%20MM%20Konik%20Matkap%20Ucu%20HSS%20DIN345%20ER%C4%B0C%20-%20T345235.jpg;https://talhateknik.diaeticaret.com/23-5mm-konik-matkap-ucu-hss-din345-eric-p1717
T345230;23 MM Konik Matkap Ucu HSS DIN345 ERİC;ERİC;Matkap ve Freze>Matkap Uçları>Konik Saplı Matkap Uçları;157;23.45;USD;1114.41;20;https://raw.githubusercontent.com/dumanonur42-rgb/ticimax-stok/main/gorseller/23%20MM%20Konik%20Matkap%20Ucu%20HSS%20DIN345%20ER%C4%B0C%20-%20T345230.jpg;https://talhateknik.diaeticaret.com/23mm-konik-matkap-ucu-hss-din345-eric-p1716
T345245;24,5 MM Konik Matkap Ucu HSS DIN345 ERİC;ERİC;Matkap ve Freze>Matkap Uçları>Konik Saplı Matkap Uçları;94;28.2;USD;1340.15;20;https://raw.githubusercontent.com/dumanonur42-rgb/ticimax-stok/main/gorseller/24%2C5%20MM%20Konik%20Matkap%20Ucu%20HSS%20DIN345%20ER%C4%B0C%20-%20T345245.jpg;https://talhateknik.diaeticaret.com/24-5mm-konik-matkap-ucu-hss-din345-eric-p1719
T345240;24 MM Konik Matkap Ucu HSS DIN345 ERİC;ERİC;Matkap ve Freze>Matkap Uçları>Konik Saplı Matkap Uçları;144;26.4;USD;1254.6;20;https://raw.githubusercontent.com/dumanonur42-rgb/ticimax-stok/main/gorseller/24%20MM%20Konik%20Matkap%20Ucu%20HSS%20DIN345%20ER%C4%B0C%20-%20T345240.jpg;https://talhateknik.diaeticaret.com/24mm-konik-matkap-ucu-hss-din345-eric-p1718
T345255;25,5 MM Konik Matkap Ucu HSS DIN345 ERİC;ERİC;Matkap ve Freze>Matkap Uçları>Konik Saplı Matkap Uçları;93;31.9;USD;1515.98;20;https://raw.githubusercontent.com/dumanonur42-rgb/ticimax-stok/main/gorseller/25%2C5%20MM%20Konik%20Matkap%20Ucu%20HSS%20DIN345%20ER%C4%B0C%20-%20T345255.jpg;https://talhateknik.diaeticaret.com/25-5mm-konik-matkap-ucu-hss-din345-eric-p1721
T345250;25 MM Konik Matkap Ucu HSS DIN345 ERİC;ERİC;Matkap ve Freze>Matkap Uçları>Konik Saplı Matkap Uçları;150;29.4;USD;1397.17;20;https://raw.githubusercontent.com/dumanonur42-rgb/ticimax-stok/main/gorseller/25%20MM%20Konik%20Matkap%20Ucu%20HSS%20DIN345%20ER%C4%B0C%20-%20T345250.jpg;https://talhateknik.diaeticaret.com/25mm-konik-matkap-ucu-hss-din345-eric-p1720
T345265;26,5 MM Konik Matkap Ucu HSS DIN345 ERİC;ERİC;Matkap ve Freze>Matkap Uçları>Konik Saplı Matkap Uçları;77;34.65;USD;1646.67;20;https://raw.githubusercontent.com/dumanonur42-rgb/ticimax-stok/main/gorseller/26%2C5%20MM%20Konik%20Matkap%20Ucu%20HSS%20DIN345%20ER%C4%B0C%20-%20T345265.jpg;https://talhateknik.diaeticaret.com/26-5mm-konik-matkap-ucu-hss-din345-eric-p1723
T345260;26 MM Konik Matkap Ucu HSS DIN345 ERİC;ERİC;Matkap ve Freze>Matkap Uçları>Konik Saplı Matkap Uçları;130;31.9;USD;1515.98;20;https://raw.githubusercontent.com/dumanonur42-rgb/ticimax-stok/main/gorseller/26%20MM%20Konik%20Matkap%20Ucu%20HSS%20DIN345%20ER%C4%B0C%20-%20T345260.jpg;https://talhateknik.diaeticaret.com/26mm-konik-matkap-ucu-hss-din345-eric-p1722
T345275;27,5 MM Konik Matkap Ucu HSS DIN345 ERİC;ERİC;Matkap ve Freze>Matkap Uçları>Konik Saplı Matkap Uçları;44;35.65;USD;1694.19;20;https://raw.githubusercontent.com/dumanonur42-rgb/ticimax-stok/main/gorseller/27%2C5%20MM%20Konik%20Matkap%20Ucu%20HSS%20DIN345%20ER%C4%B0C%20-%20T345275.jpg;https://talhateknik.diaeticaret.com/27-5mm-konik-matkap-ucu-hss-din345-eric-p1725
T345270;27 MM Konik Matkap Ucu HSS DIN345 ERİC;ERİC;Matkap ve Freze>Matkap Uçları>Konik Saplı Matkap Uçları;92;34.65;USD;1646.67;20;https://raw.githubusercontent.com/dumanonur42-rgb/ticimax-stok/main/gorseller/27%20MM%20Konik%20Matkap%20Ucu%20HSS%20DIN345%20ER%C4%B0C%20-%20T345270.jpg;https://talhateknik.diaeticaret.com/27mm-konik-matkap-ucu-hss-din345-eric-p1724
T345285;28,5 MM Konik Matkap Ucu HSS DIN345 ERİC;ERİC;Matkap ve Freze>Matkap Uçları>Konik Saplı Matkap Uçları;52;39.65;USD;1884.28;20;https://raw.githubusercontent.com/dumanonur42-rgb/ticimax-stok/main/gorseller/28%2C5%20MM%20Konik%20Matkap%20Ucu%20HSS%20DIN345%20ER%C4%B0C%20-%20T345285.jpg;https://talhateknik.diaeticaret.com/28-5mm-konik-matkap-ucu-hss-din345-eric-p1727
T345280;28 MM Konik Matkap Ucu HSS DIN345 ERİC;ERİC;Matkap ve Freze>Matkap Uçları>Konik Saplı Matkap Uçları;85;36.9;USD;1753.6;20;https://raw.githubusercontent.com/dumanonur42-rgb/ticimax-stok/main/gorseller/28%20MM%20Konik%20Matkap%20Ucu%20HSS%20DIN345%20ER%C4%B0C%20-%20T345280.jpg;https://talhateknik.diaeticaret.com/28mm-konik-matkap-ucu-hss-din345-eric-p1726
T345295;29,5 MM Konik Matkap Ucu HSS DIN345 ERİC;ERİC;Matkap ve Freze>Matkap Uçları>Konik Saplı Matkap Uçları;52;41.9;USD;1991.21;20;https://raw.githubusercontent.com/dumanonur42-rgb/ticimax-stok/main/gorseller/29%2C5%20MM%20Konik%20Matkap%20Ucu%20HSS%20DIN345%20ER%C4%B0C%20-%20T345295.jpg;https://talhateknik.diaeticaret.com/29-5mm-konik-matkap-ucu-hss-din345-eric-p1729
T345290;29 MM Konik Matkap Ucu HSS DIN345 ERİC;ERİC;Matkap ve Freze>Matkap Uçları>Konik Saplı Matkap Uçları;55;40.0;USD;1900.92;20;https://raw.githubusercontent.com/dumanonur42-rgb/ticimax-stok/main/gorseller/29%20MM%20Konik%20Matkap%20Ucu%20HSS%20DIN345%20ER%C4%B0C%20-%20T345290.jpg;https://talhateknik.diaeticaret.com/29mm-konik-matkap-ucu-hss-din345-eric-p1728
T345305;30,5 MM Konik Matkap Ucu HSS DIN345 ERİC;ERİC;Matkap ve Freze>Matkap Uçları>Konik Saplı Matkap Uçları;28;50.7;USD;2409.41;20;https://raw.githubusercontent.com/dumanonur42-rgb/ticimax-stok/main/gorseller/30%2C5%20MM%20Konik%20Matkap%20Ucu%20HSS%20DIN345%20ER%C4%B0C%20-%20T345305.jpg;https://talhateknik.diaeticaret.com/30-5mm-konik-matkap-ucu-hss-din345-eric-p1731
T345300;30 MM Konik Matkap Ucu HSS DIN345 ERİC;ERİC;Matkap ve Freze>Matkap Uçları>Konik Saplı Matkap Uçları;164;46.5;USD;2209.81;20;https://raw.githubusercontent.com/dumanonur42-rgb/ticimax-stok/main/gorseller/30%20MM%20Konik%20Matkap%20Ucu%20HSS%20DIN345%20ER%C4%B0C%20-%20T345300.jpg;https://talhateknik.diaeticaret.com/30mm-konik-matkap-ucu-hss-din345-eric-p1730
T345315;31,5 MM Konik Matkap Ucu HSS DIN345 ERİC;ERİC;Matkap ve Freze>Matkap Uçları>Konik Saplı Matkap Uçları;54;57.5;USD;2732.57;20;https://raw.githubusercontent.com/dumanonur42-rgb/ticimax-stok/main/gorseller/31%2C5%20MM%20Konik%20Matkap%20Ucu%20HSS%20DIN345%20ER%C4%B0C%20-%20T345315.jpg;https://talhateknik.diaeticaret.com/31-5mm-konik-matkap-ucu-hss-din345-eric-p1733
T345310;31 MM Konik Matkap Ucu HSS DIN345 ERİC;ERİC;Matkap ve Freze>Matkap Uçları>Konik Saplı Matkap Uçları;69;51.5;USD;2447.43;20;https://raw.githubusercontent.com/dumanonur42-rgb/ticimax-stok/main/gorseller/31%20MM%20Konik%20Matkap%20Ucu%20HSS%20DIN345%20ER%C4%B0C%20-%20T345310.jpg;https://talhateknik.diaeticaret.com/31mm-konik-matkap-ucu-hss-din345-eric-p1732
T345325;32,5 MM Konik Matkap Ucu HSS DIN345 ERİC;ERİC;Matkap ve Freze>Matkap Uçları>Konik Saplı Matkap Uçları;53;62.5;USD;2970.18;20;https://raw.githubusercontent.com/dumanonur42-rgb/ticimax-stok/main/gorseller/32%2C5%20MM%20Konik%20Matkap%20Ucu%20HSS%20DIN345%20ER%C4%B0C%20-%20T345325.jpg;https://talhateknik.diaeticaret.com/32-5mm-konik-matkap-ucu-hss-din345-eric-p1735
T345320;32 MM Konik Matkap Ucu HSS DIN345 ERİC;ERİC;Matkap ve Freze>Matkap Uçları>Konik Saplı Matkap Uçları;72;58.75;USD;2791.97;20;https://raw.githubusercontent.com/dumanonur42-rgb/ticimax-stok/main/gorseller/32%20MM%20Konik%20Matkap%20Ucu%20HSS%20DIN345%20ER%C4%B0C%20-%20T345320.jpg;https://talhateknik.diaeticaret.com/32mm-konik-matkap-ucu-hss-din345-eric-p1734
T345335;33,5 MM Konik Matkap Ucu HSS DIN345 ERİC;ERİC;Matkap ve Freze>Matkap Uçları>Konik Saplı Matkap Uçları;28;65.65;USD;3119.88;20;https://raw.githubusercontent.com/dumanonur42-rgb/ticimax-stok/main/gorseller/33%2C5%20MM%20Konik%20Matkap%20Ucu%20HSS%20DIN345%20ER%C4%B0C%20-%20T345335.jpg;https://talhateknik.diaeticaret.com/33-5mm-konik-matkap-ucu-hss-din345-eric-p1737
T345330;33 MM Konik Matkap Ucu HSS DIN345 ERİC;ERİC;Matkap ve Freze>Matkap Uçları>Konik Saplı Matkap Uçları;41;63.75;USD;3029.58;20;https://raw.githubusercontent.com/dumanonur42-rgb/ticimax-stok/main/gorseller/33%20MM%20Konik%20Matkap%20Ucu%20HSS%20DIN345%20ER%C4%B0C%20-%20T345330.jpg;https://talhateknik.diaeticaret.com/33mm-konik-matkap-ucu-hss-din345-eric-p1736
T345345;34,5 MM Konik Matkap Ucu HSS DIN345 ERİC;ERİC;Matkap ve Freze>Matkap Uçları>Konik Saplı Matkap Uçları;33;68.75;USD;3267.2;20;https://raw.githubusercontent.com/dumanonur42-rgb/ticimax-stok/main/gorseller/34%2C5%20MM%20Konik%20Matkap%20Ucu%20HSS%20DIN345%20ER%C4%B0C%20-%20T345345.jpg;https://talhateknik.diaeticaret.com/34-5mm-konik-matkap-ucu-hss-din345-eric-p1739
T345340;34 MM Konik Matkap Ucu HSS DIN345 ERİC;ERİC;Matkap ve Freze>Matkap Uçları>Konik Saplı Matkap Uçları;48;66.5;USD;3160.27;20;https://raw.githubusercontent.com/dumanonur42-rgb/ticimax-stok/main/gorseller/34%20MM%20Konik%20Matkap%20Ucu%20HSS%20DIN345%20ER%C4%B0C%20-%20T345340.jpg;https://talhateknik.diaeticaret.com/34mm-konik-matkap-ucu-hss-din345-eric-p1738
T345355;35,5 MM Konik Matkap Ucu HSS DIN345 ERİC;ERİC;Matkap ve Freze>Matkap Uçları>Konik Saplı Matkap Uçları;30;73.75;USD;3504.81;20;https://raw.githubusercontent.com/dumanonur42-rgb/ticimax-stok/main/gorseller/35%2C5%20MM%20Konik%20Matkap%20Ucu%20HSS%20DIN345%20ER%C4%B0C%20-%20T345355.jpg;https://talhateknik.diaeticaret.com/35-5mm-konik-matkap-ucu-hss-din345-eric-p1741
T345350;35 MM Konik Matkap Ucu HSS DIN345 ERİC;ERİC;Matkap ve Freze>Matkap Uçları>Konik Saplı Matkap Uçları;85;69.4;USD;3298.09;20;https://raw.githubusercontent.com/dumanonur42-rgb/ticimax-stok/main/gorseller/35%20MM%20Konik%20Matkap%20Ucu%20HSS%20DIN345%20ER%C4%B0C%20-%20T345350.jpg;https://talhateknik.diaeticaret.com/35mm-konik-matkap-ucu-hss-din345-eric-p1740
T345365;36,5 MM Konik Matkap Ucu HSS DIN345 ERİC;ERİC;Matkap ve Freze>Matkap Uçları>Konik Saplı Matkap Uçları;40;83.75;USD;3980.04;20;https://raw.githubusercontent.com/dumanonur42-rgb/ticimax-stok/main/gorseller/36%2C5%20MM%20Konik%20Matkap%20Ucu%20HSS%20DIN345%20ER%C4%B0C%20-%20T345365.jpg;https://talhateknik.diaeticaret.com/36-5mm-konik-matkap-ucu-hss-din345-eric-p1743
T345360;36 MM Konik Matkap Ucu HSS DIN345 ERİC;ERİC;Matkap ve Freze>Matkap Uçları>Konik Saplı Matkap Uçları;49;78.75;USD;3742.43;20;https://raw.githubusercontent.com/dumanonur42-rgb/ticimax-stok/main/gorseller/36%20MM%20Konik%20Matkap%20Ucu%20HSS%20DIN345%20ER%C4%B0C%20-%20T345360.jpg;https://talhateknik.diaeticaret.com/36mm-konik-matkap-ucu-hss-din345-eric-p1742
T345375;37,5 MM Konik Matkap Ucu HSS DIN345 ERİC;ERİC;Matkap ve Freze>Matkap Uçları>Konik Saplı Matkap Uçları;45;87.5;USD;4158.25;20;https://raw.githubusercontent.com/dumanonur42-rgb/ticimax-stok/main/gorseller/37%2C5%20MM%20Konik%20Matkap%20Ucu%20HSS%20DIN345%20ER%C4%B0C%20-%20T345375.jpg;https://talhateknik.diaeticaret.com/37-5mm-konik-matkap-ucu-hss-din345-eric-p1745
T345370;37 MM Konik Matkap Ucu HSS DIN345 ERİC;ERİC;Matkap ve Freze>Matkap Uçları>Konik Saplı Matkap Uçları;26;84.4;USD;4010.93;20;https://raw.githubusercontent.com/dumanonur42-rgb/ticimax-stok/main/gorseller/37%20MM%20Konik%20Matkap%20Ucu%20HSS%20DIN345%20ER%C4%B0C%20-%20T345370.jpg;https://talhateknik.diaeticaret.com/37mm-konik-matkap-ucu-hss-din345-eric-p1744
T345385;38,5 MM Konik Matkap Ucu HSS DIN345 ERİC;ERİC;Matkap ve Freze>Matkap Uçları>Konik Saplı Matkap Uçları;43;93.75;USD;4455.27;20;https://raw.githubusercontent.com/dumanonur42-rgb/ticimax-stok/main/gorseller/38%2C5%20MM%20Konik%20Matkap%20Ucu%20HSS%20DIN345%20ER%C4%B0C%20-%20T345385.jpg;https://talhateknik.diaeticaret.com/38-5mm-konik-matkap-ucu-hss-din345-eric-p1747
T345380;38 MM Konik Matkap Ucu HSS DIN345 ERİC;ERİC;Matkap ve Freze>Matkap Uçları>Konik Saplı Matkap Uçları;42;89.4;USD;4248.55;20;https://raw.githubusercontent.com/dumanonur42-rgb/ticimax-stok/main/gorseller/38%20MM%20Konik%20Matkap%20Ucu%20HSS%20DIN345%20ER%C4%B0C%20-%20T345380.jpg;https://talhateknik.diaeticaret.com/38mm-konik-matkap-ucu-hss-din345-eric-p1746
T345395;39,5 MM Konik Matkap Ucu HSS DIN345 ERİC;ERİC;Matkap ve Freze>Matkap Uçları>Konik Saplı Matkap Uçları;19;96.9;USD;4604.97;20;https://raw.githubusercontent.com/dumanonur42-rgb/ticimax-stok/main/gorseller/39%2C5%20MM%20Konik%20Matkap%20Ucu%20HSS%20DIN345%20ER%C4%B0C%20-%20T345395.jpg;https://talhateknik.diaeticaret.com/39-5mm-konik-matkap-ucu-hss-din345-eric-p1749
T345390;39 MM Konik Matkap Ucu HSS DIN345 ERİC;ERİC;Matkap ve Freze>Matkap Uçları>Konik Saplı Matkap Uçları;34;95.0;USD;4514.68;20;https://raw.githubusercontent.com/dumanonur42-rgb/ticimax-stok/main/gorseller/39%20MM%20Konik%20Matkap%20Ucu%20HSS%20DIN345%20ER%C4%B0C%20-%20T345390.jpg;https://talhateknik.diaeticaret.com/39mm-konik-matkap-ucu-hss-din345-eric-p1748
T345405;40,5 MM Konik Matkap Ucu HSS DIN345 ERİC;ERİC;Matkap ve Freze>Matkap Uçları>Konik Saplı Matkap Uçları;30;103.75;USD;4930.5;20;https://raw.githubusercontent.com/dumanonur42-rgb/ticimax-stok/main/gorseller/40%2C5%20MM%20Konik%20Matkap%20Ucu%20HSS%20DIN345%20ER%C4%B0C%20-%20T345405.jpg;https://talhateknik.diaeticaret.com/40-5mm-konik-matkap-ucu-hss-din345-eric-p1751
T345400;40 MM Konik Matkap Ucu HSS DIN345 ERİC;ERİC;Matkap ve Freze>Matkap Uçları>Konik Saplı Matkap Uçları;27;98.15;USD;4664.37;20;https://raw.githubusercontent.com/dumanonur42-rgb/ticimax-stok/main/gorseller/40%20MM%20Konik%20Matkap%20Ucu%20HSS%20DIN345%20ER%C4%B0C%20-%20T345400.jpg;https://talhateknik.diaeticaret.com/40mm-konik-matkap-ucu-hss-din345-eric-p1750
T345415;41,5 MM Konik Matkap Ucu HSS DIN345 ERİC;ERİC;Matkap ve Freze>Matkap Uçları>Konik Saplı Matkap Uçları;49;106.5;USD;5061.19;20;https://raw.githubusercontent.com/dumanonur42-rgb/ticimax-stok/main/gorseller/41%2C5%20MM%20Konik%20Matkap%20Ucu%20HSS%20DIN345%20ER%C4%B0C%20-%20T345415.jpg;https://talhateknik.diaeticaret.com/41-5mm-konik-matkap-ucu-hss-din345-eric-p1753
T345410;41 MM Konik Matkap Ucu HSS DIN345 ERİC;ERİC;Matkap ve Freze>Matkap Uçları>Konik Saplı Matkap Uçları;40;105.0;USD;4989.9;20;https://raw.githubusercontent.com/dumanonur42-rgb/ticimax-stok/main/gorseller/41%20MM%20Konik%20Matkap%20Ucu%20HSS%20DIN345%20ER%C4%B0C%20-%20T345410.jpg;https://talhateknik.diaeticaret.com/41mm-konik-matkap-ucu-hss-din345-eric-p1752
T345420;42 MM Konik Matkap Ucu HSS DIN345 ERİC;ERİC;Matkap ve Freze>Matkap Uçları>Konik Saplı Matkap Uçları;60;108.5;USD;5156.23;20;https://raw.githubusercontent.com/dumanonur42-rgb/ticimax-stok/main/gorseller/42%20MM%20Konik%20Matkap%20Ucu%20HSS%20DIN345%20ER%C4%B0C%20-%20T345420.jpg;https://talhateknik.diaeticaret.com/42mm-konik-matkap-ucu-hss-din345-eric-p1754
T345450;45 MM Konik Matkap Ucu HSS DIN345 ERİC;ERİC;Matkap ve Freze>Matkap Uçları>Konik Saplı Matkap Uçları;31;125.0;USD;5940.36;20;https://raw.githubusercontent.com/dumanonur42-rgb/ticimax-stok/main/gorseller/45%20MM%20Konik%20Matkap%20Ucu%20HSS%20DIN345%20ER%C4%B0C%20-%20T345450.jpg;https://talhateknik.diaeticaret.com/45mm-konik-matkap-ucu-hss-din345-eric-p1755
T345500;50 MM Konik Matkap Ucu HSS DIN345 ERİC;ERİC;Matkap ve Freze>Matkap Uçları>Konik Saplı Matkap Uçları;20;152.0;USD;7223.48;20;https://raw.githubusercontent.com/dumanonur42-rgb/ticimax-stok/main/gorseller/50%20MM%20Konik%20Matkap%20Ucu%20HSS%20DIN345%20ER%C4%B0C%20-%20T345500.jpg;https://talhateknik.diaeticaret.com/50mm-konik-matkap-ucu-hss-din345-eric-p1756
1T1869015;1,5 MM Extra Uzun Matkap Ucu HSS 1869-1 GT100 ERİC;ERİC;Matkap ve Freze>Matkap Uçları>Uzun Matkap Uçları;0;1.76;USD;83.64;20;https://raw.githubusercontent.com/dumanonur42-rgb/ticimax-stok/main/gorseller/1%2C5%20MM%20Extra%20Uzun%20Matkap%20Ucu%20HSS%201869-1%20GT100%20ER%C4%B0C%20-%201T1869015.jpg;https://talhateknik.diaeticaret.com/1-5mm-extra-uzun-matkap-ucu-hss-1869-1-gt100-eric-p6000
2T1869015;1,5 MM Extra Uzun Matkap Ucu HSS 1869-2 GT100 ERİC;ERİC;Matkap ve Freze>Matkap Uçları>Uzun Matkap Uçları;0;3.53;USD;167.76;20;https://raw.githubusercontent.com/dumanonur42-rgb/ticimax-stok/main/gorseller/1%2C5%20MM%20Extra%20Uzun%20Matkap%20Ucu%20HSS%201869-2%20GT100%20ER%C4%B0C%20-%202T1869015.jpg;https://talhateknik.diaeticaret.com/1-5mm-extra-uzun-matkap-ucu-hss-1869-2-gt100-eric-p6030
T340015;1,5 MM Uzun Taşlanmış Matkap Ucu HSS DIN340RN ERİC;ERİC;Matkap ve Freze>Matkap Uçları>Uzun Matkap Uçları;2970;0.32;USD;15.21;20;https://raw.githubusercontent.com/dumanonur42-rgb/ticimax-stok/main/gorseller/1%2C5%20MM%20Uzun%20Ta%C5%9Flanm%C4%B1%C5%9F%20Matkap%20Ucu%20HSS%20DIN340RN%20ER%C4%B0C%20-%20T340015.jpg;https://talhateknik.diaeticaret.com/1-5mm-uzun-taslanmis-matkap-ucu-hss-din340rn-eric-p5914
1T1869105;10,5 MM Extra Uzun Matkap Ucu HSS 1869-1 GT100 ERİC;ERİC;Matkap ve Freze>Matkap Uçları>Uzun Matkap Uçları;145;24.51;USD;1164.79;20;https://raw.githubusercontent.com/dumanonur42-rgb/ticimax-stok/main/gorseller/10%2C5%20MM%20Extra%20Uzun%20Matkap%20Ucu%20HSS%201869-1%20GT100%20ER%C4%B0C%20-%201T1869105.jpg;https://talhateknik.diaeticaret.com/10-5mm-extra-uzun-matkap-ucu-hss-1869-1-gt100-eric-p6023
2T1869105;10,5 MM Extra Uzun Matkap Ucu HSS 1869-2 GT100 ERİC;ERİC;Matkap ve Freze>Matkap Uçları>Uzun Matkap Uçları;95;32.06;USD;1523.58;20;https://raw.githubusercontent.com/dumanonur42-rgb/ticimax-stok/main/gorseller/10%2C5%20MM%20Extra%20Uzun%20Matkap%20Ucu%20HSS%201869-2%20GT100%20ER%C4%B0C%20-%202T1869105.jpg;https://talhateknik.diaeticaret.com/10-5mm-extra-uzun-matkap-ucu-hss-1869-2-gt100-eric-p6049
3T1869105;10,5 MM Extra Uzun Matkap Ucu HSS 1869-3 GT100 ERİC;ERİC;Matkap ve Freze>Matkap Uçları>Uzun Matkap Uçları;100;46.19;USD;2195.08;20;https://raw.githubusercontent.com/dumanonur42-rgb/ticimax-stok/main/gorseller/10%2C5%20MM%20Extra%20Uzun%20Matkap%20Ucu%20HSS%201869-3%20GT100%20ER%C4%B0C%20-%203T1869105.jpg;https://talhateknik.diaeticaret.com/10-5mm-extra-uzun-matkap-ucu-hss-1869-3-gt100-eric-p6072
T340105;10,5 MM Uzun Taşlanmış Matkap Ucu HSS DIN340RN ERİC;ERİC;Matkap ve Freze>Matkap Uçları>Uzun Matkap Uçları;245;8.35;USD;396.82;20;https://raw.githubusercontent.com/dumanonur42-rgb/ticimax-stok/main/gorseller/10%2C5%20MM%20Uzun%20Ta%C5%9Flanm%C4%B1%C5%9F%20Matkap%20Ucu%20HSS%20DIN340RN%20ER%C4%B0C%20-%20T340105.jpg;https://talhateknik.diaeticaret.com/10-5mm-uzun-taslanmis-matkap-ucu-hss-din340rn-eric-p5936
1T1869100;10 MM Extra Uzun Matkap Ucu HSS 1869-1 GT100 ERİC;ERİC;Matkap ve Freze>Matkap Uçları>Uzun Matkap Uçları;85;23.57;USD;1120.11;20;https://raw.githubusercontent.com/dumanonur42-rgb/ticimax-stok/main/gorseller/10%20MM%20Extra%20Uzun%20Matkap%20Ucu%20HSS%201869-1%20GT100%20ER%C4%B0C%20-%201T1869100.jpg;https://talhateknik.diaeticaret.com/10mm-extra-uzun-matkap-ucu-hss-1869-1-gt100-eric-p6022
2T1869100;10 MM Extra Uzun Matkap Ucu HSS 1869-2 GT100 ERİC;ERİC;Matkap ve Freze>Matkap Uçları>Uzun Matkap Uçları;125;30.17;USD;1433.77;20;https://raw.githubusercontent.com/dumanonur42-rgb/ticimax-stok/main/gorseller/10%20MM%20Extra%20Uzun%20Matkap%20Ucu%20HSS%201869-2%20GT100%20ER%C4%B0C%20-%202T1869100.jpg;https://talhateknik.diaeticaret.com/10mm-extra-uzun-matkap-ucu-hss-1869-2-gt100-eric-p6048
3T1869100;10 MM Extra Uzun Matkap Ucu HSS 1869-3 GT100 ERİC;ERİC;Matkap ve Freze>Matkap Uçları>Uzun Matkap Uçları;100;42.43;USD;2016.4;20;https://raw.githubusercontent.com/dumanonur42-rgb/ticimax-stok/main/gorseller/10%20MM%20Extra%20Uzun%20Matkap%20Ucu%20HSS%201869-3%20GT100%20ER%C4%B0C%20-%203T1869100.jpg;https://talhateknik.diaeticaret.com/10mm-extra-uzun-matkap-ucu-hss-1869-3-gt100-eric-p6071
T340100;10 MM Uzun Taşlanmış Matkap Ucu HSS DIN340RN ERİC;ERİC;Matkap ve Freze>Matkap Uçları>Uzun Matkap Uçları;215;7.5;USD;356.42;20;https://raw.githubusercontent.com/dumanonur42-rgb/ticimax-stok/main/gorseller/10%20MM%20Uzun%20Ta%C5%9Flanm%C4%B1%C5%9F%20Matkap%20Ucu%20HSS%20DIN340RN%20ER%C4%B0C%20-%20T340100.jpg;https://talhateknik.diaeticaret.com/10mm-uzun-taslanmis-matkap-ucu-hss-din340rn-eric-p5935
1T1869115;11,5 MM Extra Uzun Matkap Ucu HSS 1869-1 GT100 ERİC;ERİC;Matkap ve Freze>Matkap Uçları>Uzun Matkap Uçları;30;30.17;USD;1433.77;20;https://raw.githubusercontent.com/dumanonur42-rgb/ticimax-stok/main/gorseller/11%2C5%20MM%20Extra%20Uzun%20Matkap%20Ucu%20HSS%201869-1%20GT100%20ER%C4%B0C%20-%201T1869115.jpg;https://talhateknik.diaeticaret.com/11-5mm-extra-uzun-matkap-ucu-hss-1869-1-gt100-eric-p6025
2T1869115;11,5 MM Extra Uzun Matkap Ucu HSS 1869-2 GT100 ERİC;ERİC;Matkap ve Freze>Matkap Uçları>Uzun Matkap Uçları;25;41.49;USD;1971.73;20;https://raw.githubusercontent.com/dumanonur42-rgb/ticimax-stok/main/gorseller/11%2C5%20MM%20Extra%20Uzun%20Matkap%20Ucu%20HSS%201869-2%20GT100%20ER%C4%B0C%20-%202T1869115.jpg;https://talhateknik.diaeticaret.com/11-5mm-extra-uzun-matkap-ucu-hss-1869-2-gt100-eric-p6051
3T1869115;11,5 MM Extra Uzun Matkap Ucu HSS 1869-3 GT100 ERİC;ERİC;Matkap ve Freze>Matkap Uçları>Uzun Matkap Uçları;30;53.74;USD;2553.88;20;https://raw.githubusercontent.com/dumanonur42-rgb/ticimax-stok/main/gorseller/11%2C5%20MM%20Extra%20Uzun%20Matkap%20Ucu%20HSS%201869-3%20GT100%20ER%C4%B0C%20-%203T1869115.jpg;https://talhateknik.diaeticaret.com/11-5mm-extra-uzun-matkap-ucu-hss-1869-3-gt100-eric-p6074
T340115;11,5 MM Uzun Taşlanmış Matkap Ucu HSS DIN340RN ERİC;ERİC;Matkap ve Freze>Matkap Uçları>Uzun Matkap Uçları;75;10.25;USD;487.11;20;https://raw.githubusercontent.com/dumanonur42-rgb/ticimax-stok/main/gorseller/11%2C5%20MM%20Uzun%20Ta%C5%9Flanm%C4%B1%C5%9F%20Matkap%20Ucu%20HSS%20DIN340RN%20ER%C4%B0C%20-%20T340115.jpg;https://talhateknik.diaeticaret.com/11-5mm-uzun-taslanmis-matkap-ucu-hss-din340rn-eric-p5938
1T1869110;11 MM Extra Uzun Matkap Ucu HSS 1869-1 GT100 ERİC;ERİC;Matkap ve Freze>Matkap Uçları>Uzun Matkap Uçları;35;28.29;USD;1344.42;20;https://raw.githubusercontent.com/dumanonur42-rgb/ticimax-stok/main/gorseller/11%20MM%20Extra%20Uzun%20Matkap%20Ucu%20HSS%201869-1%20GT100%20ER%C4%B0C%20-%201T1869110.jpg;https://talhateknik.diaeticaret.com/11mm-extra-uzun-matkap-ucu-hss-1869-1-gt100-eric-p6024
2T1869110;11 MM Extra Uzun Matkap Ucu HSS 1869-2 GT100 ERİC;ERİC;Matkap ve Freze>Matkap Uçları>Uzun Matkap Uçları;45;36.77;USD;1747.42;20;https://raw.githubusercontent.com/dumanonur42-rgb/ticimax-stok/main/gorseller/11%20MM%20Extra%20Uzun%20Matkap%20Ucu%20HSS%201869-2%20GT100%20ER%C4%B0C%20-%202T1869110.jpg;https://talhateknik.diaeticaret.com/11mm-extra-uzun-matkap-ucu-hss-1869-2-gt100-eric-p6050
3T1869110;11 MM Extra Uzun Matkap Ucu HSS 1869-3 GT100 ERİC;ERİC;Matkap ve Freze>Matkap Uçları>Uzun Matkap Uçları;50;50.91;USD;2419.39;20;https://raw.githubusercontent.com/dumanonur42-rgb/ticimax-stok/main/gorseller/11%20MM%20Extra%20Uzun%20Matkap%20Ucu%20HSS%201869-3%20GT100%20ER%C4%B0C%20-%203T1869110.jpg;https://talhateknik.diaeticaret.com/11mm-extra-uzun-matkap-ucu-hss-1869-3-gt100-eric-p6073
T340110;11 MM Uzun Taşlanmış Matkap Ucu HSS DIN340RN ERİC;ERİC;Matkap ve Freze>Matkap Uçları>Uzun Matkap Uçları;175;9.5;USD;451.47;20;https://raw.githubusercontent.com/dumanonur42-rgb/ticimax-stok/main/gorseller/11%20MM%20Uzun%20Ta%C5%9Flanm%C4%B1%C5%9F%20Matkap%20Ucu%20HSS%20DIN340RN%20ER%C4%B0C%20-%20T340110.jpg;https://talhateknik.diaeticaret.com/11mm-uzun-taslanmis-matkap-ucu-hss-din340rn-eric-p5937
1T1869125;12,5 MM Extra Uzun Matkap Ucu HSS 1869-1 GT100 ERİC;ERİC;Matkap ve Freze>Matkap Uçları>Uzun Matkap Uçları;15;40.54;USD;1926.58;20;https://raw.githubusercontent.com/dumanonur42-rgb/ticimax-stok/main/gorseller/12%2C5%20MM%20Extra%20Uzun%20Matkap%20Ucu%20HSS%201869-1%20GT100%20ER%C4%B0C%20-%201T1869125.jpg;https://talhateknik.diaeticaret.com/12-5mm-extra-uzun-matkap-ucu-hss-1869-1-gt100-eric-p6027
2T1869125;12,5 MM Extra Uzun Matkap Ucu HSS 1869-2 GT100 ERİC;ERİC;Matkap ve Freze>Matkap Uçları>Uzun Matkap Uçları;25;51.86;USD;2464.54;20;https://raw.githubusercontent.com/dumanonur42-rgb/ticimax-stok/main/gorseller/12%2C5%20MM%20Extra%20Uzun%20Matkap%20Ucu%20HSS%201869-2%20GT100%20ER%C4%B0C%20-%202T1869125.jpg;https://talhateknik.diaeticaret.com/12-5mm-extra-uzun-matkap-ucu-hss-1869-2-gt100-eric-p6053
3T1869125;12,5 MM Extra Uzun Matkap Ucu HSS 1869-3 GT100 ERİC;ERİC;Matkap ve Freze>Matkap Uçları>Uzun Matkap Uçları;30;66.94;USD;3181.18;20;https://raw.githubusercontent.com/dumanonur42-rgb/ticimax-stok/main/gorseller/12%2C5%20MM%20Extra%20Uzun%20Matkap%20Ucu%20HSS%201869-3%20GT100%20ER%C4%B0C%20-%203T1869125.jpg;https://talhateknik.diaeticaret.com/12-5mm-extra-uzun-matkap-ucu-hss-1869-3-gt100-eric-p6076
T340125;12,5 MM Uzun Taşlanmış Matkap Ucu HSS DIN340RN ERİC;ERİC;Matkap ve Freze>Matkap Uçları>Uzun Matkap Uçları;55;12.45;USD;591.66;20;https://raw.githubusercontent.com/dumanonur42-rgb/ticimax-stok/main/gorseller/12%2C5%20MM%20Uzun%20Ta%C5%9Flanm%C4%B1%C5%9F%20Matkap%20Ucu%20HSS%20DIN340RN%20ER%C4%B0C%20-%20T340125.jpg;https://talhateknik.diaeticaret.com/12-5mm-uzun-taslanmis-matkap-ucu-hss-din340rn-eric-p5940
1T1869120;12 MM Extra Uzun Matkap Ucu HSS 1869-1 GT100 ERİC;ERİC;Matkap ve Freze>Matkap Uçları>Uzun Matkap Uçları;0;36.77;USD;1747.42;20;https://raw.githubusercontent.com/dumanonur42-rgb/ticimax-stok/main/gorseller/12%20MM%20Extra%20Uzun%20Matkap%20Ucu%20HSS%201869-1%20GT100%20ER%C4%B0C%20-%201T1869120.jpg;https://talhateknik.diaeticaret.com/12mm-extra-uzun-matkap-ucu-hss-1869-1-gt100-eric-p6026
2T1869120;12 MM Extra Uzun Matkap Ucu HSS 1869-2 GT100 ERİC;ERİC;Matkap ve Freze>Matkap Uçları>Uzun Matkap Uçları;35;49.97;USD;2374.72;20;https://raw.githubusercontent.com/dumanonur42-rgb/ticimax-stok/main/gorseller/12%20MM%20Extra%20Uzun%20Matkap%20Ucu%20HSS%201869-2%20GT100%20ER%C4%B0C%20-%202T1869120.jpg;https://talhateknik.diaeticaret.com/12mm-extra-uzun-matkap-ucu-hss-1869-2-gt100-eric-p6052
3T1869120;12 MM Extra Uzun Matkap Ucu HSS 1869-3 GT100 ERİC;ERİC;Matkap ve Freze>Matkap Uçları>Uzun Matkap Uçları;45;63.17;USD;3002.02;20;https://raw.githubusercontent.com/dumanonur42-rgb/ticimax-stok/main/gorseller/12%20MM%20Extra%20Uzun%20Matkap%20Ucu%20HSS%201869-3%20GT100%20ER%C4%B0C%20-%203T1869120.jpg;https://talhateknik.diaeticaret.com/12mm-extra-uzun-matkap-ucu-hss-1869-3-gt100-eric-p6075
T340120;12 MM Uzun Taşlanmış Matkap Ucu HSS DIN340RN ERİC;ERİC;Matkap ve Freze>Matkap Uçları>Uzun Matkap Uçları;130;11.5;USD;546.51;20;https://raw.githubusercontent.com/dumanonur42-rgb/ticimax-stok/main/gorseller/12%20MM%20Uzun%20Ta%C5%9Flanm%C4%B1%C5%9F%20Matkap%20Ucu%20HSS%20DIN340RN%20ER%C4%B0C%20-%20T340120.jpg;https://talhateknik.diaeticaret.com/12mm-uzun-taslanmis-matkap-ucu-hss-din340rn-eric-p5939
T340135;13,5 MM Uzun Taşlanmış Matkap Ucu HSS DIN340RN ERİC;ERİC;Matkap ve Freze>Matkap Uçları>Uzun Matkap Uçları;42;19.8;USD;940.95;20;https://raw.githubusercontent.com/dumanonur42-rgb/ticimax-stok/main/gorseller/13%2C5%20MM%20Uzun%20Ta%C5%9Flanm%C4%B1%C5%9F%20Matkap%20Ucu%20HSS%20DIN340RN%20ER%C4%B0C%20-%20T340135.jpg;https://talhateknik.diaeticaret.com/13-5mm-uzun-taslanmis-matkap-ucu-hss-din340rn-eric-p5942
1T1869130;13 MM Extra Uzun Matkap Ucu HSS 1869-1 GT100 ERİC;ERİC;Matkap ve Freze>Matkap Uçları>Uzun Matkap Uçları;15;44.31;USD;2105.74;20;https://raw.githubusercontent.com/dumanonur42-rgb/ticimax-stok/main/gorseller/13%20MM%20Extra%20Uzun%20Matkap%20Ucu%20HSS%201869-1%20GT100%20ER%C4%B0C%20-%201T1869130.jpg;https://talhateknik.diaeticaret.com/13mm-extra-uzun-matkap-ucu-hss-1869-1-gt100-eric-p6028
2T1869130;13 MM Extra Uzun Matkap Ucu HSS 1869-2 GT100 ERİC;ERİC;Matkap ve Freze>Matkap Uçları>Uzun Matkap Uçları;25;56.57;USD;2688.37;20;https://raw.githubusercontent.com/dumanonur42-rgb/ticimax-stok/main/gorseller/13%20MM%20Extra%20Uzun%20Matkap%20Ucu%20HSS%201869-2%20GT100%20ER%C4%B0C%20-%202T1869130.jpg;https://talhateknik.diaeticaret.com/13mm-extra-uzun-matkap-ucu-hss-1869-2-gt100-eric-p6054
3T1869130;13 MM Extra Uzun Matkap Ucu HSS 1869-3 GT100 ERİC;ERİC;Matkap ve Freze>Matkap Uçları>Uzun Matkap Uçları;15;73.54;USD;3494.83;20;https://raw.githubusercontent.com/dumanonur42-rgb/ticimax-stok/main/gorseller/13%20MM%20Extra%20Uzun%20Matkap%20Ucu%20HSS%201869-3%20GT100%20ER%C4%B0C%20-%203T1869130.jpg;https://talhateknik.diaeticaret.com/13mm-extra-uzun-matkap-ucu-hss-1869-3-gt100-eric-p6077
T340130;13 MM Uzun Taşlanmış Matkap Ucu HSS DIN340RN ERİC;ERİC;Matkap ve Freze>Matkap Uçları>Uzun Matkap Uçları;60;13.4;USD;636.81;20;https://raw.githubusercontent.com/dumanonur42-rgb/ticimax-stok/main/gorseller/13%20MM%20Uzun%20Ta%C5%9Flanm%C4%B1%C5%9F%20Matkap%20Ucu%20HSS%20DIN340RN%20ER%C4%B0C%20-%20T340130.jpg;https://talhateknik.diaeticaret.com/13mm-uzun-taslanmis-matkap-ucu-hss-din340rn-eric-p5941
T340145;14,5 MM Uzun Taşlanmış Matkap Ucu HSS DIN340RN ERİC;ERİC;Matkap ve Freze>Matkap Uçları>Uzun Matkap Uçları;28;22.8;USD;1083.52;20;https://raw.githubusercontent.com/dumanonur42-rgb/ticimax-stok/main/gorseller/14%2C5%20MM%20Uzun%20Ta%C5%9Flanm%C4%B1%C5%9F%20Matkap%20Ucu%20HSS%20DIN340RN%20ER%C4%B0C%20-%20T340145.jpg;https://talhateknik.diaeticaret.com/14-5mm-uzun-taslanmis-matkap-ucu-hss-din340rn-eric-p5944
T340140;14 MM Uzun Taşlanmış Matkap Ucu HSS DIN340RN ERİC;ERİC;Matkap ve Freze>Matkap Uçları>Uzun Matkap Uçları;60;20.0;USD;950.46;20;https://raw.githubusercontent.com/dumanonur42-rgb/ticimax-stok/main/gorseller/14%20MM%20Uzun%20Ta%C5%9Flanm%C4%B1%C5%9F%20Matkap%20Ucu%20HSS%20DIN340RN%20ER%C4%B0C%20-%20T340140.jpg;https://talhateknik.diaeticaret.com/14mm-uzun-taslanmis-matkap-ucu-hss-din340rn-eric-p5943
T340155;15,5 MM Uzun Taşlanmış Matkap Ucu HSS DIN340RN ERİC;ERİC;Matkap ve Freze>Matkap Uçları>Uzun Matkap Uçları;50;27.2;USD;1292.62;20;https://raw.githubusercontent.com/dumanonur42-rgb/ticimax-stok/main/gorseller/15%2C5%20MM%20Uzun%20Ta%C5%9Flanm%C4%B1%C5%9F%20Matkap%20Ucu%20HSS%20DIN340RN%20ER%C4%B0C%20-%20T340155.jpg;https://talhateknik.diaeticaret.com/15-5mm-uzun-taslanmis-matkap-ucu-hss-din340rn-eric-p5946
T340150;15 MM Uzun Taşlanmış Matkap Ucu HSS DIN340RN ERİC;ERİC;Matkap ve Freze>Matkap Uçları>Uzun Matkap Uçları;59;23.0;USD;1093.03;20;https://raw.githubusercontent.com/dumanonur42-rgb/ticimax-stok/main/gorseller/15%20MM%20Uzun%20Ta%C5%9Flanm%C4%B1%C5%9F%20Matkap%20Ucu%20HSS%20DIN340RN%20ER%C4%B0C%20-%20T340150.jpg;https://talhateknik.diaeticaret.com/15mm-uzun-taslanmis-matkap-ucu-hss-din340rn-eric-p5945
T340165;16,5 MM Uzun Taşlanmış Matkap Ucu HSS DIN340RN ERİC;ERİC;Matkap ve Freze>Matkap Uçları>Uzun Matkap Uçları;36;34.45;USD;1637.16;20;https://raw.githubusercontent.com/dumanonur42-rgb/ticimax-stok/main/gorseller/16%2C5%20MM%20Uzun%20Ta%C5%9Flanm%C4%B1%C5%9F%20Matkap%20Ucu%20HSS%20DIN340RN%20ER%C4%B0C%20-%20T340165.jpg;https://talhateknik.diaeticaret.com/16-5mm-uzun-taslanmis-matkap-ucu-hss-din340rn-eric-p5948
T340160;16 MM Uzun Taşlanmış Matkap Ucu HSS DIN340RN ERİC;ERİC;Matkap ve Freze>Matkap Uçları>Uzun Matkap Uçları;44;27.4;USD;1302.13;20;https://raw.githubusercontent.com/dumanonur42-rgb/ticimax-stok/main/gorseller/16%20MM%20Uzun%20Ta%C5%9Flanm%C4%B1%C5%9F%20Matkap%20Ucu%20HSS%20DIN340RN%20ER%C4%B0C%20-%20T340160.jpg;https://talhateknik.diaeticaret.com/16mm-uzun-taslanmis-matkap-ucu-hss-din340rn-eric-p5947
T340175;17,5 MM Uzun Taşlanmış Matkap Ucu HSS DIN340RN ERİC;ERİC;Matkap ve Freze>Matkap Uçları>Uzun Matkap Uçları;46;39.33;USD;1869.08;20;https://raw.githubusercontent.com/dumanonur42-rgb/ticimax-stok/main/gorseller/17%2C5%20MM%20Uzun%20Ta%C5%9Flanm%C4%B1%C5%9F%20Matkap%20Ucu%20HSS%20DIN340RN%20ER%C4%B0C%20-%20T340175.jpg;https://talhateknik.diaeticaret.com/17-5mm-uzun-taslanmis-matkap-ucu-hss-din340rn-eric-p5950
T340170;17 MM Uzun Taşlanmış Matkap Ucu HSS DIN340RN ERİC;ERİC;Matkap ve Freze>Matkap Uçları>Uzun Matkap Uçları;58;38.09;USD;1810.15;20;https://raw.githubusercontent.com/dumanonur42-rgb/ticimax-stok/main/gorseller/17%20MM%20Uzun%20Ta%C5%9Flanm%C4%B1%C5%9F%20Matkap%20Ucu%20HSS%20DIN340RN%20ER%C4%B0C%20-%20T340170.jpg;https://talhateknik.diaeticaret.com/17mm-uzun-taslanmis-matkap-ucu-hss-din340rn-eric-p5949
T340185;18,5 MM Uzun Taşlanmış Matkap Ucu HSS DIN340RN ERİC;ERİC;Matkap ve Freze>Matkap Uçları>Uzun Matkap Uçları;30;44.79;USD;2128.55;20;https://raw.githubusercontent.com/dumanonur42-rgb/ticimax-stok/main/gorseller/18%2C5%20MM%20Uzun%20Ta%C5%9Flanm%C4%B1%C5%9F%20Matkap%20Ucu%20HSS%20DIN340RN%20ER%C4%B0C%20-%20T340185.jpg;https://talhateknik.diaeticaret.com/18-5mm-uzun-taslanmis-matkap-ucu-hss-din340rn-eric-p5952
T340180;18 MM Uzun Taşlanmış Matkap Ucu HSS DIN340RN ERİC;ERİC;Matkap ve Freze>Matkap Uçları>Uzun Matkap Uçları;18;43.29;USD;2057.27;20;https://raw.githubusercontent.com/dumanonur42-rgb/ticimax-stok/main/gorseller/18%20MM%20Uzun%20Ta%C5%9Flanm%C4%B1%C5%9F%20Matkap%20Ucu%20HSS%20DIN340RN%20ER%C4%B0C%20-%20T340180.jpg;https://talhateknik.diaeticaret.com/18mm-uzun-taslanmis-matkap-ucu-hss-din340rn-eric-p5951
T340195;19,5 MM Uzun Taşlanmış Matkap Ucu HSS DIN340RN ERİC;ERİC;Matkap ve Freze>Matkap Uçları>Uzun Matkap Uçları;61;50.83;USD;2415.59;20;https://raw.githubusercontent.com/dumanonur42-rgb/ticimax-stok/main/gorseller/19%2C5%20MM%20Uzun%20Ta%C5%9Flanm%C4%B1%C5%9F%20Matkap%20Ucu%20HSS%20DIN340RN%20ER%C4%B0C%20-%20T340195.jpg;https://talhateknik.diaeticaret.com/19-5mm-uzun-taslanmis-matkap-ucu-hss-din340rn-eric-p5954
T340190;19 MM Uzun Taşlanmış Matkap Ucu HSS DIN340RN ERİC;ERİC;Matkap ve Freze>Matkap Uçları>Uzun Matkap Uçları;55;49.14;USD;2335.28;20;https://raw.githubusercontent.com/dumanonur42-rgb/ticimax-stok/main/gorseller/19%20MM%20Uzun%20Ta%C5%9Flanm%C4%B1%C5%9F%20Matkap%20Ucu%20HSS%20DIN340RN%20ER%C4%B0C%20-%20T340190.jpg;https://talhateknik.diaeticaret.com/19mm-uzun-taslanmis-matkap-ucu-hss-din340rn-eric-p5953
1T1869010;1 MM Extra Uzun Matkap Ucu HSS 1869-1 GT100 ERİC;ERİC;Matkap ve Freze>Matkap Uçları>Uzun Matkap Uçları;0;1.76;USD;83.64;20;https://raw.githubusercontent.com/dumanonur42-rgb/ticimax-stok/main/gorseller/1%20MM%20Extra%20Uzun%20Matkap%20Ucu%20HSS%201869-1%20GT100%20ER%C4%B0C%20-%201T1869010.jpg;https://talhateknik.diaeticaret.com/1mm-extra-uzun-matkap-ucu-hss-1869-1-gt100-eric-p5999
2T1869010;1 MM Extra Uzun Matkap Ucu HSS 1869-2 GT100 ERİC;ERİC;Matkap ve Freze>Matkap Uçları>Uzun Matkap Uçları;0;3.53;USD;167.76;20;https://raw.githubusercontent.com/dumanonur42-rgb/ticimax-stok/main/gorseller/1%20MM%20Extra%20Uzun%20Matkap%20Ucu%20HSS%201869-2%20GT100%20ER%C4%B0C%20-%202T1869010.jpg;https://talhateknik.diaeticaret.com/1mm-extra-uzun-matkap-ucu-hss-1869-2-gt100-eric-p6029
T340010;1 MM Uzun Taşlanmış Matkap Ucu HSS DIN340RN ERİC;ERİC;Matkap ve Freze>Matkap Uçları>Uzun Matkap Uçları;4970;0.27;USD;12.83;20;https://raw.githubusercontent.com/dumanonur42-rgb/ticimax-stok/main/gorseller/1%20MM%20Uzun%20Ta%C5%9Flanm%C4%B1%C5%9F%20Matkap%20Ucu%20HSS%20DIN340RN%20ER%C4%B0C%20-%20T340010.jpg;https://talhateknik.diaeticaret.com/1mm-uzun-taslanmis-matkap-ucu-hss-din340rn-eric-p5913
1T1869025;2,5 MM Extra Uzun Matkap Ucu HSS 1869-1 GT100 ERİC;ERİC;Matkap ve Freze>Matkap Uçları>Uzun Matkap Uçları;230;2.4;USD;114.05;20;https://raw.githubusercontent.com/dumanonur42-rgb/ticimax-stok/main/gorseller/2%2C5%20MM%20Extra%20Uzun%20Matkap%20Ucu%20HSS%201869-1%20GT100%20ER%C4%B0C%20-%201T1869025.jpg;https://talhateknik.diaeticaret.com/2-5mm-extra-uzun-matkap-ucu-hss-1869-1-gt100-eric-p6002
2T1869025;2,5 MM Extra Uzun Matkap Ucu HSS 1869-2 GT100 ERİC;ERİC;Matkap ve Freze>Matkap Uçları>Uzun Matkap Uçları;70;3.1;USD;147.32;20;https://raw.githubusercontent.com/dumanonur42-rgb/ticimax-stok/main/gorseller/2%2C5%20MM%20Extra%20Uzun%20Matkap%20Ucu%20HSS%201869-2%20GT100%20ER%C4%B0C%20-%202T1869025.jpg;https://talhateknik.diaeticaret.com/2-5mm-extra-uzun-matkap-ucu-hss-1869-2-gt100-eric-p6032
3T1869025;2,5 MM Extra Uzun Matkap Ucu HSS 1869-3 GT100 ERİC;ERİC;Matkap ve Freze>Matkap Uçları>Uzun Matkap Uçları;0;3.9;USD;185.34;20;https://raw.githubusercontent.com/dumanonur42-rgb/ticimax-stok/main/gorseller/2%2C5%20MM%20Extra%20Uzun%20Matkap%20Ucu%20HSS%201869-3%20GT100%20ER%C4%B0C%20-%203T1869025.jpg;https://talhateknik.diaeticaret.com/2-5mm-extra-uzun-matkap-ucu-hss-1869-3-gt100-eric-p6056
T340025;2,5 MM Uzun Taşlanmış Matkap Ucu HSS DIN340RN ERİC;ERİC;Matkap ve Freze>Matkap Uçları>Uzun Matkap Uçları;2820;0.59;USD;28.04;20;https://raw.githubusercontent.com/dumanonur42-rgb/ticimax-stok/main/gorseller/2%2C5%20MM%20Uzun%20Ta%C5%9Flanm%C4%B1%C5%9F%20Matkap%20Ucu%20HSS%20DIN340RN%20ER%C4%B0C%20-%20T340025.jpg;https://talhateknik.diaeticaret.com/2-5mm-uzun-taslanmis-matkap-ucu-hss-din340rn-eric-p5916
T340200;20 MM Uzun Taşlanmış Matkap Ucu HSS DIN340RN ERİC;ERİC;Matkap ve Freze>Matkap Uçları>Uzun Matkap Uçları;45;55.51;USD;2638.0;20;https://raw.githubusercontent.com/dumanonur42-rgb/ticimax-stok/main/gorseller/20%20MM%20Uzun%20Ta%C5%9Flanm%C4%B1%C5%9F%20Matkap%20Ucu%20HSS%20DIN340RN%20ER%C4%B0C%20-%20T340200.jpg;https://talhateknik.diaeticaret.com/20mm-uzun-taslanmis-matkap-ucu-hss-din340rn-eric-p5955
1T1869020;2 MM Extra Uzun Matkap Ucu HSS 1869-1 GT100 ERİC;ERİC;Matkap ve Freze>Matkap Uçları>Uzun Matkap Uçları;170;1.76;USD;83.64;20;https://raw.githubusercontent.com/dumanonur42-rgb/ticimax-stok/main/gorseller/2%20MM%20Extra%20Uzun%20Matkap%20Ucu%20HSS%201869-1%20GT100%20ER%C4%B0C%20-%201T1869020.jpg;https://talhateknik.diaeticaret.com/2mm-extra-uzun-matkap-ucu-hss-1869-1-gt100-eric-p6001
2T1869020;2 MM Extra Uzun Matkap Ucu HSS 1869-2 GT100 ERİC;ERİC;Matkap ve Freze>Matkap Uçları>Uzun Matkap Uçları;170;2.45;USD;116.43;20;https://raw.githubusercontent.com/dumanonur42-rgb/ticimax-stok/main/gorseller/2%20MM%20Extra%20Uzun%20Matkap%20Ucu%20HSS%201869-2%20GT100%20ER%C4%B0C%20-%202T1869020.jpg;https://talhateknik.diaeticaret.com/2mm-extra-uzun-matkap-ucu-hss-1869-2-gt100-eric-p6031
3T1869020;2 MM Extra Uzun Matkap Ucu HSS 1869-3 GT100 ERİC;ERİC;Matkap ve Freze>Matkap Uçları>Uzun Matkap Uçları;0;3.2;USD;152.07;20;https://raw.githubusercontent.com/dumanonur42-rgb/ticimax-stok/main/gorseller/2%20MM%20Extra%20Uzun%20Matkap%20Ucu%20HSS%201869-3%20GT100%20ER%C4%B0C%20-%203T1869020.jpg;https://talhateknik.diaeticaret.com/2mm-extra-uzun-matkap-ucu-hss-1869-3-gt100-eric-p6055
T340020;2 MM Uzun Taşlanmış Matkap Ucu HSS DIN340RN ERİC;ERİC;Matkap ve Freze>Matkap Uçları>Uzun Matkap Uçları;3840;0.47;USD;22.34;20;https://raw.githubusercontent.com/dumanonur42-rgb/ticimax-stok/main/gorseller/2%20MM%20Uzun%20Ta%C5%9Flanm%C4%B1%C5%9F%20Matkap%20Ucu%20HSS%20DIN340RN%20ER%C4%B0C%20-%20T340020.jpg;https://talhateknik.diaeticaret.com/2mm-uzun-taslanmis-matkap-ucu-hss-din340rn-eric-p5915
1T1869032;3,2 MM Extra Uzun Matkap Ucu HSS 1869-1 GT100 ERİC;ERİC;Matkap ve Freze>Matkap Uçları>Uzun Matkap Uçları;440;3.3;USD;156.83;20;https://raw.githubusercontent.com/dumanonur42-rgb/ticimax-stok/main/gorseller/3%2C2%20MM%20Extra%20Uzun%20Matkap%20Ucu%20HSS%201869-1%20GT100%20ER%C4%B0C%20-%201T1869032.jpg;https://talhateknik.diaeticaret.com/3-2mm-extra-uzun-matkap-ucu-hss-1869-1-gt100-eric-p6004
2T1869032;3,2 MM Extra Uzun Matkap Ucu HSS 1869-2 GT100 ERİC;ERİC;Matkap ve Freze>Matkap Uçları>Uzun Matkap Uçları;180;5.2;USD;247.12;20;https://raw.githubusercontent.com/dumanonur42-rgb/ticimax-stok/main/gorseller/3%2C2%20MM%20Extra%20Uzun%20Matkap%20Ucu%20HSS%201869-2%20GT100%20ER%C4%B0C%20-%202T1869032.jpg;https://talhateknik.diaeticaret.com/3-2mm-extra-uzun-matkap-ucu-hss-1869-2-gt100-eric-p11278
3T1869032;3,2 MM Extra Uzun Matkap Ucu HSS 1869-3 GT100 ERİC;ERİC;Matkap ve Freze>Matkap Uçları>Uzun Matkap Uçları;150;7.1;USD;337.41;20;https://raw.githubusercontent.com/dumanonur42-rgb/ticimax-stok/main/gorseller/3%2C2%20MM%20Extra%20Uzun%20Matkap%20Ucu%20HSS%201869-3%20GT100%20ER%C4%B0C%20-%203T1869032.jpg;https://talhateknik.diaeticaret.com/3-2mm-extra-uzun-matkap-ucu-hss-1869-3-gt100-eric-p11280
T340032;3,2 MM Uzun Taşlanmış Matkap Ucu HSS DIN340RN ERİC;ERİC;Matkap ve Freze>Matkap Uçları>Uzun Matkap Uçları;1920;1.0;USD;47.52;20;https://raw.githubusercontent.com/dumanonur42-rgb/ticimax-stok/main/gorseller/3%2C2%20MM%20Uzun%20Ta%C5%9Flanm%C4%B1%C5%9F%20Matkap%20Ucu%20HSS%20DIN340RN%20ER%C4%B0C%20-%20T340032.jpg;https://talhateknik.diaeticaret.com/3-2mm-uzun-taslanmis-matkap-ucu-hss-din340rn-eric-p5918
1T1869033;3,3 MM Extra Uzun Matkap Ucu HSS 1869-1 GT100 ERİC;ERİC;Matkap ve Freze>Matkap Uçları>Uzun Matkap Uçları;0;3.6;USD;171.08;20;https://raw.githubusercontent.com/dumanonur42-rgb/ticimax-stok/main/gorseller/3%2C3%20MM%20Extra%20Uzun%20Matkap%20Ucu%20HSS%201869-1%20GT100%20ER%C4%B0C%20-%201T1869033.jpg;https://talhateknik.diaeticaret.com/3-3mm-extra-uzun-matkap-ucu-hss-1869-1-gt100-eric-p6005
T340033;3,3 MM Uzun Taşlanmış Matkap Ucu HSS DIN340RN ERİC;ERİC;Matkap ve Freze>Matkap Uçları>Uzun Matkap Uçları;1480;1.1;USD;52.28;20;https://raw.githubusercontent.com/dumanonur42-rgb/ticimax-stok/main/gorseller/3%2C3%20MM%20Uzun%20Ta%C5%9Flanm%C4%B1%C5%9F%20Matkap%20Ucu%20HSS%20DIN340RN%20ER%C4%B0C%20-%20T340033.jpg;https://talhateknik.diaeticaret.com/3-3mm-uzun-taslanmis-matkap-ucu-hss-din340rn-eric-p5919
1T1869035;3,5 MM Extra Uzun Matkap Ucu HSS 1869-1 GT100 ERİC;ERİC;Matkap ve Freze>Matkap Uçları>Uzun Matkap Uçları;340;3.6;USD;171.08;20;https://raw.githubusercontent.com/dumanonur42-rgb/ticimax-stok/main/gorseller/3%2C5%20MM%20Extra%20Uzun%20Matkap%20Ucu%20HSS%201869-1%20GT100%20ER%C4%B0C%20-%201T1869035.jpg;https://talhateknik.diaeticaret.com/3-5mm-extra-uzun-matkap-ucu-hss-1869-1-gt100-eric-p6006
2T1869035;3,5 MM Extra Uzun Matkap Ucu HSS 1869-2 GT100 ERİC;ERİC;Matkap ve Freze>Matkap Uçları>Uzun Matkap Uçları;190;4.99;USD;237.14;20;https://raw.githubusercontent.com/dumanonur42-rgb/ticimax-stok/main/gorseller/3%2C5%20MM%20Extra%20Uzun%20Matkap%20Ucu%20HSS%201869-2%20GT100%20ER%C4%B0C%20-%202T1869035.jpg;https://talhateknik.diaeticaret.com/3-5mm-extra-uzun-matkap-ucu-hss-1869-2-gt100-eric-p6034
3T1869035;3,5 MM Extra Uzun Matkap Ucu HSS 1869-3 GT100 ERİC;ERİC;Matkap ve Freze>Matkap Uçları>Uzun Matkap Uçları;100;6.55;USD;311.27;20;https://raw.githubusercontent.com/dumanonur42-rgb/ticimax-stok/main/gorseller/3%2C5%20MM%20Extra%20Uzun%20Matkap%20Ucu%20HSS%201869-3%20GT100%20ER%C4%B0C%20-%203T1869035.jpg;https://talhateknik.diaeticaret.com/3-5mm-extra-uzun-matkap-ucu-hss-1869-3-gt100-eric-p6058
T340035;3,5 MM Uzun Taşlanmış Matkap Ucu HSS DIN340RN ERİC;ERİC;Matkap ve Freze>Matkap Uçları>Uzun Matkap Uçları;1940;1.1;USD;52.28;20;https://raw.githubusercontent.com/dumanonur42-rgb/ticimax-stok/main/gorseller/3%2C5%20MM%20Uzun%20Ta%C5%9Flanm%C4%B1%C5%9F%20Matkap%20Ucu%20HSS%20DIN340RN%20ER%C4%B0C%20-%20T340035.jpg;https://talhateknik.diaeticaret.com/3-5mm-uzun-taslanmis-matkap-ucu-hss-din340rn-eric-p5920
1T1869030;3 MM Extra Uzun Matkap Ucu HSS 1869-1 GT100 ERİC;ERİC;Matkap ve Freze>Matkap Uçları>Uzun Matkap Uçları;0;2.84;USD;134.97;20;https://raw.githubusercontent.com/dumanonur42-rgb/ticimax-stok/main/gorseller/3%20MM%20Extra%20Uzun%20Matkap%20Ucu%20HSS%201869-1%20GT100%20ER%C4%B0C%20-%201T1869030.jpg;https://talhateknik.diaeticaret.com/3mm-extra-uzun-matkap-ucu-hss-1869-1-gt100-eric-p6003
2T1869030;3 MM Extra Uzun Matkap Ucu HSS 1869-2 GT100 ERİC;ERİC;Matkap ve Freze>Matkap Uçları>Uzun Matkap Uçları;270;4.1;USD;194.84;20;https://raw.githubusercontent.com/dumanonur42-rgb/ticimax-stok/main/gorseller/3%20MM%20Extra%20Uzun%20Matkap%20Ucu%20HSS%201869-2%20GT100%20ER%C4%B0C%20-%202T1869030.jpg;https://talhateknik.diaeticaret.com/3mm-extra-uzun-matkap-ucu-hss-1869-2-gt100-eric-p6033
3T1869030;3 MM Extra Uzun Matkap Ucu HSS 1869-3 GT100 ERİC;ERİC;Matkap ve Freze>Matkap Uçları>Uzun Matkap Uçları;180;5.2;USD;247.12;20;https://raw.githubusercontent.com/dumanonur42-rgb/ticimax-stok/main/gorseller/3%20MM%20Extra%20Uzun%20Matkap%20Ucu%20HSS%201869-3%20GT100%20ER%C4%B0C%20-%203T1869030.jpg;https://talhateknik.diaeticaret.com/3mm-extra-uzun-matkap-ucu-hss-1869-3-gt100-eric-p6057
T340030;3 MM Uzun Taşlanmış Matkap Ucu HSS DIN340RN ERİC;ERİC;Matkap ve Freze>Matkap Uçları>Uzun Matkap Uçları;2820;0.91;USD;43.25;20;https://raw.githubusercontent.com/dumanonur42-rgb/ticimax-stok/main/gorseller/3%20MM%20Uzun%20Ta%C5%9Flanm%C4%B1%C5%9F%20Matkap%20Ucu%20HSS%20DIN340RN%20ER%C4%B0C%20-%20T340030.jpg;https://talhateknik.diaeticaret.com/3mm-uzun-taslanmis-matkap-ucu-hss-din340rn-eric-p5917
1T1869042;4,2 MM Extra Uzun Matkap Ucu HSS 1869-1 GT100 ERİC;ERİC;Matkap ve Freze>Matkap Uçları>Uzun Matkap Uçları;380;5.0;USD;237.61;20;https://raw.githubusercontent.com/dumanonur42-rgb/ticimax-stok/main/gorseller/4%2C2%20MM%20Extra%20Uzun%20Matkap%20Ucu%20HSS%201869-1%20GT100%20ER%C4%B0C%20-%201T1869042.jpg;https://talhateknik.diaeticaret.com/4-2mm-extra-uzun-matkap-ucu-hss-1869-1-gt100-eric-p6008
2T1869042;4,2 MM Extra Uzun Matkap Ucu HSS 1869-2 GT100 ERİC;ERİC;Matkap ve Freze>Matkap Uçları>Uzun Matkap Uçları;190;6.8;USD;323.16;20;https://raw.githubusercontent.com/dumanonur42-rgb/ticimax-stok/main/gorseller/4%2C2%20MM%20Extra%20Uzun%20Matkap%20Ucu%20HSS%201869-2%20GT100%20ER%C4%B0C%20-%202T1869042.jpg;https://talhateknik.diaeticaret.com/4-2mm-extra-uzun-matkap-ucu-hss-1869-2-gt100-eric-p6036
3T1869042;4,2 MM Extra Uzun Matkap Ucu HSS 1869-3 GT100 ERİC;ERİC;Matkap ve Freze>Matkap Uçları>Uzun Matkap Uçları;150;9.67;USD;459.55;20;https://raw.githubusercontent.com/dumanonur42-rgb/ticimax-stok/main/gorseller/4%2C2%20MM%20Extra%20Uzun%20Matkap%20Ucu%20HSS%201869-3%20GT100%20ER%C4%B0C%20-%203T1869042.jpg;https://talhateknik.diaeticaret.com/4-2mm-extra-uzun-matkap-ucu-hss-1869-3-gt100-eric-p11281
T340042;4,2 MM Uzun Taşlanmış Matkap Ucu HSS DIN340RN ERİC;ERİC;Matkap ve Freze>Matkap Uçları>Uzun Matkap Uçları;1990;1.45;USD;68.91;20;https://raw.githubusercontent.com/dumanonur42-rgb/ticimax-stok/main/gorseller/4%2C2%20MM%20Uzun%20Ta%C5%9Flanm%C4%B1%C5%9F%20Matkap%20Ucu%20HSS%20DIN340RN%20ER%C4%B0C%20-%20T340042.jpg;https://talhateknik.diaeticaret.com/4-2mm-uzun-taslanmis-matkap-ucu-hss-din340rn-eric-p5922
1T1869045;4,5 MM Extra Uzun Matkap Ucu HSS 1869-1 GT100 ERİC;ERİC;Matkap ve Freze>Matkap Uçları>Uzun Matkap Uçları;470;5.7;USD;270.88;20;https://raw.githubusercontent.com/dumanonur42-rgb/ticimax-stok/main/gorseller/4%2C5%20MM%20Extra%20Uzun%20Matkap%20Ucu%20HSS%201869-1%20GT100%20ER%C4%B0C%20-%201T1869045.jpg;https://talhateknik.diaeticaret.com/4-5mm-extra-uzun-matkap-ucu-hss-1869-1-gt100-eric-p6009
2T1869045;4,5 MM Extra Uzun Matkap Ucu HSS 1869-2 GT100 ERİC;ERİC;Matkap ve Freze>Matkap Uçları>Uzun Matkap Uçları;140;6.83;USD;324.58;20;https://raw.githubusercontent.com/dumanonur42-rgb/ticimax-stok/main/gorseller/4%2C5%20MM%20Extra%20Uzun%20Matkap%20Ucu%20HSS%201869-2%20GT100%20ER%C4%B0C%20-%202T1869045.jpg;https://talhateknik.diaeticaret.com/4-5mm-extra-uzun-matkap-ucu-hss-1869-2-gt100-eric-p6037
3T1869045;4,5 MM Extra Uzun Matkap Ucu HSS 1869-3 GT100 ERİC;ERİC;Matkap ve Freze>Matkap Uçları>Uzun Matkap Uçları;100;9.67;USD;459.55;20;https://raw.githubusercontent.com/dumanonur42-rgb/ticimax-stok/main/gorseller/4%2C5%20MM%20Extra%20Uzun%20Matkap%20Ucu%20HSS%201869-3%20GT100%20ER%C4%B0C%20-%203T1869045.jpg;https://talhateknik.diaeticaret.com/4-5mm-extra-uzun-matkap-ucu-hss-1869-3-gt100-eric-p6060
T340045;4,5 MM Uzun Taşlanmış Matkap Ucu HSS DIN340RN ERİC;ERİC;Matkap ve Freze>Matkap Uçları>Uzun Matkap Uçları;970;1.65;USD;78.41;20;https://raw.githubusercontent.com/dumanonur42-rgb/ticimax-stok/main/gorseller/4%2C5%20MM%20Uzun%20Ta%C5%9Flanm%C4%B1%C5%9F%20Matkap%20Ucu%20HSS%20DIN340RN%20ER%C4%B0C%20-%20T340045.jpg;https://talhateknik.diaeticaret.com/4-5mm-uzun-taslanmis-matkap-ucu-hss-din340rn-eric-p5923
1T1869040;4 MM Extra Uzun Matkap Ucu HSS 1869-1 GT100 ERİC;ERİC;Matkap ve Freze>Matkap Uçları>Uzun Matkap Uçları;110;4.6;USD;218.61;20;https://raw.githubusercontent.com/dumanonur42-rgb/ticimax-stok/main/gorseller/4%20MM%20Extra%20Uzun%20Matkap%20Ucu%20HSS%201869-1%20GT100%20ER%C4%B0C%20-%201T1869040.jpg;https://talhateknik.diaeticaret.com/4mm-extra-uzun-matkap-ucu-hss-1869-1-gt100-eric-p6007
2T1869040;4 MM Extra Uzun Matkap Ucu HSS 1869-2 GT100 ERİC;ERİC;Matkap ve Freze>Matkap Uçları>Uzun Matkap Uçları;150;5.57;USD;264.7;20;https://raw.githubusercontent.com/dumanonur42-rgb/ticimax-stok/main/gorseller/4%20MM%20Extra%20Uzun%20Matkap%20Ucu%20HSS%201869-2%20GT100%20ER%C4%B0C%20-%202T1869040.jpg;https://talhateknik.diaeticaret.com/4mm-extra-uzun-matkap-ucu-hss-1869-2-gt100-eric-p6035
3T1869040;4 MM Extra Uzun Matkap Ucu HSS 1869-3 GT100 ERİC;ERİC;Matkap ve Freze>Matkap Uçları>Uzun Matkap Uçları;190;8.15;USD;387.31;20;https://raw.githubusercontent.com/dumanonur42-rgb/ticimax-stok/main/gorseller/4%20MM%20Extra%20Uzun%20Matkap%20Ucu%20HSS%201869-3%20GT100%20ER%C4%B0C%20-%203T1869040.jpg;https://talhateknik.diaeticaret.com/4mm-extra-uzun-matkap-ucu-hss-1869-3-gt100-eric-p6059
T340040;4 MM Uzun Taşlanmış Matkap Ucu HSS DIN340RN ERİC;ERİC;Matkap ve Freze>Matkap Uçları>Uzun Matkap Uçları;2730;1.35;USD;64.16;20;https://raw.githubusercontent.com/dumanonur42-rgb/ticimax-stok/main/gorseller/4%20MM%20Uzun%20Ta%C5%9Flanm%C4%B1%C5%9F%20Matkap%20Ucu%20HSS%20DIN340RN%20ER%C4%B0C%20-%20T340040.jpg;https://talhateknik.diaeticaret.com/4mm-uzun-taslanmis-matkap-ucu-hss-din340rn-eric-p5921
1T1869052;5,2 MM Extra Uzun Matkap Ucu HSS 1869-1 GT100 ERİC;ERİC;Matkap ve Freze>Matkap Uçları>Uzun Matkap Uçları;420;8.0;USD;380.18;20;https://raw.githubusercontent.com/dumanonur42-rgb/ticimax-stok/main/gorseller/5%2C2%20MM%20Extra%20Uzun%20Matkap%20Ucu%20HSS%201869-1%20GT100%20ER%C4%B0C%20-%201T1869052.jpg;https://talhateknik.diaeticaret.com/5-2mm-extra-uzun-matkap-ucu-hss-1869-1-gt100-eric-p6011
2T1869052;5,2 MM Extra Uzun Matkap Ucu HSS 1869-2 GT100 ERİC;ERİC;Matkap ve Freze>Matkap Uçları>Uzun Matkap Uçları;180;10.3;USD;489.49;20;https://raw.githubusercontent.com/dumanonur42-rgb/ticimax-stok/main/gorseller/5%2C2%20MM%20Extra%20Uzun%20Matkap%20Ucu%20HSS%201869-2%20GT100%20ER%C4%B0C%20-%202T1869052.jpg;https://talhateknik.diaeticaret.com/5-2mm-extra-uzun-matkap-ucu-hss-1869-2-gt100-eric-p11279
3T1869052;5,2 MM Extra Uzun Matkap Ucu HSS 1869-3 GT100 ERİC;ERİC;Matkap ve Freze>Matkap Uçları>Uzun Matkap Uçları;150;13.88;USD;659.62;20;https://raw.githubusercontent.com/dumanonur42-rgb/ticimax-stok/main/gorseller/5%2C2%20MM%20Extra%20Uzun%20Matkap%20Ucu%20HSS%201869-3%20GT100%20ER%C4%B0C%20-%203T1869052.jpg;https://talhateknik.diaeticaret.com/5-2mm-extra-uzun-matkap-ucu-hss-1869-3-gt100-eric-p11282
T340052;5,2 MM Uzun Taşlanmış Matkap Ucu HSS DIN340RN ERİC;ERİC;Matkap ve Freze>Matkap Uçları>Uzun Matkap Uçları;1910;2.2;USD;104.55;20;https://raw.githubusercontent.com/dumanonur42-rgb/ticimax-stok/main/gorseller/5%2C2%20MM%20Uzun%20Ta%C5%9Flanm%C4%B1%C5%9F%20Matkap%20Ucu%20HSS%20DIN340RN%20ER%C4%B0C%20-%20T340052.jpg;https://talhateknik.diaeticaret.com/5-2mm-uzun-taslanmis-matkap-ucu-hss-din340rn-eric-p5925
1T1869055;5,5 MM Extra Uzun Matkap Ucu HSS 1869-1 GT100 ERİC;ERİC;Matkap ve Freze>Matkap Uçları>Uzun Matkap Uçları;380;8.0;USD;380.18;20;https://raw.githubusercontent.com/dumanonur42-rgb/ticimax-stok/main/gorseller/5%2C5%20MM%20Extra%20Uzun%20Matkap%20Ucu%20HSS%201869-1%20GT100%20ER%C4%B0C%20-%201T1869055.jpg;https://talhateknik.diaeticaret.com/5-5mm-extra-uzun-matkap-ucu-hss-1869-1-gt100-eric-p6012
2T1869055;5,5 MM Extra Uzun Matkap Ucu HSS 1869-2 GT100 ERİC;ERİC;Matkap ve Freze>Matkap Uçları>Uzun Matkap Uçları;140;10.31;USD;489.96;20;https://raw.githubusercontent.com/dumanonur42-rgb/ticimax-stok/main/gorseller/5%2C5%20MM%20Extra%20Uzun%20Matkap%20Ucu%20HSS%201869-2%20GT100%20ER%C4%B0C%20-%202T1869055.jpg;https://talhateknik.diaeticaret.com/5-5mm-extra-uzun-matkap-ucu-hss-1869-2-gt100-eric-p6039
3T1869055;5,5 MM Extra Uzun Matkap Ucu HSS 1869-3 GT100 ERİC;ERİC;Matkap ve Freze>Matkap Uçları>Uzun Matkap Uçları;100;13.88;USD;659.62;20;https://raw.githubusercontent.com/dumanonur42-rgb/ticimax-stok/main/gorseller/5%2C5%20MM%20Extra%20Uzun%20Matkap%20Ucu%20HSS%201869-3%20GT100%20ER%C4%B0C%20-%203T1869055.jpg;https://talhateknik.diaeticaret.com/5-5mm-extra-uzun-matkap-ucu-hss-1869-3-gt100-eric-p6062
T340055;5,5 MM Uzun Taşlanmış Matkap Ucu HSS DIN340RN ERİC;ERİC;Matkap ve Freze>Matkap Uçları>Uzun Matkap Uçları;980;2.2;USD;104.55;20;https://raw.githubusercontent.com/dumanonur42-rgb/ticimax-stok/main/gorseller/5%2C5%20MM%20Uzun%20Ta%C5%9Flanm%C4%B1%C5%9F%20Matkap%20Ucu%20HSS%20DIN340RN%20ER%C4%B0C%20-%20T340055.jpg;https://talhateknik.diaeticaret.com/5-5mm-uzun-taslanmis-matkap-ucu-hss-din340rn-eric-p5926
1T1869050;5 MM Extra Uzun Matkap Ucu HSS 1869-1 GT100 ERİC;ERİC;Matkap ve Freze>Matkap Uçları>Uzun Matkap Uçları;270;6.66;USD;316.5;20;https://raw.githubusercontent.com/dumanonur42-rgb/ticimax-stok/main/gorseller/5%20MM%20Extra%20Uzun%20Matkap%20Ucu%20HSS%201869-1%20GT100%20ER%C4%B0C%20-%201T1869050.jpg;https://talhateknik.diaeticaret.com/5mm-extra-uzun-matkap-ucu-hss-1869-1-gt100-eric-p6010
2T1869050;5 MM Extra Uzun Matkap Ucu HSS 1869-2 GT100 ERİC;ERİC;Matkap ve Freze>Matkap Uçları>Uzun Matkap Uçları;170;8.82;USD;419.15;20;https://raw.githubusercontent.com/dumanonur42-rgb/ticimax-stok/main/gorseller/5%20MM%20Extra%20Uzun%20Matkap%20Ucu%20HSS%201869-2%20GT100%20ER%C4%B0C%20-%202T1869050.jpg;https://talhateknik.diaeticaret.com/5mm-extra-uzun-matkap-ucu-hss-1869-2-gt100-eric-p6038
3T1869050;5 MM Extra Uzun Matkap Ucu HSS 1869-3 GT100 ERİC;ERİC;Matkap ve Freze>Matkap Uçları>Uzun Matkap Uçları;200;11.72;USD;556.97;20;https://raw.githubusercontent.com/dumanonur42-rgb/ticimax-stok/main/gorseller/5%20MM%20Extra%20Uzun%20Matkap%20Ucu%20HSS%201869-3%20GT100%20ER%C4%B0C%20-%203T1869050.jpg;https://talhateknik.diaeticaret.com/5mm-extra-uzun-matkap-ucu-hss-1869-3-gt100-eric-p6061
T340050;5 MM Uzun Taşlanmış Matkap Ucu HSS DIN340RN ERİC;ERİC;Matkap ve Freze>Matkap Uçları>Uzun Matkap Uçları;1770;1.95;USD;92.67;20;https://raw.githubusercontent.com/dumanonur42-rgb/ticimax-stok/main/gorseller/5%20MM%20Uzun%20Ta%C5%9Flanm%C4%B1%C5%9F%20Matkap%20Ucu%20HSS%20DIN340RN%20ER%C4%B0C%20-%20T340050.jpg;https://talhateknik.diaeticaret.com/5mm-uzun-taslanmis-matkap-ucu-hss-din340rn-eric-p5924
1T1869065;6,5 MM Extra Uzun Matkap Ucu HSS 1869-1 GT100 ERİC;ERİC;Matkap ve Freze>Matkap Uçları>Uzun Matkap Uçları;400;11.2;USD;532.26;20;https://raw.githubusercontent.com/dumanonur42-rgb/ticimax-stok/main/gorseller/6%2C5%20MM%20Extra%20Uzun%20Matkap%20Ucu%20HSS%201869-1%20GT100%20ER%C4%B0C%20-%201T1869065.jpg;https://talhateknik.diaeticaret.com/6-5mm-extra-uzun-matkap-ucu-hss-1869-1-gt100-eric-p6014
2T1869065;6,5 MM Extra Uzun Matkap Ucu HSS 1869-2 GT100 ERİC;ERİC;Matkap ve Freze>Matkap Uçları>Uzun Matkap Uçları;180;14.17;USD;673.4;20;https://raw.githubusercontent.com/dumanonur42-rgb/ticimax-stok/main/gorseller/6%2C5%20MM%20Extra%20Uzun%20Matkap%20Ucu%20HSS%201869-2%20GT100%20ER%C4%B0C%20-%202T1869065.jpg;https://talhateknik.diaeticaret.com/6-5mm-extra-uzun-matkap-ucu-hss-1869-2-gt100-eric-p6041
3T1869065;6,5 MM Extra Uzun Matkap Ucu HSS 1869-3 GT100 ERİC;ERİC;Matkap ve Freze>Matkap Uçları>Uzun Matkap Uçları;130;20.03;USD;951.88;20;https://raw.githubusercontent.com/dumanonur42-rgb/ticimax-stok/main/gorseller/6%2C5%20MM%20Extra%20Uzun%20Matkap%20Ucu%20HSS%201869-3%20GT100%20ER%C4%B0C%20-%203T1869065.jpg;https://talhateknik.diaeticaret.com/6-5mm-extra-uzun-matkap-ucu-hss-1869-3-gt100-eric-p6064
T340065;6,5 MM Uzun Taşlanmış Matkap Ucu HSS DIN340RN ERİC;ERİC;Matkap ve Freze>Matkap Uçları>Uzun Matkap Uçları;1940;3.15;USD;149.7;20;https://raw.githubusercontent.com/dumanonur42-rgb/ticimax-stok/main/gorseller/6%2C5%20MM%20Uzun%20Ta%C5%9Flanm%C4%B1%C5%9F%20Matkap%20Ucu%20HSS%20DIN340RN%20ER%C4%B0C%20-%20T340065.jpg;https://talhateknik.diaeticaret.com/6-5mm-uzun-taslanmis-matkap-ucu-hss-din340rn-eric-p5928
1T1869068;6,8 MM Extra Uzun Matkap Ucu HSS 1869-1 GT100 ERİC;ERİC;Matkap ve Freze>Matkap Uçları>Uzun Matkap Uçları;0;11.75;USD;558.39;20;https://raw.githubusercontent.com/dumanonur42-rgb/ticimax-stok/main/gorseller/6%2C8%20MM%20Extra%20Uzun%20Matkap%20Ucu%20HSS%201869-1%20GT100%20ER%C4%B0C%20-%201T1869068.jpg;https://talhateknik.diaeticaret.com/6-8mm-extra-uzun-matkap-ucu-hss-1869-1-gt100-eric-p6015
1T1869060;6 MM Extra Uzun Matkap Ucu HSS 1869-1 GT100 ERİC;ERİC;Matkap ve Freze>Matkap Uçları>Uzun Matkap Uçları;330;9.28;USD;441.01;20;https://raw.githubusercontent.com/dumanonur42-rgb/ticimax-stok/main/gorseller/6%20MM%20Extra%20Uzun%20Matkap%20Ucu%20HSS%201869-1%20GT100%20ER%C4%B0C%20-%201T1869060.jpg;https://talhateknik.diaeticaret.com/6mm-extra-uzun-matkap-ucu-hss-1869-1-gt100-eric-p6013
2T1869060;6 MM Extra Uzun Matkap Ucu HSS 1869-2 GT100 ERİC;ERİC;Matkap ve Freze>Matkap Uçları>Uzun Matkap Uçları;170;12.22;USD;580.73;20;https://raw.githubusercontent.com/dumanonur42-rgb/ticimax-stok/main/gorseller/6%20MM%20Extra%20Uzun%20Matkap%20Ucu%20HSS%201869-2%20GT100%20ER%C4%B0C%20-%202T1869060.jpg;https://talhateknik.diaeticaret.com/6mm-extra-uzun-matkap-ucu-hss-1869-2-gt100-eric-p6040
3T1869060;6 MM Extra Uzun Matkap Ucu HSS 1869-3 GT100 ERİC;ERİC;Matkap ve Freze>Matkap Uçları>Uzun Matkap Uçları;190;14.66;USD;696.69;20;https://raw.githubusercontent.com/dumanonur42-rgb/ticimax-stok/main/gorseller/6%20MM%20Extra%20Uzun%20Matkap%20Ucu%20HSS%201869-3%20GT100%20ER%C4%B0C%20-%203T1869060.jpg;https://talhateknik.diaeticaret.com/6mm-extra-uzun-matkap-ucu-hss-1869-3-gt100-eric-p6063
T340060;6 MM Uzun Taşlanmış Matkap Ucu HSS DIN340RN ERİC;ERİC;Matkap ve Freze>Matkap Uçları>Uzun Matkap Uçları;1850;2.65;USD;125.94;20;https://raw.githubusercontent.com/dumanonur42-rgb/ticimax-stok/main/gorseller/6%20MM%20Uzun%20Ta%C5%9Flanm%C4%B1%C5%9F%20Matkap%20Ucu%20HSS%20DIN340RN%20ER%C4%B0C%20-%20T340060.jpg;https://talhateknik.diaeticaret.com/6mm-uzun-taslanmis-matkap-ucu-hss-din340rn-eric-p5927
1T1869075;7,5 MM Extra Uzun Matkap Ucu HSS 1869-1 GT100 ERİC;ERİC;Matkap ve Freze>Matkap Uçları>Uzun Matkap Uçları;30;12.74;USD;605.44;20;https://raw.githubusercontent.com/dumanonur42-rgb/ticimax-stok/main/gorseller/7%2C5%20MM%20Extra%20Uzun%20Matkap%20Ucu%20HSS%201869-1%20GT100%20ER%C4%B0C%20-%201T1869075.jpg;https://talhateknik.diaeticaret.com/7-5mm-extra-uzun-matkap-ucu-hss-1869-1-gt100-eric-p6017
2T1869075;7,5 MM Extra Uzun Matkap Ucu HSS 1869-2 GT100 ERİC;ERİC;Matkap ve Freze>Matkap Uçları>Uzun Matkap Uçları;90;16.5;USD;784.13;20;https://raw.githubusercontent.com/dumanonur42-rgb/ticimax-stok/main/gorseller/7%2C5%20MM%20Extra%20Uzun%20Matkap%20Ucu%20HSS%201869-2%20GT100%20ER%C4%B0C%20-%202T1869075.jpg;https://talhateknik.diaeticaret.com/7-5mm-extra-uzun-matkap-ucu-hss-1869-2-gt100-eric-p6043
3T1869075;7,5 MM Extra Uzun Matkap Ucu HSS 1869-3 GT100 ERİC;ERİC;Matkap ve Freze>Matkap Uçları>Uzun Matkap Uçları;100;24.51;USD;1164.79;20;https://raw.githubusercontent.com/dumanonur42-rgb/ticimax-stok/main/gorseller/7%2C5%20MM%20Extra%20Uzun%20Matkap%20Ucu%20HSS%201869-3%20GT100%20ER%C4%B0C%20-%203T1869075.jpg;https://talhateknik.diaeticaret.com/7-5mm-extra-uzun-matkap-ucu-hss-1869-3-gt100-eric-p6066
T340075;7,5 MM Uzun Taşlanmış Matkap Ucu HSS DIN340RN ERİC;ERİC;Matkap ve Freze>Matkap Uçları>Uzun Matkap Uçları;180;4.0;USD;190.09;20;https://raw.githubusercontent.com/dumanonur42-rgb/ticimax-stok/main/gorseller/7%2C5%20MM%20Uzun%20Ta%C5%9Flanm%C4%B1%C5%9F%20Matkap%20Ucu%20HSS%20DIN340RN%20ER%C4%B0C%20-%20T340075.jpg;https://talhateknik.diaeticaret.com/7-5mm-uzun-taslanmis-matkap-ucu-hss-din340rn-eric-p5930
1T1869070;7 MM Extra Uzun Matkap Ucu HSS 1869-1 GT100 ERİC;ERİC;Matkap ve Freze>Matkap Uçları>Uzun Matkap Uçları;100;11.75;USD;558.39;20;https://raw.githubusercontent.com/dumanonur42-rgb/ticimax-stok/main/gorseller/7%20MM%20Extra%20Uzun%20Matkap%20Ucu%20HSS%201869-1%20GT100%20ER%C4%B0C%20-%201T1869070.jpg;https://talhateknik.diaeticaret.com/7mm-extra-uzun-matkap-ucu-hss-1869-1-gt100-eric-p6016
2T1869070;7 MM Extra Uzun Matkap Ucu HSS 1869-2 GT100 ERİC;ERİC;Matkap ve Freze>Matkap Uçları>Uzun Matkap Uçları;80;15.64;USD;743.26;20;https://raw.githubusercontent.com/dumanonur42-rgb/ticimax-stok/main/gorseller/7%20MM%20Extra%20Uzun%20Matkap%20Ucu%20HSS%201869-2%20GT100%20ER%C4%B0C%20-%202T1869070.jpg;https://talhateknik.diaeticaret.com/7mm-extra-uzun-matkap-ucu-hss-1869-2-gt100-eric-p6042
3T1869070;7 MM Extra Uzun Matkap Ucu HSS 1869-3 GT100 ERİC;ERİC;Matkap ve Freze>Matkap Uçları>Uzun Matkap Uçları;100;23.45;USD;1114.41;20;https://raw.githubusercontent.com/dumanonur42-rgb/ticimax-stok/main/gorseller/7%20MM%20Extra%20Uzun%20Matkap%20Ucu%20HSS%201869-3%20GT100%20ER%C4%B0C%20-%203T1869070.jpg;https://talhateknik.diaeticaret.com/7mm-extra-uzun-matkap-ucu-hss-1869-3-gt100-eric-p6065
T340070;7 MM Uzun Taşlanmış Matkap Ucu HSS DIN340RN ERİC;ERİC;Matkap ve Freze>Matkap Uçları>Uzun Matkap Uçları;200;3.55;USD;168.71;20;https://raw.githubusercontent.com/dumanonur42-rgb/ticimax-stok/main/gorseller/7%20MM%20Uzun%20Ta%C5%9Flanm%C4%B1%C5%9F%20Matkap%20Ucu%20HSS%20DIN340RN%20ER%C4%B0C%20-%20T340070.jpg;https://talhateknik.diaeticaret.com/7mm-uzun-taslanmis-matkap-ucu-hss-din340rn-eric-p5929
1T1869085;8,5 MM Extra Uzun Matkap Ucu HSS 1869-1 GT100 ERİC;ERİC;Matkap ve Freze>Matkap Uçları>Uzun Matkap Uçları;150;16.03;USD;761.79;20;https://raw.githubusercontent.com/dumanonur42-rgb/ticimax-stok/main/gorseller/8%2C5%20MM%20Extra%20Uzun%20Matkap%20Ucu%20HSS%201869-1%20GT100%20ER%C4%B0C%20-%201T1869085.jpg;https://talhateknik.diaeticaret.com/8-5mm-extra-uzun-matkap-ucu-hss-1869-1-gt100-eric-p6019
2T1869085;8,5 MM Extra Uzun Matkap Ucu HSS 1869-2 GT100 ERİC;ERİC;Matkap ve Freze>Matkap Uçları>Uzun Matkap Uçları;130;20.74;USD;985.62;20;https://raw.githubusercontent.com/dumanonur42-rgb/ticimax-stok/main/gorseller/8%2C5%20MM%20Extra%20Uzun%20Matkap%20Ucu%20HSS%201869-2%20GT100%20ER%C4%B0C%20-%202T1869085.jpg;https://talhateknik.diaeticaret.com/8-5mm-extra-uzun-matkap-ucu-hss-1869-2-gt100-eric-p6045
3T1869085;8,5 MM Extra Uzun Matkap Ucu HSS 1869-3 GT100 ERİC;ERİC;Matkap ve Freze>Matkap Uçları>Uzun Matkap Uçları;140;32.06;USD;1523.58;20;https://raw.githubusercontent.com/dumanonur42-rgb/ticimax-stok/main/gorseller/8%2C5%20MM%20Extra%20Uzun%20Matkap%20Ucu%20HSS%201869-3%20GT100%20ER%C4%B0C%20-%203T1869085.jpg;https://talhateknik.diaeticaret.com/8-5mm-extra-uzun-matkap-ucu-hss-1869-3-gt100-eric-p6068
T340085;8,5 MM Uzun Taşlanmış Matkap Ucu HSS DIN340RN ERİC;ERİC;Matkap ve Freze>Matkap Uçları>Uzun Matkap Uçları;360;5.2;USD;247.12;20;https://raw.githubusercontent.com/dumanonur42-rgb/ticimax-stok/main/gorseller/8%2C5%20MM%20Uzun%20Ta%C5%9Flanm%C4%B1%C5%9F%20Matkap%20Ucu%20HSS%20DIN340RN%20ER%C4%B0C%20-%20T340085.jpg;https://talhateknik.diaeticaret.com/8-5mm-uzun-taslanmis-matkap-ucu-hss-din340rn-eric-p5932
1T1869080;8 MM Extra Uzun Matkap Ucu HSS 1869-1 GT100 ERİC;ERİC;Matkap ve Freze>Matkap Uçları>Uzun Matkap Uçları;130;15.09;USD;717.12;20;https://raw.githubusercontent.com/dumanonur42-rgb/ticimax-stok/main/gorseller/8%20MM%20Extra%20Uzun%20Matkap%20Ucu%20HSS%201869-1%20GT100%20ER%C4%B0C%20-%201T1869080.jpg;https://talhateknik.diaeticaret.com/8mm-extra-uzun-matkap-ucu-hss-1869-1-gt100-eric-p6018
2T1869080;8 MM Extra Uzun Matkap Ucu HSS 1869-2 GT100 ERİC;ERİC;Matkap ve Freze>Matkap Uçları>Uzun Matkap Uçları;140;18.86;USD;896.28;20;https://raw.githubusercontent.com/dumanonur42-rgb/ticimax-stok/main/gorseller/8%20MM%20Extra%20Uzun%20Matkap%20Ucu%20HSS%201869-2%20GT100%20ER%C4%B0C%20-%202T1869080.jpg;https://talhateknik.diaeticaret.com/8mm-extra-uzun-matkap-ucu-hss-1869-2-gt100-eric-p6044
3T1869080;8 MM Extra Uzun Matkap Ucu HSS 1869-3 GT100 ERİC;ERİC;Matkap ve Freze>Matkap Uçları>Uzun Matkap Uçları;190;29.23;USD;1389.09;20;https://raw.githubusercontent.com/dumanonur42-rgb/ticimax-stok/main/gorseller/8%20MM%20Extra%20Uzun%20Matkap%20Ucu%20HSS%201869-3%20GT100%20ER%C4%B0C%20-%203T1869080.jpg;https://talhateknik.diaeticaret.com/8mm-extra-uzun-matkap-ucu-hss-1869-3-gt100-eric-p6067
T340080;8 MM Uzun Taşlanmış Matkap Ucu HSS DIN340RN ERİC;ERİC;Matkap ve Freze>Matkap Uçları>Uzun Matkap Uçları;430;4.65;USD;220.98;20;https://raw.githubusercontent.com/dumanonur42-rgb/ticimax-stok/main/gorseller/8%20MM%20Uzun%20Ta%C5%9Flanm%C4%B1%C5%9F%20Matkap%20Ucu%20HSS%20DIN340RN%20ER%C4%B0C%20-%20T340080.jpg;https://talhateknik.diaeticaret.com/8mm-uzun-taslanmis-matkap-ucu-hss-din340rn-eric-p5931
1T1869095;9,5 MM Extra Uzun Matkap Ucu HSS 1869-1 GT100 ERİC;ERİC;Matkap ve Freze>Matkap Uçları>Uzun Matkap Uçları;85;18.86;USD;896.28;20;https://raw.githubusercontent.com/dumanonur42-rgb/ticimax-stok/main/gorseller/9%2C5%20MM%20Extra%20Uzun%20Matkap%20Ucu%20HSS%201869-1%20GT100%20ER%C4%B0C%20-%201T1869095.jpg;https://talhateknik.diaeticaret.com/9-5mm-extra-uzun-matkap-ucu-hss-1869-1-gt100-eric-p6021
2T1869095;9,5 MM Extra Uzun Matkap Ucu HSS 1869-2 GT100 ERİC;ERİC;Matkap ve Freze>Matkap Uçları>Uzun Matkap Uçları;95;26.39;USD;1254.13;20;https://raw.githubusercontent.com/dumanonur42-rgb/ticimax-stok/main/gorseller/9%2C5%20MM%20Extra%20Uzun%20Matkap%20Ucu%20HSS%201869-2%20GT100%20ER%C4%B0C%20-%202T1869095.jpg;https://talhateknik.diaeticaret.com/9-5mm-extra-uzun-matkap-ucu-hss-1869-2-gt100-eric-p6047
3T1869095;9,5 MM Extra Uzun Matkap Ucu HSS 1869-3 GT100 ERİC;ERİC;Matkap ve Freze>Matkap Uçları>Uzun Matkap Uçları;100;39.59;USD;1881.43;20;https://raw.githubusercontent.com/dumanonur42-rgb/ticimax-stok/main/gorseller/9%2C5%20MM%20Extra%20Uzun%20Matkap%20Ucu%20HSS%201869-3%20GT100%20ER%C4%B0C%20-%203T1869095.jpg;https://talhateknik.diaeticaret.com/9-5mm-extra-uzun-matkap-ucu-hss-1869-3-gt100-eric-p6070
T340095;9,5 MM Uzun Taşlanmış Matkap Ucu HSS DIN340RN ERİC;ERİC;Matkap ve Freze>Matkap Uçları>Uzun Matkap Uçları;190;6.45;USD;306.52;20;https://raw.githubusercontent.com/dumanonur42-rgb/ticimax-stok/main/gorseller/9%2C5%20MM%20Uzun%20Ta%C5%9Flanm%C4%B1%C5%9F%20Matkap%20Ucu%20HSS%20DIN340RN%20ER%C4%B0C%20-%20T340095.jpg;https://talhateknik.diaeticaret.com/9-5mm-uzun-taslanmis-matkap-ucu-hss-din340rn-eric-p5934
1T1869090;9 MM Extra Uzun Matkap Ucu HSS 1869-1 GT100 ERİC;ERİC;Matkap ve Freze>Matkap Uçları>Uzun Matkap Uçları;80;17.91;USD;851.14;20;https://raw.githubusercontent.com/dumanonur42-rgb/ticimax-stok/main/gorseller/9%20MM%20Extra%20Uzun%20Matkap%20Ucu%20HSS%201869-1%20GT100%20ER%C4%B0C%20-%201T1869090.jpg;https://talhateknik.diaeticaret.com/9mm-extra-uzun-matkap-ucu-hss-1869-1-gt100-eric-p6020
2T1869090;9 MM Extra Uzun Matkap Ucu HSS 1869-2 GT100 ERİC;ERİC;Matkap ve Freze>Matkap Uçları>Uzun Matkap Uçları;90;24.51;USD;1164.79;20;https://raw.githubusercontent.com/dumanonur42-rgb/ticimax-stok/main/gorseller/9%20MM%20Extra%20Uzun%20Matkap%20Ucu%20HSS%201869-2%20GT100%20ER%C4%B0C%20-%202T1869090.jpg;https://talhateknik.diaeticaret.com/9mm-extra-uzun-matkap-ucu-hss-1869-2-gt100-eric-p6046
3T1869090;9 MM Extra Uzun Matkap Ucu HSS 1869-3 GT100 ERİC;ERİC;Matkap ve Freze>Matkap Uçları>Uzun Matkap Uçları;100;37.71;USD;1792.09;20;https://raw.githubusercontent.com/dumanonur42-rgb/ticimax-stok/main/gorseller/9%20MM%20Extra%20Uzun%20Matkap%20Ucu%20HSS%201869-3%20GT100%20ER%C4%B0C%20-%203T1869090.jpg;https://talhateknik.diaeticaret.com/9mm-extra-uzun-matkap-ucu-hss-1869-3-gt100-eric-p6069
T340090;9 MM Uzun Taşlanmış Matkap Ucu HSS DIN340RN ERİC;ERİC;Matkap ve Freze>Matkap Uçları>Uzun Matkap Uçları;170;6.15;USD;292.27;20;https://raw.githubusercontent.com/dumanonur42-rgb/ticimax-stok/main/gorseller/9%20MM%20Uzun%20Ta%C5%9Flanm%C4%B1%C5%9F%20Matkap%20Ucu%20HSS%20DIN340RN%20ER%C4%B0C%20-%20T340090.jpg;https://talhateknik.diaeticaret.com/9mm-uzun-taslanmis-matkap-ucu-hss-din340rn-eric-p5933
T333A125;1,25 MM Punta Matkabı HSS DIN333A ERİC;ERİC;Matkap ve Freze>Punta Matkapları;1420;2.5;USD;118.81;20;https://raw.githubusercontent.com/dumanonur42-rgb/ticimax-stok/main/gorseller/1%2C25%20MM%20Punta%20Matkab%C4%B1%20HSS%20DIN333A%20ER%C4%B0C%20-%20T333A125.jpg;https://talhateknik.diaeticaret.com/1-25mm-punta-matkabi-hss-din333a-eric-p3397
1600 0300160;1,6 MM HSS Punta Matkabı DIN333A BOHRCRAFT;BOHRCRAFT;Matkap ve Freze>Punta Matkapları;0;3.3;EUR;180.76;20;https://raw.githubusercontent.com/dumanonur42-rgb/ticimax-stok/main/gorseller/1%2C6%20MM%20HSS%20Punta%20Matkab%C4%B1%20DIN333A%20BOHRCRAFT%20-%201600%200300160.jpg;https://talhateknik.diaeticaret.com/1-6mm-hss-punta-matkabi-din333a-bohrcraft-p4983
T333A160;1,6 MM Punta Matkabı HSS DIN333A ERİC;ERİC;Matkap ve Freze>Punta Matkapları;1818;2.0;USD;95.05;20;https://raw.githubusercontent.com/dumanonur42-rgb/ticimax-stok/main/gorseller/1%2C6%20MM%20Punta%20Matkab%C4%B1%20HSS%20DIN333A%20ER%C4%B0C%20-%20T333A160.jpg;https://talhateknik.diaeticaret.com/1-6mm-punta-matkabi-hss-din333a-eric-p1780
1600 0301000;10 MM HSS Punta Matkabı DIN333A BOHRCRAFT;BOHRCRAFT;Matkap ve Freze>Punta Matkapları;10;63.6;EUR;3483.68;20;https://raw.githubusercontent.com/dumanonur42-rgb/ticimax-stok/main/gorseller/10%20MM%20HSS%20Punta%20Matkab%C4%B1%20DIN333A%20BOHRCRAFT%20-%201600%200301000.jpg;https://talhateknik.diaeticaret.com/10mm-hss-punta-matkabi-din333a-bohrcraft-p4991
TCO333A1000;10 MM HSSE Cobaltlı Punta Matkabı DIN333A ERİC;ERİC;Matkap ve Freze>Punta Matkapları;0;65.0;USD;3088.99;20;https://raw.githubusercontent.com/dumanonur42-rgb/ticimax-stok/main/gorseller/10%20MM%20HSSE%20Cobaltl%C4%B1%20Punta%20Matkab%C4%B1%20DIN333A%20ER%C4%B0C%20-%20TCO333A1000.jpg;https://talhateknik.diaeticaret.com/10mm-hsse-cobaltli-punta-matkabi-din333a-eric-p5622
TNC12010;10 MM NC 120DERECE Karbür Punta Matkabı ERİC;ERİC;Matkap ve Freze>Punta Matkapları;84;80.0;USD;3801.83;20;https://raw.githubusercontent.com/dumanonur42-rgb/ticimax-stok/main/gorseller/10%20MM%20NC%20120DERECE%20Karb%C3%BCr%20Punta%20Matkab%C4%B1%20ER%C4%B0C%20-%20TNC12010.jpg;https://talhateknik.diaeticaret.com/10mm-nc-120derece-karbur-punta-matkabi-eric-p4388
TNC09010;10 MM NC 90DERECE Karbür Punta Matkabı ERİC;ERİC;Matkap ve Freze>Punta Matkapları;65;80.0;USD;3801.83;20;https://raw.githubusercontent.com/dumanonur42-rgb/ticimax-stok/main/gorseller/10%20MM%20NC%2090DERECE%20Karb%C3%BCr%20Punta%20Matkab%C4%B1%20ER%C4%B0C%20-%20TNC09010.jpg;https://talhateknik.diaeticaret.com/10mm-nc-90derece-karbur-punta-matkabi-eric-p4382
T333A1000;10 MM Punta Matkabı HSS DIN333A ERİC;ERİC;Matkap ve Freze>Punta Matkapları;297;43.5;USD;2067.25;20;https://raw.githubusercontent.com/dumanonur42-rgb/ticimax-stok/main/gorseller/10%20MM%20Punta%20Matkab%C4%B1%20HSS%20DIN333A%20ER%C4%B0C%20-%20T333A1000.jpg;https://talhateknik.diaeticaret.com/10mm-punta-matkabi-hss-din333a-eric-p1788
1801 0301000;10 MM Punta Çürütme Matkabı HSSE DIN1897 BOHRCRAFT;BOHRCRAFT;Matkap ve Freze>Punta Matkapları;14;16.36;EUR;896.12;20;https://raw.githubusercontent.com/dumanonur42-rgb/ticimax-stok/main/gorseller/10%20MM%20Punta%20%C3%87%C3%BCr%C3%BCtme%20Matkab%C4%B1%20HSSE%20DIN1897%20BOHRCRAFT%20-%201801%200301000.jpg;https://talhateknik.diaeticaret.com/10mm-punta-curutme-matkabi-hsse-din1897-bohrcraft-p4995
TNC12012;12 MM NC 120DERECE Karbür Punta Matkabı ERİC;ERİC;Matkap ve Freze>Punta Matkapları;44;115.0;USD;5465.13;20;https://raw.githubusercontent.com/dumanonur42-rgb/ticimax-stok/main/gorseller/12%20MM%20NC%20120DERECE%20Karb%C3%BCr%20Punta%20Matkab%C4%B1%20ER%C4%B0C%20-%20TNC12012.jpg;https://talhateknik.diaeticaret.com/12mm-nc-120derece-karbur-punta-matkabi-eric-p4389
TNC09012;12 MM NC 90DERECE Karbür Punta Matkabı ERİC;ERİC;Matkap ve Freze>Punta Matkapları;41;115.0;USD;5465.13;20;https://raw.githubusercontent.com/dumanonur42-rgb/ticimax-stok/main/gorseller/12%20MM%20NC%2090DERECE%20Karb%C3%BCr%20Punta%20Matkab%C4%B1%20ER%C4%B0C%20-%20TNC09012.jpg;https://talhateknik.diaeticaret.com/12mm-nc-90derece-karbur-punta-matkabi-eric-p4383
T333A100;1 MM Punta Matkabı HSS DIN333A ERİC;ERİC;Matkap ve Freze>Punta Matkapları;910;2.5;USD;118.81;20;https://raw.githubusercontent.com/dumanonur42-rgb/ticimax-stok/main/gorseller/1%20MM%20Punta%20Matkab%C4%B1%20HSS%20DIN333A%20ER%C4%B0C%20-%20T333A100.jpg;https://talhateknik.diaeticaret.com/1mm-punta-matkabi-hss-din333a-eric-p1779
1600 0300250;2,5 MM HSS Punta Matkabı DIN333A BOHRCRAFT;BOHRCRAFT;Matkap ve Freze>Punta Matkapları;160;4.32;EUR;236.63;20;https://raw.githubusercontent.com/dumanonur42-rgb/ticimax-stok/main/gorseller/2%2C5%20MM%20HSS%20Punta%20Matkab%C4%B1%20DIN333A%20BOHRCRAFT%20-%201600%200300250.jpg;https://talhateknik.diaeticaret.com/2-5mm-hss-punta-matkabi-din333a-bohrcraft-p4985
TCO333A250;2,5 MM HSSE Cobaltlı Punta Matkabı DIN333A ERİC;ERİC;Matkap ve Freze>Punta Matkapları;822;3.9;USD;185.34;20;https://raw.githubusercontent.com/dumanonur42-rgb/ticimax-stok/main/gorseller/2%2C5%20MM%20HSSE%20Cobaltl%C4%B1%20Punta%20Matkab%C4%B1%20DIN333A%20ER%C4%B0C%20-%20TCO333A250.jpg;https://talhateknik.diaeticaret.com/2-5mm-hsse-cobaltli-punta-matkabi-din333a-eric-p5616
TK33325;2,5 MM Karbür Punta Matkabı ERİC;ERİC;Matkap ve Freze>Punta Matkapları;233;37.0;USD;1758.35;20;https://raw.githubusercontent.com/dumanonur42-rgb/ticimax-stok/main/gorseller/2%2C5%20MM%20Karb%C3%BCr%20Punta%20Matkab%C4%B1%20ER%C4%B0C%20-%20TK33325.jpg;https://talhateknik.diaeticaret.com/2-5mm-karbur-punta-matkabi-eric-p4396
T333A250;2,5 MM Punta Matkabı HSS DIN333A ERİC;ERİC;Matkap ve Freze>Punta Matkapları;2341;2.55;USD;121.18;20;https://raw.githubusercontent.com/dumanonur42-rgb/ticimax-stok/main/gorseller/2%2C5%20MM%20Punta%20Matkab%C4%B1%20HSS%20DIN333A%20ER%C4%B0C%20-%20T333A250.jpg;https://talhateknik.diaeticaret.com/2-5mm-punta-matkabi-hss-din333a-eric-p1782
T333U250;2,5 MM Uzun Punta Matkabı HSS DIN333A ERİC;ERİC;Matkap ve Freze>Punta Matkapları;397;5.0;USD;237.61;20;https://raw.githubusercontent.com/dumanonur42-rgb/ticimax-stok/main/gorseller/2%2C5%20MM%20Uzun%20Punta%20Matkab%C4%B1%20HSS%20DIN333A%20ER%C4%B0C%20-%20T333U250.jpg;https://talhateknik.diaeticaret.com/2-5mm-uzun-punta-matkabi-hss-din333a-eric-p1790
1600 0300200;2 MM HSS Punta Matkabı DIN333A BOHRCRAFT;BOHRCRAFT;Matkap ve Freze>Punta Matkapları;70;3.75;EUR;205.41;20;https://raw.githubusercontent.com/dumanonur42-rgb/ticimax-stok/main/gorseller/2%20MM%20HSS%20Punta%20Matkab%C4%B1%20DIN333A%20BOHRCRAFT%20-%201600%200300200.jpg;https://talhateknik.diaeticaret.com/2mm-hss-punta-matkabi-din333a-bohrcraft-p4984
TCO333A200;2 MM HSSE Cobaltlı Punta Matkabı DIN333A ERİC;ERİC;Matkap ve Freze>Punta Matkapları;384;3.4;USD;161.58;20;https://raw.githubusercontent.com/dumanonur42-rgb/ticimax-stok/main/gorseller/2%20MM%20HSSE%20Cobaltl%C4%B1%20Punta%20Matkab%C4%B1%20DIN333A%20ER%C4%B0C%20-%20TCO333A200.jpg;https://talhateknik.diaeticaret.com/2mm-hsse-cobaltli-punta-matkabi-din333a-eric-p5615
TK33302;2 MM Karbür Punta Matkabı ERİC;ERİC;Matkap ve Freze>Punta Matkapları;170;37.0;USD;1758.35;20;https://raw.githubusercontent.com/dumanonur42-rgb/ticimax-stok/main/gorseller/2%20MM%20Karb%C3%BCr%20Punta%20Matkab%C4%B1%20ER%C4%B0C%20-%20TK33302.jpg;https://talhateknik.diaeticaret.com/2mm-karbur-punta-matkabi-eric-p4395
T333A200;2 MM Punta Matkabı HSS DIN333A ERİC;ERİC;Matkap ve Freze>Punta Matkapları;1942;2.1;USD;99.8;20;https://raw.githubusercontent.com/dumanonur42-rgb/ticimax-stok/main/gorseller/2%20MM%20Punta%20Matkab%C4%B1%20HSS%20DIN333A%20ER%C4%B0C%20-%20T333A200.jpg;https://talhateknik.diaeticaret.com/2mm-punta-matkabi-hss-din333a-eric-p1781
T333U200;2 MM Uzun Punta Matkabı HSS DIN333A ERİC;ERİC;Matkap ve Freze>Punta Matkapları;695;4.7;USD;223.36;20;https://raw.githubusercontent.com/dumanonur42-rgb/ticimax-stok/main/gorseller/2%20MM%20Uzun%20Punta%20Matkab%C4%B1%20HSS%20DIN333A%20ER%C4%B0C%20-%20T333U200.jpg;https://talhateknik.diaeticaret.com/2mm-uzun-punta-matkabi-hss-din333a-eric-p1789
1600 0300315;3,15 MM HSS Punta Matkabı DIN333A BOHRCRAFT;BOHRCRAFT;Matkap ve Freze>Punta Matkapları;97;5.42;EUR;296.88;20;https://raw.githubusercontent.com/dumanonur42-rgb/ticimax-stok/main/gorseller/3%2C15%20MM%20HSS%20Punta%20Matkab%C4%B1%20DIN333A%20BOHRCRAFT%20-%201600%200300315.jpg;https://talhateknik.diaeticaret.com/3-15mm-hss-punta-matkabi-din333a-bohrcraft-p4986
TCO333A315;3,15 MM HSSE Cobaltlı Punta Matkabı DIN333A ERİC;ERİC;Matkap ve Freze>Punta Matkapları;544;5.45;USD;259.0;20;https://raw.githubusercontent.com/dumanonur42-rgb/ticimax-stok/main/gorseller/3%2C15%20MM%20HSSE%20Cobaltl%C4%B1%20Punta%20Matkab%C4%B1%20DIN333A%20ER%C4%B0C%20-%20TCO333A315.jpg;https://talhateknik.diaeticaret.com/3-15mm-hsse-cobaltli-punta-matkabi-din333a-eric-p5617
T333A315;3,15 MM Punta Matkabı HSS DIN333A ERİC;ERİC;Matkap ve Freze>Punta Matkapları;4106;3.15;USD;149.7;20;https://raw.githubusercontent.com/dumanonur42-rgb/ticimax-stok/main/gorseller/3%2C15%20MM%20Punta%20Matkab%C4%B1%20HSS%20DIN333A%20ER%C4%B0C%20-%20T333A315.jpg;https://talhateknik.diaeticaret.com/3-15mm-punta-matkabi-hss-din333a-eric-p1783
T333U315;3,15 MM Uzun Punta Matkabı HSS DIN333A ERİC;ERİC;Matkap ve Freze>Punta Matkapları;2450;6.75;USD;320.78;20;https://raw.githubusercontent.com/dumanonur42-rgb/ticimax-stok/main/gorseller/3%2C15%20MM%20Uzun%20Punta%20Matkab%C4%B1%20HSS%20DIN333A%20ER%C4%B0C%20-%20T333U315.jpg;https://talhateknik.diaeticaret.com/3-15mm-uzun-punta-matkabi-hss-din333a-eric-p1791
TK33303;3 MM Karbür Punta Matkabı ERİC;ERİC;Matkap ve Freze>Punta Matkapları;260;39.0;USD;1853.39;20;https://raw.githubusercontent.com/dumanonur42-rgb/ticimax-stok/main/gorseller/3%20MM%20Karb%C3%BCr%20Punta%20Matkab%C4%B1%20ER%C4%B0C%20-%20TK33303.jpg;https://talhateknik.diaeticaret.com/3mm-karbur-punta-matkabi-eric-p4397
1600 0300400;4 MM HSS Punta Matkabı DIN333A BOHRCRAFT;BOHRCRAFT;Matkap ve Freze>Punta Matkapları;214;8.46;EUR;463.4;20;https://raw.githubusercontent.com/dumanonur42-rgb/ticimax-stok/main/gorseller/4%20MM%20HSS%20Punta%20Matkab%C4%B1%20DIN333A%20BOHRCRAFT%20-%201600%200300400.jpg;https://talhateknik.diaeticaret.com/4mm-hss-punta-matkabi-din333a-bohrcraft-p4987
TCO333A400;4 MM HSSE Cobaltlı Punta Matkabı DIN333A ERİC;ERİC;Matkap ve Freze>Punta Matkapları;344;6.8;USD;323.16;20;https://raw.githubusercontent.com/dumanonur42-rgb/ticimax-stok/main/gorseller/4%20MM%20HSSE%20Cobaltl%C4%B1%20Punta%20Matkab%C4%B1%20DIN333A%20ER%C4%B0C%20-%20TCO333A400.jpg;https://talhateknik.diaeticaret.com/4mm-hsse-cobaltli-punta-matkabi-din333a-eric-p5618
TK33304;4 MM Karbür Punta Matkabı ERİC;ERİC;Matkap ve Freze>Punta Matkapları;195;98.0;USD;4657.24;20;https://raw.githubusercontent.com/dumanonur42-rgb/ticimax-stok/main/gorseller/4%20MM%20Karb%C3%BCr%20Punta%20Matkab%C4%B1%20ER%C4%B0C%20-%20TK33304.jpg;https://talhateknik.diaeticaret.com/4mm-karbur-punta-matkabi-eric-p4398
TNC12004;4 MM NC 120DERECE Karbür Punta Matkabı ERİC;ERİC;Matkap ve Freze>Punta Matkapları;94;10.0;USD;475.23;20;https://raw.githubusercontent.com/dumanonur42-rgb/ticimax-stok/main/gorseller/4%20MM%20NC%20120DERECE%20Karb%C3%BCr%20Punta%20Matkab%C4%B1%20ER%C4%B0C%20-%20TNC12004.jpg;https://talhateknik.diaeticaret.com/4mm-nc-120derece-karbur-punta-matkabi-eric-p4384
TNC09004;4 MM NC 90DERECE Karbür Punta Matkabı ERİC;ERİC;Matkap ve Freze>Punta Matkapları;0;10.0;USD;475.23;20;https://raw.githubusercontent.com/dumanonur42-rgb/ticimax-stok/main/gorseller/4%20MM%20NC%2090DERECE%20Karb%C3%BCr%20Punta%20Matkab%C4%B1%20ER%C4%B0C%20-%20TNC09004.jpg;https://talhateknik.diaeticaret.com/4mm-nc-90derece-karbur-punta-matkabi-eric-p4378
T333A400;4 MM Punta Matkabı HSS DIN333A ERİC;ERİC;Matkap ve Freze>Punta Matkapları;4932;4.2;USD;199.6;20;https://raw.githubusercontent.com/dumanonur42-rgb/ticimax-stok/main/gorseller/4%20MM%20Punta%20Matkab%C4%B1%20HSS%20DIN333A%20ER%C4%B0C%20-%20T333A400.jpg;https://talhateknik.diaeticaret.com/4mm-punta-matkabi-hss-din333a-eric-p1784
T333U400;4 MM Uzun Punta Matkabı HSS DIN333A ERİC;ERİC;Matkap ve Freze>Punta Matkapları;1944;9.75;USD;463.35;20;https://raw.githubusercontent.com/dumanonur42-rgb/ticimax-stok/main/gorseller/4%20MM%20Uzun%20Punta%20Matkab%C4%B1%20HSS%20DIN333A%20ER%C4%B0C%20-%20T333U400.jpg;https://talhateknik.diaeticaret.com/4mm-uzun-punta-matkabi-hss-din333a-eric-p1792
1600 0300500;5 MM HSS Punta Matkabı DIN333A BOHRCRAFT;BOHRCRAFT;Matkap ve Freze>Punta Matkapları;92;11.53;EUR;631.55;20;https://raw.githubusercontent.com/dumanonur42-rgb/ticimax-stok/main/gorseller/5%20MM%20HSS%20Punta%20Matkab%C4%B1%20DIN333A%20BOHRCRAFT%20-%201600%200300500.jpg;https://talhateknik.diaeticaret.com/5mm-hss-punta-matkabi-din333a-bohrcraft-p4988
TCO333A500;5 MM HSSE Cobaltlı Punta Matkabı DIN333A ERİC;ERİC;Matkap ve Freze>Punta Matkapları;173;12.8;USD;608.29;20;https://raw.githubusercontent.com/dumanonur42-rgb/ticimax-stok/main/gorseller/5%20MM%20HSSE%20Cobaltl%C4%B1%20Punta%20Matkab%C4%B1%20DIN333A%20ER%C4%B0C%20-%20TCO333A500.jpg;https://talhateknik.diaeticaret.com/5mm-hsse-cobaltli-punta-matkabi-din333a-eric-p5619
TK33305;5 MM Karbür Punta Matkabı ERİC;ERİC;Matkap ve Freze>Punta Matkapları;120;103.0;USD;4894.86;20;https://raw.githubusercontent.com/dumanonur42-rgb/ticimax-stok/main/gorseller/5%20MM%20Karb%C3%BCr%20Punta%20Matkab%C4%B1%20ER%C4%B0C%20-%20TK33305.jpg;https://talhateknik.diaeticaret.com/5mm-karbur-punta-matkabi-eric-p4399
TNC12005;5 MM NC 120DERECE Karbür Punta Matkabı ERİC;ERİC;Matkap ve Freze>Punta Matkapları;100;22.0;USD;1045.5;20;https://raw.githubusercontent.com/dumanonur42-rgb/ticimax-stok/main/gorseller/5%20MM%20NC%20120DERECE%20Karb%C3%BCr%20Punta%20Matkab%C4%B1%20ER%C4%B0C%20-%20TNC12005.jpg;https://talhateknik.diaeticaret.com/5mm-nc-120derece-karbur-punta-matkabi-eric-p4385
TNC09005;5 MM NC 90DERECE Karbür Punta Matkabı ERİC;ERİC;Matkap ve Freze>Punta Matkapları;73;22.0;USD;1045.5;20;https://raw.githubusercontent.com/dumanonur42-rgb/ticimax-stok/main/gorseller/5%20MM%20NC%2090DERECE%20Karb%C3%BCr%20Punta%20Matkab%C4%B1%20ER%C4%B0C%20-%20TNC09005.jpg;https://talhateknik.diaeticaret.com/5mm-nc-90derece-karbur-punta-matkabi-eric-p4379
T333A500;5 MM Punta Matkabı HSS DIN333A ERİC;ERİC;Matkap ve Freze>Punta Matkapları;4095;8.55;USD;406.32;20;https://raw.githubusercontent.com/dumanonur42-rgb/ticimax-stok/main/gorseller/5%20MM%20Punta%20Matkab%C4%B1%20HSS%20DIN333A%20ER%C4%B0C%20-%20T333A500.jpg;https://talhateknik.diaeticaret.com/5mm-punta-matkabi-hss-din333a-eric-p1785
T333U500;5 MM Uzun Punta Matkabı HSS DIN333A ERİC;ERİC;Matkap ve Freze>Punta Matkapları;889;14.55;USD;691.46;20;https://raw.githubusercontent.com/dumanonur42-rgb/ticimax-stok/main/gorseller/5%20MM%20Uzun%20Punta%20Matkab%C4%B1%20HSS%20DIN333A%20ER%C4%B0C%20-%20T333U500.jpg;https://talhateknik.diaeticaret.com/5mm-uzun-punta-matkabi-hss-din333a-eric-p1793
1600 0300630;6,3 MM HSS Punta Matkabı DIN333A BOHRCRAFT;BOHRCRAFT;Matkap ve Freze>Punta Matkapları;15;19.39;EUR;1062.09;20;https://raw.githubusercontent.com/dumanonur42-rgb/ticimax-stok/main/gorseller/6%2C3%20MM%20HSS%20Punta%20Matkab%C4%B1%20DIN333A%20BOHRCRAFT%20-%201600%200300630.jpg;https://talhateknik.diaeticaret.com/6-3mm-hss-punta-matkabi-din333a-bohrcraft-p4989
TCO333A630;6,3 MM HSSE Cobaltlı Punta Matkabı DIN333A ERİC;ERİC;Matkap ve Freze>Punta Matkapları;100;21.3;USD;1012.24;20;https://raw.githubusercontent.com/dumanonur42-rgb/ticimax-stok/main/gorseller/6%2C3%20MM%20HSSE%20Cobaltl%C4%B1%20Punta%20Matkab%C4%B1%20DIN333A%20ER%C4%B0C%20-%20TCO333A630.jpg;https://talhateknik.diaeticaret.com/6-3mm-hsse-cobaltli-punta-matkabi-din333a-eric-p5620
T333A630;6,3 MM Punta Matkabı HSS DIN333A ERİC;ERİC;Matkap ve Freze>Punta Matkapları;1864;12.3;USD;584.53;20;https://raw.githubusercontent.com/dumanonur42-rgb/ticimax-stok/main/gorseller/6%2C3%20MM%20Punta%20Matkab%C4%B1%20HSS%20DIN333A%20ER%C4%B0C%20-%20T333A630.jpg;https://talhateknik.diaeticaret.com/6-3mm-punta-matkabi-hss-din333a-eric-p1786
T333U630;6,3 MM Uzun Punta Matkabı HSS DIN333A ERİC;ERİC;Matkap ve Freze>Punta Matkapları;398;24.0;USD;1140.55;20;https://raw.githubusercontent.com/dumanonur42-rgb/ticimax-stok/main/gorseller/6%2C3%20MM%20Uzun%20Punta%20Matkab%C4%B1%20HSS%20DIN333A%20ER%C4%B0C%20-%20T333U630.jpg;https://talhateknik.diaeticaret.com/6-3mm-uzun-punta-matkabi-hss-din333a-eric-p1794
TK33306;6 MM Karbür Punta Matkabı ERİC;ERİC;Matkap ve Freze>Punta Matkapları;89;108.0;USD;5132.47;20;https://raw.githubusercontent.com/dumanonur42-rgb/ticimax-stok/main/gorseller/6%20MM%20Karb%C3%BCr%20Punta%20Matkab%C4%B1%20ER%C4%B0C%20-%20TK33306.jpg;https://talhateknik.diaeticaret.com/6mm-karbur-punta-matkabi-eric-p4400
TNC12006;6 MM NC 120DERECE Karbür Punta Matkabı ERİC;ERİC;Matkap ve Freze>Punta Matkapları;97;23.0;USD;1093.03;20;https://raw.githubusercontent.com/dumanonur42-rgb/ticimax-stok/main/gorseller/6%20MM%20NC%20120DERECE%20Karb%C3%BCr%20Punta%20Matkab%C4%B1%20ER%C4%B0C%20-%20TNC12006.jpg;https://talhateknik.diaeticaret.com/6mm-nc-120derece-karbur-punta-matkabi-eric-p4386
TNC09006;6 MM NC 90DERECE Karbür Punta Matkabı ERİC;ERİC;Matkap ve Freze>Punta Matkapları;51;23.0;USD;1093.03;20;https://raw.githubusercontent.com/dumanonur42-rgb/ticimax-stok/main/gorseller/6%20MM%20NC%2090DERECE%20Karb%C3%BCr%20Punta%20Matkab%C4%B1%20ER%C4%B0C%20-%20TNC09006.jpg;https://talhateknik.diaeticaret.com/6mm-nc-90derece-karbur-punta-matkabi-eric-p4380
1801 0300600;6 MM Punta Çürütme Matkabı HSSE DIN1897 BOHRCRAFT;BOHRCRAFT;Matkap ve Freze>Punta Matkapları;16;8.15;EUR;446.42;20;https://raw.githubusercontent.com/dumanonur42-rgb/ticimax-stok/main/gorseller/6%20MM%20Punta%20%C3%87%C3%BCr%C3%BCtme%20Matkab%C4%B1%20HSSE%20DIN1897%20BOHRCRAFT%20-%201801%200300600.jpg;https://talhateknik.diaeticaret.com/6mm-punta-curutme-matkabi-hsse-din1897-bohrcraft-p4992
1801 0300700;7 MM Punta Çürütme Matkabı HSSE DIN1897 BOHRCRAFT;BOHRCRAFT;Matkap ve Freze>Punta Matkapları;20;9.17;EUR;502.29;20;https://raw.githubusercontent.com/dumanonur42-rgb/ticimax-stok/main/gorseller/7%20MM%20Punta%20%C3%87%C3%BCr%C3%BCtme%20Matkab%C4%B1%20HSSE%20DIN1897%20BOHRCRAFT%20-%201801%200300700.jpg;https://talhateknik.diaeticaret.com/7mm-punta-curutme-matkabi-hsse-din1897-bohrcraft-p4993
1600 0300800;8 MM HSS Punta Matkabı DIN333A BOHRCRAFT;BOHRCRAFT;Matkap ve Freze>Punta Matkapları;7;29.5;EUR;1615.86;20;https://raw.githubusercontent.com/dumanonur42-rgb/ticimax-stok/main/gorseller/8%20MM%20HSS%20Punta%20Matkab%C4%B1%20DIN333A%20BOHRCRAFT%20-%201600%200300800.jpg;https://talhateknik.diaeticaret.com/8mm-hss-punta-matkabi-din333a-bohrcraft-p4990
TCO333A800;8 MM HSSE Cobaltlı Punta Matkabı DIN333A ERİC;ERİC;Matkap ve Freze>Punta Matkapları;0;40.8;USD;1938.93;20;https://raw.githubusercontent.com/dumanonur42-rgb/ticimax-stok/main/gorseller/8%20MM%20HSSE%20Cobaltl%C4%B1%20Punta%20Matkab%C4%B1%20DIN333A%20ER%C4%B0C%20-%20TCO333A800.jpg;https://talhateknik.diaeticaret.com/8mm-hsse-cobaltli-punta-matkabi-din333a-eric-p5621
TNC12008;8 MM NC 120DERECE Karbür Punta Matkabı ERİC;ERİC;Matkap ve Freze>Punta Matkapları;97;41.0;USD;1948.44;20;https://raw.githubusercontent.com/dumanonur42-rgb/ticimax-stok/main/gorseller/8%20MM%20NC%20120DERECE%20Karb%C3%BCr%20Punta%20Matkab%C4%B1%20ER%C4%B0C%20-%20TNC12008.jpg;https://talhateknik.diaeticaret.com/8mm-nc-120derece-karbur-punta-matkabi-eric-p4387
TNC09008;8 MM NC 90DERECE Karbür Punta Matkabı ERİC;ERİC;Matkap ve Freze>Punta Matkapları;47;41.0;USD;1948.44;20;https://raw.githubusercontent.com/dumanonur42-rgb/ticimax-stok/main/gorseller/8%20MM%20NC%2090DERECE%20Karb%C3%BCr%20Punta%20Matkab%C4%B1%20ER%C4%B0C%20-%20TNC09008.jpg;https://talhateknik.diaeticaret.com/8mm-nc-90derece-karbur-punta-matkabi-eric-p4381
T333A800;8 MM Punta Matkabı HSS DIN333A ERİC;ERİC;Matkap ve Freze>Punta Matkapları;518;27.45;USD;1304.5;20;https://raw.githubusercontent.com/dumanonur42-rgb/ticimax-stok/main/gorseller/8%20MM%20Punta%20Matkab%C4%B1%20HSS%20DIN333A%20ER%C4%B0C%20-%20T333A800.jpg;https://talhateknik.diaeticaret.com/8mm-punta-matkabi-hss-din333a-eric-p1787
1801 0300800;8 MM Punta Çürütme Matkabı HSSE DIN1897 BOHRCRAFT;BOHRCRAFT;Matkap ve Freze>Punta Matkapları;34;10.48;EUR;574.04;20;https://raw.githubusercontent.com/dumanonur42-rgb/ticimax-stok/main/gorseller/8%20MM%20Punta%20%C3%87%C3%BCr%C3%BCtme%20Matkab%C4%B1%20HSSE%20DIN1897%20BOHRCRAFT%20-%201801%200300800.jpg;https://talhateknik.diaeticaret.com/8mm-punta-curutme-matkabi-hsse-din1897-bohrcraft-p4994
