gun;tarih;saat;platform;tema;baslik;metin;hashtagler;link;gorsel;alt_metin;seo_anahtar_kelimeler;blog_onerisi
1;21 Eyl 2026 Pzt;12:30;IG;Marka;RULMANDA DOĞRU ADRES.;"Yamansa Rulman artık sosyal medyada! 1986'dan beri İkitelli OSB'den tüm Türkiye'ye rulman tedarik ediyoruz.

• SKF, FAG, ORS, NMB, TPI ve Yamansa markalı setler
• Motosiklet, scooter, bisiklet ve sanayi rulmanları
• Stoktan aynı gün kargo, faturalı ve orijinal ürün

Ölçünüzü yazın, doğru rulmanı bulalım. Katalog: yamansarulman.com";#rulman #yamansarulman #rulmanfiyatları #sanayi #yedekparça #istanbul #ikitelli;https://www.yamansarulman.com/?utm_source=instagram&utm_medium=social&utm_campaign=lansman;gonderiler/gun01_kare.png;Yamansa Rulman açılış gönderisi: çelik bilyalı rulman fotoğrafı üzerinde 'Rulmanda doğru adres' başlığı;rulman, rulman tedarikçisi İstanbul, rulman satış;Yamansa Rulman hakkında: 1986'dan bugüne (Hakkımızda sayfası SEO metni)
1;21 Eyl 2026 Pzt;12:30;FB;Marka;RULMANDA DOĞRU ADRES.;"Yamansa Rulman artık sosyal medyada! 1986'dan beri İkitelli OSB'den tüm Türkiye'ye rulman tedarik ediyoruz.

• SKF, FAG, ORS, NMB, TPI ve Yamansa markalı setler
• Motosiklet, scooter, bisiklet ve sanayi rulmanları
• Stoktan aynı gün kargo, faturalı ve orijinal ürün

Ölçünüzü yazın, doğru rulmanı bulalım. Katalog: yamansarulman.com";#rulman #yamansarulman #rulmanfiyatları #sanayi #yedekparça #istanbul #ikitelli;https://www.yamansarulman.com/?utm_source=instagram&utm_medium=social&utm_campaign=lansman;gonderiler/gun01_kare.png;Yamansa Rulman açılış gönderisi: çelik bilyalı rulman fotoğrafı üzerinde 'Rulmanda doğru adres' başlığı;rulman, rulman tedarikçisi İstanbul, rulman satış;Yamansa Rulman hakkında: 1986'dan bugüne (Hakkımızda sayfası SEO metni)
1;21 Eyl 2026 Pzt;09:00;LI;Marka;RULMANDA DOĞRU ADRES.;"Yamansa Rulman olarak 1986'dan bu yana rulman ithalatı ve distribütörlüğü yapıyoruz. Bu sayfada sektör bilgisi, ürün serileri ve tedarik süreçlerimizi paylaşacağız.

Odak alanlarımız: sabit bilyalı rulmanlar (ZZ/2RS), motosiklet ve e-scooter tekerlek rulmanları, sanayi tipi konik ve silindirik makaralı rulmanlar. Distribütörlüğünü yürüttüğümüz markalar: SKF, FAG, ORS, NMB, TPI.

Bayi ve toplu alım talepleri için: yamansarulman.com";#rulman #yamansarulman #rulmanfiyatları #sanayi;https://www.yamansarulman.com/?utm_source=instagram&utm_medium=social&utm_campaign=lansman;gonderiler/gun01_linkedin.png;Yamansa Rulman açılış gönderisi: çelik bilyalı rulman fotoğrafı üzerinde 'Rulmanda doğru adres' başlığı;rulman, rulman tedarikçisi İstanbul, rulman satış;Yamansa Rulman hakkında: 1986'dan bugüne (Hakkımızda sayfası SEO metni)
2;22 Eyl 2026 Sal;12:30;IG;Ürün;6200 SERİSİ SABİT BİLYALI;"6200 serisi, sanayide ve motosiklette en çok kullanılan sabit bilyalı rulman ailesi.

6200 → 10×30×9
6201 → 12×32×10
6202 → 15×35×11
6203 → 17×40×12
6204 → 20×47×14
6205 → 25×52×15

ZZ mi 2RS mi? Yarın anlatıyoruz. Fiyat ve stok için DM veya yamansarulman.com";#rulman #yamansarulman #rulmanfiyatları #sanayi #yedekparça #istanbul #ikitelli;https://www.yamansarulman.com/?utm_source=instagram&utm_medium=social&utm_campaign=seri6200;gonderiler/gun02_kare.png;6200 serisi rulman ölçü tablosu: 6200'den 6205'e iç çap, dış çap ve kalınlık;6204 rulman, 6203 rulman, 6200 serisi rulman ölçüleri;6200 serisi rulman ölçüleri ve kullanım alanları (ölçü tablosu sayfası)
2;22 Eyl 2026 Sal;12:30;FB;Ürün;6200 SERİSİ SABİT BİLYALI;"6200 serisi, sanayide ve motosiklette en çok kullanılan sabit bilyalı rulman ailesi.

6200 → 10×30×9
6201 → 12×32×10
6202 → 15×35×11
6203 → 17×40×12
6204 → 20×47×14
6205 → 25×52×15

ZZ mi 2RS mi? Yarın anlatıyoruz. Fiyat ve stok için DM veya yamansarulman.com";#rulman #yamansarulman #rulmanfiyatları #sanayi #yedekparça #istanbul #ikitelli;https://www.yamansarulman.com/?utm_source=instagram&utm_medium=social&utm_campaign=seri6200;gonderiler/gun02_kare.png;6200 serisi rulman ölçü tablosu: 6200'den 6205'e iç çap, dış çap ve kalınlık;6204 rulman, 6203 rulman, 6200 serisi rulman ölçüleri;6200 serisi rulman ölçüleri ve kullanım alanları (ölçü tablosu sayfası)
3;23 Eyl 2026 Çar;12:30;IG;Teknik;ZZ Mİ, 2RS Mİ?;"ZZ mi 2RS mi? En çok aldığımız soru.

ZZ (metal kapak): yüksek devir, düşük sürtünme, kuru ve temiz ortam. Elektrik motoru, fan, spindle.

2RS (kauçuk keçe): su, çamur ve toza karşı tam koruma; gres içinde kalır. Motosiklet ve scooter tekerlekleri, dış ortam.

Kural: Tekerlekse 2RS, motorsa ZZ. Emin değilseniz ölçüyü yazın, birlikte seçelim.";#rulmanteknik #makinebakım #bakımonarım #mühendislik #tekniker;https://www.yamansarulman.com/?utm_source=instagram&utm_medium=social&utm_campaign=zz-2rs;gonderiler/gun03_kare.png;ZZ metal kapaklı ve 2RS kauçuk keçeli rulman karşılaştırma grafiği;zz rulman 2rs rulman farkı, kapaklı rulman keçeli rulman;ZZ ve 2RS rulman farkı nedir? Hangi uygulamada hangisi kullanılır?
3;23 Eyl 2026 Çar;12:30;FB;Teknik;ZZ Mİ, 2RS Mİ?;"ZZ mi 2RS mi? En çok aldığımız soru.

ZZ (metal kapak): yüksek devir, düşük sürtünme, kuru ve temiz ortam. Elektrik motoru, fan, spindle.

2RS (kauçuk keçe): su, çamur ve toza karşı tam koruma; gres içinde kalır. Motosiklet ve scooter tekerlekleri, dış ortam.

Kural: Tekerlekse 2RS, motorsa ZZ. Emin değilseniz ölçüyü yazın, birlikte seçelim.";#rulmanteknik #makinebakım #bakımonarım #mühendislik #tekniker;https://www.yamansarulman.com/?utm_source=instagram&utm_medium=social&utm_campaign=zz-2rs;gonderiler/gun03_kare.png;ZZ metal kapaklı ve 2RS kauçuk keçeli rulman karşılaştırma grafiği;zz rulman 2rs rulman farkı, kapaklı rulman keçeli rulman;ZZ ve 2RS rulman farkı nedir? Hangi uygulamada hangisi kullanılır?
3;23 Eyl 2026 Çar;09:00;LI;Teknik;ZZ Mİ, 2RS Mİ?;"Rulman seçiminde kapak tipi çoğu zaman ihmal edilir; oysa arızaların önemli bir kısmı yanlış kapak seçiminden kaynaklanır.

ZZ (metal kapak): düşük sürtünme ve yüksek devir; toz koruması sağlar, sıvıya karşı korumaz. Elektrik motorları ve fanlar için idealdir.

2RS (kauçuk keçe): su ve çamura karşı temas eden sızdırmazlık; gres rulman içinde kalır. Tekerlek, dış ortam ve yıkamaya maruz uygulamalar için tercih edilir.

Doğru seçim, doğru ömür. Teknik danışmanlık için ekibimizle iletişime geçebilirsiniz.";#rulmanteknik #makinebakım #bakımonarım #mühendislik;https://www.yamansarulman.com/?utm_source=instagram&utm_medium=social&utm_campaign=zz-2rs;gonderiler/gun03_linkedin.png;ZZ metal kapaklı ve 2RS kauçuk keçeli rulman karşılaştırma grafiği;zz rulman 2rs rulman farkı, kapaklı rulman keçeli rulman;ZZ ve 2RS rulman farkı nedir? Hangi uygulamada hangisi kullanılır?
4;24 Eyl 2026 Per;12:30;IG;Uygulama;TEKERLEK RULMANI SETLERİ;"Tekerlekten uğultu mu geliyor? Direksiyonda titreşim mi var? Büyük ihtimalle tekerlek rulmanı.

Honda, Yamaha, Bajaj, KTM, CFMOTO, Mondial, RKS, Kuba, Suzuki, TVS, Yuki, Arora, Falcon… 26 marka için ön ve arka tekerlek rulman setlerimiz hazır.

Modelinizi yazın, doğru seti aynı gün kargolayalım.";#motosiklet #motosikletyedekparça #tekerlekrulmanı #motorrulmanı #honda #yamaha #bajaj #ktm #cfmoto #mondial;https://www.yamansarulman.com/?utm_source=instagram&utm_medium=social&utm_campaign=moto-tekerlek;gonderiler/gun04_kare.png;"Motosiklet ön tekerlek ve fren diski fotoğrafı; Yamansa motosiklet tekerlek rulmanı setleri";motosiklet tekerlek rulmanı, honda tekerlek rulmanı, bajaj rulman;Motosiklet tekerlek rulmanı nasıl anlaşılır, nasıl değişir? Marka-model ölçü rehberi
4;24 Eyl 2026 Per;12:30;FB;Uygulama;TEKERLEK RULMANI SETLERİ;"Tekerlekten uğultu mu geliyor? Direksiyonda titreşim mi var? Büyük ihtimalle tekerlek rulmanı.

Honda, Yamaha, Bajaj, KTM, CFMOTO, Mondial, RKS, Kuba, Suzuki, TVS, Yuki, Arora, Falcon… 26 marka için ön ve arka tekerlek rulman setlerimiz hazır.

Modelinizi yazın, doğru seti aynı gün kargolayalım.";#motosiklet #motosikletyedekparça #tekerlekrulmanı #motorrulmanı #honda #yamaha #bajaj #ktm #cfmoto #mondial;https://www.yamansarulman.com/?utm_source=instagram&utm_medium=social&utm_campaign=moto-tekerlek;gonderiler/gun04_kare.png;"Motosiklet ön tekerlek ve fren diski fotoğrafı; Yamansa motosiklet tekerlek rulmanı setleri";motosiklet tekerlek rulmanı, honda tekerlek rulmanı, bajaj rulman;Motosiklet tekerlek rulmanı nasıl anlaşılır, nasıl değişir? Marka-model ölçü rehberi
4;24 Eyl 2026 Per;09:00;LI;Uygulama;TEKERLEK RULMANI SETLERİ;"Motosiklet servisleri için en sık değişen parçalardan biri tekerlek rulmanı. Yanlış ölçü ya da düşük kaliteli rulman, birkaç ay içinde aynı arızayı tekrarlatır.

Yamansa olarak 26 motosiklet markası için model bazlı ön/arka tekerlek rulman setleri hazırladık; SKF, FAG, ORS veya Yamansa markalı alternatiflerle. Servisler ve yedek parça bayileri için toplu fiyatlandırma mevcuttur.";#motosiklet #motosikletyedekparça #tekerlekrulmanı #motorrulmanı;https://www.yamansarulman.com/?utm_source=instagram&utm_medium=social&utm_campaign=moto-tekerlek;gonderiler/gun04_linkedin.png;"Motosiklet ön tekerlek ve fren diski fotoğrafı; Yamansa motosiklet tekerlek rulmanı setleri";motosiklet tekerlek rulmanı, honda tekerlek rulmanı, bajaj rulman;Motosiklet tekerlek rulmanı nasıl anlaşılır, nasıl değişir? Marka-model ölçü rehberi
5;25 Eyl 2026 Cum;12:30;IG;Marka;ORİJİNAL. FATURALI. STOKTAN.;"Piyasada sahte rulman var, biliyoruz. Bizde yok.

SKF • FAG • ORS • NMB • TPI • Yamansa

Her ürün orijinal, faturalı ve stoktan. 1986'dan beri aynı adreste, aynı ilkeyle.

Marka tercihini yaz, fiyatı gönderelim.";#rulman #yamansarulman #rulmanfiyatları #sanayi #yedekparça #istanbul #ikitelli;https://www.yamansarulman.com/?utm_source=instagram&utm_medium=social&utm_campaign=markalar;gonderiler/gun05_kare.png;"SKF, FAG, ORS, NMB, TPI ve Yamansa marka logotipleri; orijinal faturalı rulman";skf rulman, fag rulman, ors rulman, orijinal rulman;Sahte rulman nasıl anlaşılır? Orijinal SKF/FAG rulman kontrol rehberi
5;25 Eyl 2026 Cum;12:30;FB;Marka;ORİJİNAL. FATURALI. STOKTAN.;"Piyasada sahte rulman var, biliyoruz. Bizde yok.

SKF • FAG • ORS • NMB • TPI • Yamansa

Her ürün orijinal, faturalı ve stoktan. 1986'dan beri aynı adreste, aynı ilkeyle.

Marka tercihini yaz, fiyatı gönderelim.";#rulman #yamansarulman #rulmanfiyatları #sanayi #yedekparça #istanbul #ikitelli;https://www.yamansarulman.com/?utm_source=instagram&utm_medium=social&utm_campaign=markalar;gonderiler/gun05_kare.png;"SKF, FAG, ORS, NMB, TPI ve Yamansa marka logotipleri; orijinal faturalı rulman";skf rulman, fag rulman, ors rulman, orijinal rulman;Sahte rulman nasıl anlaşılır? Orijinal SKF/FAG rulman kontrol rehberi
6;26 Eyl 2026 Cmt;12:30;IG;Teknik;RULMAN KODU NASIL OKUNUR?;"6204-2RS C3 ne demek?

62 → Seri (sabit bilyalı, orta yük)
04 → İç çap kodu: 04×5 = 20 mm
2RS → İki tarafı kauçuk keçeli
C3 → Normalden geniş iç boşluk (ısınan uygulamalar)

Not: 00=10, 01=12, 02=15, 03=17 mm; 04'ten sonrası ×5.

Kaydet, lazım olur. Sorularınızı yoruma yazın.";#rulmanteknik #makinebakım #bakımonarım #mühendislik #tekniker;https://www.yamansarulman.com/?utm_source=instagram&utm_medium=social&utm_campaign=rulman-kodu;gonderiler/gun06_kare.png;6204-2RS C3 rulman kodunun parçalara ayrılmış açıklaması;rulman kodu okuma, rulman numarası ne anlama gelir, 6204 2rs c3;Rulman kodları nasıl okunur? Tam rehber (ek harfler, boşluk sınıfları)
6;26 Eyl 2026 Cmt;12:30;FB;Teknik;RULMAN KODU NASIL OKUNUR?;"6204-2RS C3 ne demek?

62 → Seri (sabit bilyalı, orta yük)
04 → İç çap kodu: 04×5 = 20 mm
2RS → İki tarafı kauçuk keçeli
C3 → Normalden geniş iç boşluk (ısınan uygulamalar)

Not: 00=10, 01=12, 02=15, 03=17 mm; 04'ten sonrası ×5.

Kaydet, lazım olur. Sorularınızı yoruma yazın.";#rulmanteknik #makinebakım #bakımonarım #mühendislik #tekniker;https://www.yamansarulman.com/?utm_source=instagram&utm_medium=social&utm_campaign=rulman-kodu;gonderiler/gun06_kare.png;6204-2RS C3 rulman kodunun parçalara ayrılmış açıklaması;rulman kodu okuma, rulman numarası ne anlama gelir, 6204 2rs c3;Rulman kodları nasıl okunur? Tam rehber (ek harfler, boşluk sınıfları)
7;27 Eyl 2026 Paz;12:30;IG;Marka;“Bir makinenin sesi, rulmanının sağlığıdır.”;"Bir makinenin sesi, rulmanının sağlığıdır.

İyi haftalar. Pazartesi e-scooter rulmanlarıyla devam ediyoruz.";#rulman #yamansarulman #rulmanfiyatları #sanayi #yedekparça #istanbul #ikitelli;https://www.yamansarulman.com/?utm_source=instagram&utm_medium=social&utm_campaign=pazar;gonderiler/gun07_kare.png;Makro çekim bilyalı rulman fotoğrafı üzerine alıntı: Bir makinenin sesi, rulmanının sağlığıdır;rulman bakımı, rulman sesi;
7;27 Eyl 2026 Paz;12:30;FB;Marka;“Bir makinenin sesi, rulmanının sağlığıdır.”;"Bir makinenin sesi, rulmanının sağlığıdır.

İyi haftalar. Pazartesi e-scooter rulmanlarıyla devam ediyoruz.";#rulman #yamansarulman #rulmanfiyatları #sanayi #yedekparça #istanbul #ikitelli;https://www.yamansarulman.com/?utm_source=instagram&utm_medium=social&utm_campaign=pazar;gonderiler/gun07_kare.png;Makro çekim bilyalı rulman fotoğrafı üzerine alıntı: Bir makinenin sesi, rulmanının sağlığıdır;rulman bakımı, rulman sesi;
8;28 Eyl 2026 Pzt;12:30;IG;Uygulama;SCOOTER RULMANLARI STOKTA;"E-scooter'ınızda tekerlek boşluk yaptı, sürüşte ses geldi mi? Rulman zamanı.

Xiaomi (M365, Pro, 1S, 3), Segway Ninebot, Dualtron, Navee, Citymate, Onvo, Hoofer, Volta modelleri için ince kesit ve standart rulmanlar stokta. NMB ve TPI Japon kalitesi seçenekleriyle.

Modelinizi yazın, doğru ölçüyü gönderelim.";#elektrikliscooter #scooter #xiaomi #segway #ninebot #dualtron #navee #scooteryedekparça;https://www.yamansarulman.com/?utm_source=instagram&utm_medium=social&utm_campaign=scooter;gonderiler/gun08_kare.png;"Sıra sıra elektrikli scooterlar; Yamansa e-scooter rulmanları";scooter rulmanı, xiaomi scooter rulman, ninebot rulman, dualtron rulman;Elektrikli scooter rulmanı değişimi: Xiaomi M365 / Pro / Ninebot ölçüleri
8;28 Eyl 2026 Pzt;12:30;FB;Uygulama;SCOOTER RULMANLARI STOKTA;"E-scooter'ınızda tekerlek boşluk yaptı, sürüşte ses geldi mi? Rulman zamanı.

Xiaomi (M365, Pro, 1S, 3), Segway Ninebot, Dualtron, Navee, Citymate, Onvo, Hoofer, Volta modelleri için ince kesit ve standart rulmanlar stokta. NMB ve TPI Japon kalitesi seçenekleriyle.

Modelinizi yazın, doğru ölçüyü gönderelim.";#elektrikliscooter #scooter #xiaomi #segway #ninebot #dualtron #navee #scooteryedekparça;https://www.yamansarulman.com/?utm_source=instagram&utm_medium=social&utm_campaign=scooter;gonderiler/gun08_kare.png;"Sıra sıra elektrikli scooterlar; Yamansa e-scooter rulmanları";scooter rulmanı, xiaomi scooter rulman, ninebot rulman, dualtron rulman;Elektrikli scooter rulmanı değişimi: Xiaomi M365 / Pro / Ninebot ölçüleri
8;28 Eyl 2026 Pzt;09:00;LI;Uygulama;SCOOTER RULMANLARI STOKTA;"Mikro mobilite pazarı büyüdükçe e-scooter servis ağı da genişliyor. Bu araçlarda kullanılan ince kesit rulmanlar (6800/6900 serisi) klasik motosiklet rulmanlarından farklı toleranslar ister.

Yamansa olarak Xiaomi, Segway Ninebot, Dualtron, Navee gibi markaların yaygın modelleri için rulman setlerini NMB, TPI ve Yamansa markalı seçeneklerle stoklu tutuyoruz. Servis ve filo işletmecileri için toplu tedarik mümkündür.";#elektrikliscooter #scooter #xiaomi #segway;https://www.yamansarulman.com/?utm_source=instagram&utm_medium=social&utm_campaign=scooter;gonderiler/gun08_linkedin.png;"Sıra sıra elektrikli scooterlar; Yamansa e-scooter rulmanları";scooter rulmanı, xiaomi scooter rulman, ninebot rulman, dualtron rulman;Elektrikli scooter rulmanı değişimi: Xiaomi M365 / Pro / Ninebot ölçüleri
9;29 Eyl 2026 Sal;12:30;IG;Ürün;6300 SERİSİ AĞIR HİZMET;"6300 serisi: 6200 ile aynı iç çap, daha kalın kesit, daha fazla yük.

6300 → 10×35×11
6301 → 12×37×12
6302 → 15×42×13
6303 → 17×47×14
6304 → 20×52×15
6305 → 25×62×17

Motosiklet arka tekerlek, tarım makinesi, redüktör. Stok için DM.";#rulman #yamansarulman #rulmanfiyatları #sanayi #yedekparça #istanbul #ikitelli;https://www.yamansarulman.com/?utm_source=instagram&utm_medium=social&utm_campaign=seri6300;gonderiler/gun09_kare.png;6300 serisi rulman ölçü tablosu: 6300'den 6305'e ölçüler;6304 rulman, 6303 rulman, 6300 serisi rulman ölçüleri;6300 serisi rulman ölçüleri – 6200 ile farkı
9;29 Eyl 2026 Sal;12:30;FB;Ürün;6300 SERİSİ AĞIR HİZMET;"6300 serisi: 6200 ile aynı iç çap, daha kalın kesit, daha fazla yük.

6300 → 10×35×11
6301 → 12×37×12
6302 → 15×42×13
6303 → 17×47×14
6304 → 20×52×15
6305 → 25×62×17

Motosiklet arka tekerlek, tarım makinesi, redüktör. Stok için DM.";#rulman #yamansarulman #rulmanfiyatları #sanayi #yedekparça #istanbul #ikitelli;https://www.yamansarulman.com/?utm_source=instagram&utm_medium=social&utm_campaign=seri6300;gonderiler/gun09_kare.png;6300 serisi rulman ölçü tablosu: 6300'den 6305'e ölçüler;6304 rulman, 6303 rulman, 6300 serisi rulman ölçüleri;6300 serisi rulman ölçüleri – 6200 ile farkı
10;30 Eyl 2026 Çar;12:30;IG;Teknik;C3 BOŞLUK NE DEMEK?;"C3 rulman ne demek? Rulmanın iç boşluğu (radyal klerans) normalden geniş demek.

C2 → Dar (hassas, soğuk)
CN → Normal (kodda yazmaz)
C3 → Geniş (ısınan mil, elektrik motoru)
C4 → Daha geniş (yüksek sıcaklık)

Mil çalışırken ısınıyor ve genleşiyorsa C3 alın. Aksi halde rulman sıkışır ve erken biter.";#rulmanteknik #makinebakım #bakımonarım #mühendislik #tekniker;https://www.yamansarulman.com/?utm_source=instagram&utm_medium=social&utm_campaign=c3;gonderiler/gun10_kare.png;Rulman iç boşluk sınıfları C2, CN, C3, C4 açıklama listesi;c3 rulman ne demek, rulman boşluk sınıfı, c3 rulman farkı;C3 rulman nedir? Boşluk sınıfları ve seçim rehberi
10;30 Eyl 2026 Çar;12:30;FB;Teknik;C3 BOŞLUK NE DEMEK?;"C3 rulman ne demek? Rulmanın iç boşluğu (radyal klerans) normalden geniş demek.

C2 → Dar (hassas, soğuk)
CN → Normal (kodda yazmaz)
C3 → Geniş (ısınan mil, elektrik motoru)
C4 → Daha geniş (yüksek sıcaklık)

Mil çalışırken ısınıyor ve genleşiyorsa C3 alın. Aksi halde rulman sıkışır ve erken biter.";#rulmanteknik #makinebakım #bakımonarım #mühendislik #tekniker;https://www.yamansarulman.com/?utm_source=instagram&utm_medium=social&utm_campaign=c3;gonderiler/gun10_kare.png;Rulman iç boşluk sınıfları C2, CN, C3, C4 açıklama listesi;c3 rulman ne demek, rulman boşluk sınıfı, c3 rulman farkı;C3 rulman nedir? Boşluk sınıfları ve seçim rehberi
10;30 Eyl 2026 Çar;09:00;LI;Teknik;C3 BOŞLUK NE DEMEK?;"""C3"" rulman kodlarında en çok yanlış anlaşılan ek. C3, kalite ya da marka değil; iç boşluk (radyal klerans) sınıfıdır.

Isınan millerde iç bilezik genleşir ve normal boşluklu (CN) bir rulman sıkışabilir. Elektrik motorları, fanlar ve yüksek devirli uygulamalarda bu nedenle C3 tercih edilir.

Doğru boşluk sınıfı seçimi, planlı bakım maliyetlerini doğrudan etkiler.";#rulmanteknik #makinebakım #bakımonarım #mühendislik;https://www.yamansarulman.com/?utm_source=instagram&utm_medium=social&utm_campaign=c3;gonderiler/gun10_linkedin.png;Rulman iç boşluk sınıfları C2, CN, C3, C4 açıklama listesi;c3 rulman ne demek, rulman boşluk sınıfı, c3 rulman farkı;C3 rulman nedir? Boşluk sınıfları ve seçim rehberi
11;1 Eki 2026 Per;12:30;IG;Teknik;RULMAN BİTTİ Mİ? 5 İŞARET;"Rulmanın bittiğini gösteren 5 işaret:

1. Hızla artan uğultu
2. Tekerlekte yanal boşluk
3. Gidonda / milde titreşim
4. Göbekte ısınma
5. Gres sızıntısı veya pas

Birini bile fark ettiyseniz bekletmeyin; bitmiş rulman göbeği ve mili de bozar. Ölçünüzü yazın, aynı gün gönderelim.";#motosiklet #motosikletyedekparça #tekerlekrulmanı #motorrulmanı #honda #yamaha #bajaj #ktm #cfmoto #mondial;https://www.yamansarulman.com/?utm_source=instagram&utm_medium=social&utm_campaign=ariza;gonderiler/gun11_kare.png;"Motosiklet jant göbeği ve tel jant yakın çekim; rulman arızasının 5 belirtisi listesi";rulman arızası belirtileri, tekerlek rulmanı sesi, rulman bozulduğu nasıl anlaşılır;Rulman arızası belirtileri: sesten titreşime 5 kontrol noktası
11;1 Eki 2026 Per;12:30;FB;Teknik;RULMAN BİTTİ Mİ? 5 İŞARET;"Rulmanın bittiğini gösteren 5 işaret:

1. Hızla artan uğultu
2. Tekerlekte yanal boşluk
3. Gidonda / milde titreşim
4. Göbekte ısınma
5. Gres sızıntısı veya pas

Birini bile fark ettiyseniz bekletmeyin; bitmiş rulman göbeği ve mili de bozar. Ölçünüzü yazın, aynı gün gönderelim.";#motosiklet #motosikletyedekparça #tekerlekrulmanı #motorrulmanı #honda #yamaha #bajaj #ktm #cfmoto #mondial;https://www.yamansarulman.com/?utm_source=instagram&utm_medium=social&utm_campaign=ariza;gonderiler/gun11_kare.png;"Motosiklet jant göbeği ve tel jant yakın çekim; rulman arızasının 5 belirtisi listesi";rulman arızası belirtileri, tekerlek rulmanı sesi, rulman bozulduğu nasıl anlaşılır;Rulman arızası belirtileri: sesten titreşime 5 kontrol noktası
12;2 Eki 2026 Cum;12:30;IG;Kurumsal;STOKTAN, AYNI GÜN KARGO.;"Makine durmuş, servis bekliyor. Rulman 'gelecek' değil, 'gitti' olmalı.

İkitelli OSB'deki depomuzdan saat 15:00'e kadar verilen siparişler aynı gün kargoda. Binlerce kalem stok, günlük güncellenen stok bilgisi.

yamansarulman.com üzerinden stok durumunu anlık görebilirsiniz.";#rulman #yamansarulman #rulmanfiyatları #sanayi #yedekparça #istanbul #ikitelli;https://www.yamansarulman.com/?utm_source=instagram&utm_medium=social&utm_campaign=kargo;gonderiler/gun12_kare.png;"Depo rafları ve forklift; Yamansa stoktan aynı gün kargo";rulman kargo, hızlı rulman tedariki, rulmancı istanbul ikitelli;
12;2 Eki 2026 Cum;12:30;FB;Kurumsal;STOKTAN, AYNI GÜN KARGO.;"Makine durmuş, servis bekliyor. Rulman 'gelecek' değil, 'gitti' olmalı.

İkitelli OSB'deki depomuzdan saat 15:00'e kadar verilen siparişler aynı gün kargoda. Binlerce kalem stok, günlük güncellenen stok bilgisi.

yamansarulman.com üzerinden stok durumunu anlık görebilirsiniz.";#rulman #yamansarulman #rulmanfiyatları #sanayi #yedekparça #istanbul #ikitelli;https://www.yamansarulman.com/?utm_source=instagram&utm_medium=social&utm_campaign=kargo;gonderiler/gun12_kare.png;"Depo rafları ve forklift; Yamansa stoktan aynı gün kargo";rulman kargo, hızlı rulman tedariki, rulmancı istanbul ikitelli;
12;2 Eki 2026 Cum;09:00;LI;Kurumsal;STOKTAN, AYNI GÜN KARGO.;"Bakım duruşlarında en pahalı şey beklemektir. Bu nedenle stok politikamız net: en çok dönen serilerde derin stok, günlük güncellenen stok görünürlüğü ve saat 15:00'e kadar aynı gün sevkiyat.

İkitelli OSB'deki depomuz Türkiye'nin her noktasına ertesi gün teslimat için konumlanmıştır. Bakım ekipleri ve satın alma birimleri için çerçeve anlaşma seçeneklerimiz vardır.";#rulman #yamansarulman #rulmanfiyatları #sanayi;https://www.yamansarulman.com/?utm_source=instagram&utm_medium=social&utm_campaign=kargo;gonderiler/gun12_linkedin.png;"Depo rafları ve forklift; Yamansa stoktan aynı gün kargo";rulman kargo, hızlı rulman tedariki, rulmancı istanbul ikitelli;
13;3 Eki 2026 Cmt;12:30;IG;CTA;İÇ ÇAP × DIŞ ÇAP × KALINLIK;"Rulmanın üzerindeki kod silinmiş mi? Sorun değil.

Kumpasla üç ölçü al:
• İç çap (d)
• Dış çap (D)
• Kalınlık (B)

Örn. 20 × 47 × 14 → 6204. DM'den yaz, kodunu ve fiyatını dakikalar içinde gönderelim. Sitemizdeki ölçü filtresiyle de kendin bulabilirsin: yamansarulman.com";#rulman #yamansarulman #rulmanfiyatları #sanayi #yedekparça #istanbul #ikitelli;https://www.yamansarulman.com/?utm_source=instagram&utm_medium=social&utm_campaign=olcu;gonderiler/gun13_kare.png;Rulman ölçüleri iç çap, dış çap ve kalınlık gösterimi;ölçüye göre rulman bulma, rulman ölçü tablosu, rulman ölçüsü nasıl bulunur;Ölçüye göre rulman bulma: iç çap / dış çap / kalınlık tablosu
13;3 Eki 2026 Cmt;12:30;FB;CTA;İÇ ÇAP × DIŞ ÇAP × KALINLIK;"Rulmanın üzerindeki kod silinmiş mi? Sorun değil.

Kumpasla üç ölçü al:
• İç çap (d)
• Dış çap (D)
• Kalınlık (B)

Örn. 20 × 47 × 14 → 6204. DM'den yaz, kodunu ve fiyatını dakikalar içinde gönderelim. Sitemizdeki ölçü filtresiyle de kendin bulabilirsin: yamansarulman.com";#rulman #yamansarulman #rulmanfiyatları #sanayi #yedekparça #istanbul #ikitelli;https://www.yamansarulman.com/?utm_source=instagram&utm_medium=social&utm_campaign=olcu;gonderiler/gun13_kare.png;Rulman ölçüleri iç çap, dış çap ve kalınlık gösterimi;ölçüye göre rulman bulma, rulman ölçü tablosu, rulman ölçüsü nasıl bulunur;Ölçüye göre rulman bulma: iç çap / dış çap / kalınlık tablosu
14;4 Eki 2026 Paz;12:30;IG;Teknik;2RS'İN İÇİNDE NE VAR?;"""2RS rulmanı gresleyeyim mi?"" Hayır.

Keçeli rulmanlar fabrikada lityum bazlı gresle dolu gelir; keçe gresi içeride, suyu dışarıda tutar. Keçeyi söküp gres basmak sızdırmazlığı bozar.

Ömrü bitince yapılacak tek şey: yenisiyle değiştirmek. İyi pazarlar.";#rulmanteknik #makinebakım #bakımonarım #mühendislik #tekniker;https://www.yamansarulman.com/?utm_source=instagram&utm_medium=social&utm_campaign=gres;gonderiler/gun14_kare.png;"Bilyalı rulman makro fotoğrafı; 2RS rulmanın içindeki gres hakkında bilgi listesi";rulman gresi, keçeli rulman yağlama, 2rs rulman gres;Rulman yağlama rehberi: açık, ZZ ve 2RS rulmanlarda gres
14;4 Eki 2026 Paz;12:30;FB;Teknik;2RS'İN İÇİNDE NE VAR?;"""2RS rulmanı gresleyeyim mi?"" Hayır.

Keçeli rulmanlar fabrikada lityum bazlı gresle dolu gelir; keçe gresi içeride, suyu dışarıda tutar. Keçeyi söküp gres basmak sızdırmazlığı bozar.

Ömrü bitince yapılacak tek şey: yenisiyle değiştirmek. İyi pazarlar.";#rulmanteknik #makinebakım #bakımonarım #mühendislik #tekniker;https://www.yamansarulman.com/?utm_source=instagram&utm_medium=social&utm_campaign=gres;gonderiler/gun14_kare.png;"Bilyalı rulman makro fotoğrafı; 2RS rulmanın içindeki gres hakkında bilgi listesi";rulman gresi, keçeli rulman yağlama, 2rs rulman gres;Rulman yağlama rehberi: açık, ZZ ve 2RS rulmanlarda gres
15;5 Eki 2026 Pzt;12:30;IG;Uygulama;GÖBEK RULMANLARI;"Bisiklette pedal çevirirken tıkırtı, tekerlekte ağır dönüş… Göbek rulmanı bakıyor.

Salcano ve yaygın markalar için ön/arka göbek, orta göbek (BB) ve pedal rulmanları stokta. Çoğu model 6000/6800 serisi ince kesit kullanır; ölçüyü yaz, doğru rulmanı gönderelim.";#bisiklet #salcano #bisikletyedekparça #bisiklettamir;https://www.yamansarulman.com/?utm_source=instagram&utm_medium=social&utm_campaign=bisiklet;gonderiler/gun15_kare.png;"Bisiklet ön tekerlek göbeği ve jant telleri; Yamansa bisiklet göbek rulmanları";bisiklet göbek rulmanı, salcano rulman, bisiklet rulmanı ölçüleri;Bisiklet göbek rulmanı ölçüleri ve değişim rehberi
15;5 Eki 2026 Pzt;12:30;FB;Uygulama;GÖBEK RULMANLARI;"Bisiklette pedal çevirirken tıkırtı, tekerlekte ağır dönüş… Göbek rulmanı bakıyor.

Salcano ve yaygın markalar için ön/arka göbek, orta göbek (BB) ve pedal rulmanları stokta. Çoğu model 6000/6800 serisi ince kesit kullanır; ölçüyü yaz, doğru rulmanı gönderelim.";#bisiklet #salcano #bisikletyedekparça #bisiklettamir;https://www.yamansarulman.com/?utm_source=instagram&utm_medium=social&utm_campaign=bisiklet;gonderiler/gun15_kare.png;"Bisiklet ön tekerlek göbeği ve jant telleri; Yamansa bisiklet göbek rulmanları";bisiklet göbek rulmanı, salcano rulman, bisiklet rulmanı ölçüleri;Bisiklet göbek rulmanı ölçüleri ve değişim rehberi
16;6 Eki 2026 Sal;12:30;IG;Ürün;6000 SERİSİ HAFİF KESİT;"6000 serisi: en ince kesitli standart sabit bilyalı aile.

6000 → 10×26×8
6001 → 12×28×8
6002 → 15×32×9
6003 → 17×35×10
6004 → 20×42×12
6005 → 25×47×12

Bisiklet göbeği, küçük elektrik motorları, ev aletleri. Stokta.";#rulman #yamansarulman #rulmanfiyatları #sanayi #yedekparça #istanbul #ikitelli;https://www.yamansarulman.com/?utm_source=instagram&utm_medium=social&utm_campaign=seri6000;gonderiler/gun16_kare.png;6000 serisi rulman ölçü tablosu: 6000'den 6005'e ölçüler;6004 rulman, 6002 rulman, 6000 serisi rulman ölçüleri;6000 serisi rulman ölçüleri ve muadilleri
16;6 Eki 2026 Sal;12:30;FB;Ürün;6000 SERİSİ HAFİF KESİT;"6000 serisi: en ince kesitli standart sabit bilyalı aile.

6000 → 10×26×8
6001 → 12×28×8
6002 → 15×32×9
6003 → 17×35×10
6004 → 20×42×12
6005 → 25×47×12

Bisiklet göbeği, küçük elektrik motorları, ev aletleri. Stokta.";#rulman #yamansarulman #rulmanfiyatları #sanayi #yedekparça #istanbul #ikitelli;https://www.yamansarulman.com/?utm_source=instagram&utm_medium=social&utm_campaign=seri6000;gonderiler/gun16_kare.png;6000 serisi rulman ölçü tablosu: 6000'den 6005'e ölçüler;6004 rulman, 6002 rulman, 6000 serisi rulman ölçüleri;6000 serisi rulman ölçüleri ve muadilleri
17;7 Eki 2026 Çar;12:30;IG;Kurumsal;TEK KAYNAK, BÜTÜN MARKALAR.;"Rulmancı, servis ya da makine imalatçısı mısınız?

SKF, FAG, ORS, NMB, TPI ve Yamansa markalarını tek kaynaktan, bayi fiyatıyla ve düzenli tedarikle alın. Sipariş geçmişiniz ve sık aldığınız ölçüler için özel liste.

Bayi başvurusu için DM veya 0212 670 02 05.";#endüstri #makineimalat #fabrika #bakım #konikrulman #silindirikrulman;https://www.yamansarulman.com/?utm_source=linkedin&utm_medium=social&utm_campaign=b2b;gonderiler/gun17_kare.png;"Depoda görüşen ekip; Yamansa B2B bayi ve toptan rulman tedariki";rulman toptan, rulman bayilik, rulman b2b tedarik;Rulman bayiliği ve toptan tedarik: Yamansa B2B programı
17;7 Eki 2026 Çar;12:30;FB;Kurumsal;TEK KAYNAK, BÜTÜN MARKALAR.;"Rulmancı, servis ya da makine imalatçısı mısınız?

SKF, FAG, ORS, NMB, TPI ve Yamansa markalarını tek kaynaktan, bayi fiyatıyla ve düzenli tedarikle alın. Sipariş geçmişiniz ve sık aldığınız ölçüler için özel liste.

Bayi başvurusu için DM veya 0212 670 02 05.";#endüstri #makineimalat #fabrika #bakım #konikrulman #silindirikrulman;https://www.yamansarulman.com/?utm_source=linkedin&utm_medium=social&utm_campaign=b2b;gonderiler/gun17_kare.png;"Depoda görüşen ekip; Yamansa B2B bayi ve toptan rulman tedariki";rulman toptan, rulman bayilik, rulman b2b tedarik;Rulman bayiliği ve toptan tedarik: Yamansa B2B programı
17;7 Eki 2026 Çar;09:00;LI;Kurumsal;TEK KAYNAK, BÜTÜN MARKALAR.;"Çok markalı rulman tedarikinde en büyük maliyet, dağınık tedarik zinciridir: farklı tedarikçiler, farklı teslim süreleri, farklı fatura ve kalite standartları.

Yamansa, 1986'dan beri distribütörlüğünü yürüttüğü SKF, FAG, ORS, NMB ve TPI markalarını tek noktadan, tek faturayla ve günlük güncellenen stokla sunuyor. Rulmancılar, yetkili servisler ve OEM imalatçılar için bayi programımız hakkında bilgi almak isteyenler mesaj gönderebilir.";#endüstri #makineimalat #fabrika #bakım;https://www.yamansarulman.com/?utm_source=linkedin&utm_medium=social&utm_campaign=b2b;gonderiler/gun17_linkedin.png;"Depoda görüşen ekip; Yamansa B2B bayi ve toptan rulman tedariki";rulman toptan, rulman bayilik, rulman b2b tedarik;Rulman bayiliği ve toptan tedarik: Yamansa B2B programı
18;8 Eki 2026 Per;12:30;IG;Teknik;MONTAJDA 5 ÖLÜMCÜL HATA;"Yeni rulman 2 ayda mı bitti? Büyük ihtimalle montaj hatası.

1. Çekiçle doğrudan bileziğe vurmak
2. Kuvveti yanlış bilezikten aktarmak (mile takarken iç bilezikten, yuvaya takarken dış bilezikten bas)
3. Kirli el, kirli yuva
4. Eğik oturtma
5. Fazla / yanlış gres

Montaj kovanı veya pres kullanın. Kaydet, ustana gönder.";#rulmanteknik #makinebakım #bakımonarım #mühendislik #tekniker;https://www.yamansarulman.com/?utm_source=instagram&utm_medium=social&utm_campaign=montaj;gonderiler/gun18_kare.png;"Teknisyen elleri ve dişli parça; rulman montajında yapılan 5 hata listesi";rulman montajı nasıl yapılır, rulman takma hataları, rulman çakma;Rulman montajı: doğru yöntem, kovan ve pres kullanımı
18;8 Eki 2026 Per;12:30;FB;Teknik;MONTAJDA 5 ÖLÜMCÜL HATA;"Yeni rulman 2 ayda mı bitti? Büyük ihtimalle montaj hatası.

1. Çekiçle doğrudan bileziğe vurmak
2. Kuvveti yanlış bilezikten aktarmak (mile takarken iç bilezikten, yuvaya takarken dış bilezikten bas)
3. Kirli el, kirli yuva
4. Eğik oturtma
5. Fazla / yanlış gres

Montaj kovanı veya pres kullanın. Kaydet, ustana gönder.";#rulmanteknik #makinebakım #bakımonarım #mühendislik #tekniker;https://www.yamansarulman.com/?utm_source=instagram&utm_medium=social&utm_campaign=montaj;gonderiler/gun18_kare.png;"Teknisyen elleri ve dişli parça; rulman montajında yapılan 5 hata listesi";rulman montajı nasıl yapılır, rulman takma hataları, rulman çakma;Rulman montajı: doğru yöntem, kovan ve pres kullanımı
19;9 Eki 2026 Cum;12:30;IG;Ürün;BÜTÇE DOSTU, TEST EDİLMİŞ.;"Her iş premium marka istemez; ama her iş güvenilir rulman ister.

Yamansa markalı setler: kendi konusunda uzmanlaşmış üreticilerden seçilen, parti bazında kontrol edilen rulmanlar. Motosiklet ve scooter setlerinde ideal fiyat/performans.

Aynı ölçüde SKF/FAG ile yan yana fiyat isteyin, karar sizin.";#rulman #yamansarulman #rulmanfiyatları #sanayi #yedekparça #istanbul #ikitelli;https://www.yamansarulman.com/?utm_source=instagram&utm_medium=social&utm_campaign=yamansa-set;gonderiler/gun19_kare.png;"Çelik bilyalı rulman ve bilyeler; Yamansa markalı ekonomik rulman setleri";uygun fiyatlı rulman, yamansa rulman seti, ekonomik rulman;
19;9 Eki 2026 Cum;12:30;FB;Ürün;BÜTÇE DOSTU, TEST EDİLMİŞ.;"Her iş premium marka istemez; ama her iş güvenilir rulman ister.

Yamansa markalı setler: kendi konusunda uzmanlaşmış üreticilerden seçilen, parti bazında kontrol edilen rulmanlar. Motosiklet ve scooter setlerinde ideal fiyat/performans.

Aynı ölçüde SKF/FAG ile yan yana fiyat isteyin, karar sizin.";#rulman #yamansarulman #rulmanfiyatları #sanayi #yedekparça #istanbul #ikitelli;https://www.yamansarulman.com/?utm_source=instagram&utm_medium=social&utm_campaign=yamansa-set;gonderiler/gun19_kare.png;"Çelik bilyalı rulman ve bilyeler; Yamansa markalı ekonomik rulman setleri";uygun fiyatlı rulman, yamansa rulman seti, ekonomik rulman;
20;10 Eki 2026 Cmt;12:30;IG;Uygulama;HANGİ MOTOR, HANGİ RULMAN?;"Hangi motor, hangi rulman? Sormayın, biz biliyoruz.

Honda • Yamaha • Bajaj • KTM • CFMOTO • Suzuki • Mondial • RKS • Kuba • TVS • Yuki • Arora • Falcon • Kanuni • Motolux • Asya • Volta…

26 marka için ön/arka tekerlek rulman setleri hazır. Marka + model yaz, set fiyatını gönderelim.";#motosiklet #motosikletyedekparça #tekerlekrulmanı #motorrulmanı #honda #yamaha #bajaj #ktm #cfmoto #mondial;https://www.yamansarulman.com/?utm_source=instagram&utm_medium=social&utm_campaign=moto-markalar;gonderiler/gun20_kare.png;"Motosiklet ön tekerlek ve krom fren diski; 12 motosiklet markası logotip listesi";yamaha rulman, ktm tekerlek rulmanı, mondial rulman, rks rulman;Motosiklet marka-model tekerlek rulmanı ölçü tablosu (26 marka)
20;10 Eki 2026 Cmt;12:30;FB;Uygulama;HANGİ MOTOR, HANGİ RULMAN?;"Hangi motor, hangi rulman? Sormayın, biz biliyoruz.

Honda • Yamaha • Bajaj • KTM • CFMOTO • Suzuki • Mondial • RKS • Kuba • TVS • Yuki • Arora • Falcon • Kanuni • Motolux • Asya • Volta…

26 marka için ön/arka tekerlek rulman setleri hazır. Marka + model yaz, set fiyatını gönderelim.";#motosiklet #motosikletyedekparça #tekerlekrulmanı #motorrulmanı #honda #yamaha #bajaj #ktm #cfmoto #mondial;https://www.yamansarulman.com/?utm_source=instagram&utm_medium=social&utm_campaign=moto-markalar;gonderiler/gun20_kare.png;"Motosiklet ön tekerlek ve krom fren diski; 12 motosiklet markası logotip listesi";yamaha rulman, ktm tekerlek rulmanı, mondial rulman, rks rulman;Motosiklet marka-model tekerlek rulmanı ölçü tablosu (26 marka)
20;10 Eki 2026 Cmt;09:00;LI;Uygulama;HANGİ MOTOR, HANGİ RULMAN?;"Motosiklet sektöründe yerli montaj markaların (Mondial, RKS, Kuba, Yuki, Arora, Kanuni…) payı hızla artıyor ve bu modellerin rulman ölçüleri Japon markalarından farklılaşıyor.

Yamansa olarak 26 marka için model bazlı tekerlek rulman seti veri tabanı oluşturduk. Servis zincirleri ve yedek parça toptancıları için set bazında fiyatlandırma ve düzenli tedarik programı sunuyoruz.";#motosiklet #motosikletyedekparça #tekerlekrulmanı #motorrulmanı;https://www.yamansarulman.com/?utm_source=instagram&utm_medium=social&utm_campaign=moto-markalar;gonderiler/gun20_linkedin.png;"Motosiklet ön tekerlek ve krom fren diski; 12 motosiklet markası logotip listesi";yamaha rulman, ktm tekerlek rulmanı, mondial rulman, rks rulman;Motosiklet marka-model tekerlek rulmanı ölçü tablosu (26 marka)
21;11 Eki 2026 Paz;12:30;IG;Marka;“Kalite, duyulmayan sestir.”;"Kalite, duyulmayan sestir.

İyi pazarlar. Yeni hafta sanayi tipi rulmanlarla başlıyor.";#rulman #yamansarulman #rulmanfiyatları #sanayi #yedekparça #istanbul #ikitelli;https://www.yamansarulman.com/?utm_source=instagram&utm_medium=social&utm_campaign=pazar2;gonderiler/gun21_kare.png;"Karanlık zeminde kam mili fotoğrafı; alıntı: Kalite, duyulmayan sestir";kaliteli rulman;
21;11 Eki 2026 Paz;12:30;FB;Marka;“Kalite, duyulmayan sestir.”;"Kalite, duyulmayan sestir.

İyi pazarlar. Yeni hafta sanayi tipi rulmanlarla başlıyor.";#rulman #yamansarulman #rulmanfiyatları #sanayi #yedekparça #istanbul #ikitelli;https://www.yamansarulman.com/?utm_source=instagram&utm_medium=social&utm_campaign=pazar2;gonderiler/gun21_kare.png;"Karanlık zeminde kam mili fotoğrafı; alıntı: Kalite, duyulmayan sestir";kaliteli rulman;
22;12 Eki 2026 Pzt;12:30;IG;Ürün;KONİK. SİLİNDİRİK. OYNAK.;"Sadece motosiklet değil. Sanayi tarafında da 1986'dan beri buradayız.

• Konik makaralı (30200/30300/32000 serileri)
• Silindirik makaralı (NU/NJ/N serileri)
• Oynak bilyalı (1200/2200 serileri)
• Geniş kesitli ve yataklı (UCP/UCF) rulmanlar

Redüktör, konveyör, pompa, tezgâh. Ölçü ve kodunuzu yazın.";#endüstri #makineimalat #fabrika #bakım #konikrulman #silindirikrulman;https://www.yamansarulman.com/?utm_source=linkedin&utm_medium=social&utm_campaign=sanayi;gonderiler/gun22_kare.png;"Fabrikada büyük vidalı mil önünde mühendis; sanayi tipi konik, silindirik ve oynak rulmanlar";konik makaralı rulman, silindirik makaralı rulman, oynak bilyalı rulman;Konik, silindirik ve oynak rulman: hangi yükte hangisi?
22;12 Eki 2026 Pzt;12:30;FB;Ürün;KONİK. SİLİNDİRİK. OYNAK.;"Sadece motosiklet değil. Sanayi tarafında da 1986'dan beri buradayız.

• Konik makaralı (30200/30300/32000 serileri)
• Silindirik makaralı (NU/NJ/N serileri)
• Oynak bilyalı (1200/2200 serileri)
• Geniş kesitli ve yataklı (UCP/UCF) rulmanlar

Redüktör, konveyör, pompa, tezgâh. Ölçü ve kodunuzu yazın.";#endüstri #makineimalat #fabrika #bakım #konikrulman #silindirikrulman;https://www.yamansarulman.com/?utm_source=linkedin&utm_medium=social&utm_campaign=sanayi;gonderiler/gun22_kare.png;"Fabrikada büyük vidalı mil önünde mühendis; sanayi tipi konik, silindirik ve oynak rulmanlar";konik makaralı rulman, silindirik makaralı rulman, oynak bilyalı rulman;Konik, silindirik ve oynak rulman: hangi yükte hangisi?
22;12 Eki 2026 Pzt;09:00;LI;Ürün;KONİK. SİLİNDİRİK. OYNAK.;"Sanayi uygulamalarında rulman seçimi yük tipiyle başlar: radyal yük için silindirik makaralı (NU, NJ), birleşik yük için konik makaralı (30200/30300), eksen kaçıklığı olan uzun millerde oynak bilyalı (1200/2200) rulmanlar.

Yamansa, bu ailelerin tümünü SKF, FAG ve ORS markalarıyla stoklamaktadır. Bakım planlaması yapan ekipler için kritik yedek listesi oluşturma desteği veriyoruz.";#endüstri #makineimalat #fabrika #bakım;https://www.yamansarulman.com/?utm_source=linkedin&utm_medium=social&utm_campaign=sanayi;gonderiler/gun22_linkedin.png;"Fabrikada büyük vidalı mil önünde mühendis; sanayi tipi konik, silindirik ve oynak rulmanlar";konik makaralı rulman, silindirik makaralı rulman, oynak bilyalı rulman;Konik, silindirik ve oynak rulman: hangi yükte hangisi?
23;13 Eki 2026 Sal;12:30;IG;Ürün;6800 / 6900 İNCE KESİT;"Dar alan, hafif yük, yüksek devir: 6800 ve 6900 serileri.

6800 → 10×19×5
6801 → 12×21×5
6802 → 15×24×5
6900 → 10×22×6
6901 → 12×24×6
6902 → 15×28×7

E-scooter tekerlekleri, drone motorları, bisiklet göbekleri. NMB ve TPI seçenekleriyle stokta.";#elektrikliscooter #scooter #xiaomi #segway #ninebot #dualtron #navee #scooteryedekparça;https://www.yamansarulman.com/?utm_source=instagram&utm_medium=social&utm_campaign=ince-kesit;gonderiler/gun23_kare.png;6800 ve 6900 serisi ince kesit rulman ölçü tablosu;6900 rulman, 6800 rulman, ince kesit rulman, 61900 rulman;İnce kesit rulmanlar: 6700/6800/6900 serileri ölçü tablosu
23;13 Eki 2026 Sal;12:30;FB;Ürün;6800 / 6900 İNCE KESİT;"Dar alan, hafif yük, yüksek devir: 6800 ve 6900 serileri.

6800 → 10×19×5
6801 → 12×21×5
6802 → 15×24×5
6900 → 10×22×6
6901 → 12×24×6
6902 → 15×28×7

E-scooter tekerlekleri, drone motorları, bisiklet göbekleri. NMB ve TPI seçenekleriyle stokta.";#elektrikliscooter #scooter #xiaomi #segway #ninebot #dualtron #navee #scooteryedekparça;https://www.yamansarulman.com/?utm_source=instagram&utm_medium=social&utm_campaign=ince-kesit;gonderiler/gun23_kare.png;6800 ve 6900 serisi ince kesit rulman ölçü tablosu;6900 rulman, 6800 rulman, ince kesit rulman, 61900 rulman;İnce kesit rulmanlar: 6700/6800/6900 serileri ölçü tablosu
24;14 Eki 2026 Çar;12:30;IG;Kurumsal;STOK, HER GÜN GÜNCELLENİR.;"""Var mı?"" diye aramanıza gerek yok.

yamansarulman.com'da gördüğünüz stok, o günün gerçek stoğu. Her sabah güncellenir. Ölçü filtresiyle iç çap / dış çap / kalınlık girin, stoktaki tüm markaları yan yana görün.

1986'dan beri • 6 distribütör marka • 26 araç markası • 15:00'e kadar aynı gün kargo";#endüstri #makineimalat #fabrika #bakım #konikrulman #silindirikrulman;https://www.yamansarulman.com/?utm_source=linkedin&utm_medium=social&utm_campaign=stok;gonderiler/gun24_kare.png;"Depo rafları koridoru; Yamansa rakamlarla: 1986, 6 marka, 26 marka, 15:00 kargo";rulman stok sorgulama, online rulman satış, rulman fiyat listesi;
24;14 Eki 2026 Çar;12:30;FB;Kurumsal;STOK, HER GÜN GÜNCELLENİR.;"""Var mı?"" diye aramanıza gerek yok.

yamansarulman.com'da gördüğünüz stok, o günün gerçek stoğu. Her sabah güncellenir. Ölçü filtresiyle iç çap / dış çap / kalınlık girin, stoktaki tüm markaları yan yana görün.

1986'dan beri • 6 distribütör marka • 26 araç markası • 15:00'e kadar aynı gün kargo";#endüstri #makineimalat #fabrika #bakım #konikrulman #silindirikrulman;https://www.yamansarulman.com/?utm_source=linkedin&utm_medium=social&utm_campaign=stok;gonderiler/gun24_kare.png;"Depo rafları koridoru; Yamansa rakamlarla: 1986, 6 marka, 26 marka, 15:00 kargo";rulman stok sorgulama, online rulman satış, rulman fiyat listesi;
24;14 Eki 2026 Çar;09:00;LI;Kurumsal;STOK, HER GÜN GÜNCELLENİR.;"B2B e-ticarette en büyük güven sorunu stok bilgisinin gerçek olmamasıdır. Yamansa'da ürün sayfalarındaki stok her gün otomatik olarak güncellenir; satın alma ekipleri telefonla doğrulama yapmak zorunda kalmaz.

Ölçü tabanlı filtreleme (iç çap / dış çap / kalınlık) ile kod bilmeden doğru rulmana ulaşılır. Kurumsal müşteriler için fiyat listesi ve cari hesap seçenekleri mevcuttur.";#endüstri #makineimalat #fabrika #bakım;https://www.yamansarulman.com/?utm_source=linkedin&utm_medium=social&utm_campaign=stok;gonderiler/gun24_linkedin.png;"Depo rafları koridoru; Yamansa rakamlarla: 1986, 6 marka, 26 marka, 15:00 kargo";rulman stok sorgulama, online rulman satış, rulman fiyat listesi;
25;15 Eki 2026 Per;12:30;IG;Teknik;KUMPASLA RULMAN ÖLÇÜMÜ;"Kod silindi, rulman elimde: ne yapayım?

1. İç çap (d) – mile oturan deliği ölç
2. Dış çap (D) – dış kenarı ölç
3. Kalınlık (B) – bilezik genişliğini ölç
+ Kapak tipine bak: metal mi kauçuk mu?

20 × 47 × 14 + kauçuk → 6204-2RS. Ölçüleri yaz, kodunu ve fiyatını gönderelim.";#rulmanteknik #makinebakım #bakımonarım #mühendislik #tekniker;https://www.yamansarulman.com/?utm_source=instagram&utm_medium=social&utm_campaign=kumpas;gonderiler/gun25_kare.png;"Kumpasla ölçüm yapılan atölye masası; kumpasla rulman ölçümü 3 adım listesi";rulman ölçüsü nasıl alınır, kumpasla rulman ölçme, rulman iç çap dış çap;Kumpasla rulman ölçümü ve ölçüden kod bulma tablosu
25;15 Eki 2026 Per;12:30;FB;Teknik;KUMPASLA RULMAN ÖLÇÜMÜ;"Kod silindi, rulman elimde: ne yapayım?

1. İç çap (d) – mile oturan deliği ölç
2. Dış çap (D) – dış kenarı ölç
3. Kalınlık (B) – bilezik genişliğini ölç
+ Kapak tipine bak: metal mi kauçuk mu?

20 × 47 × 14 + kauçuk → 6204-2RS. Ölçüleri yaz, kodunu ve fiyatını gönderelim.";#rulmanteknik #makinebakım #bakımonarım #mühendislik #tekniker;https://www.yamansarulman.com/?utm_source=instagram&utm_medium=social&utm_campaign=kumpas;gonderiler/gun25_kare.png;"Kumpasla ölçüm yapılan atölye masası; kumpasla rulman ölçümü 3 adım listesi";rulman ölçüsü nasıl alınır, kumpasla rulman ölçme, rulman iç çap dış çap;Kumpasla rulman ölçümü ve ölçüden kod bulma tablosu
26;16 Eki 2026 Cum;12:30;IG;Teknik;6204 MÜ, 6304 MÜ?;"6204 mü 6304 mü? İkisi de 20 mm iç çap; fark dış çapta ve yük kapasitesinde.

6204 → 20×47×14 – standart kesit, yüksek devir, motor/pompa/fan
6304 → 20×52×15 – kalın kesit, ağır yük, tekerlek/tarım/redüktör

Kural: Yuva ölçüsü neyse o. 47 mm yuvaya 6304 girmez; 52 mm yuvada 6204 döner ama tutmaz. Ölçüyü yaz, karar verelim.";#rulmanteknik #makinebakım #bakımonarım #mühendislik #tekniker;https://www.yamansarulman.com/?utm_source=instagram&utm_medium=social&utm_campaign=6204-6304;gonderiler/gun26_kare.png;6204 ve 6304 rulman karşılaştırma tablosu;6204 6304 farkı, 6204 rulman ölçüsü, 6304 rulman ölçüsü;6204 ve 6304 farkı: ölçü, yük ve kullanım alanı
26;16 Eki 2026 Cum;12:30;FB;Teknik;6204 MÜ, 6304 MÜ?;"6204 mü 6304 mü? İkisi de 20 mm iç çap; fark dış çapta ve yük kapasitesinde.

6204 → 20×47×14 – standart kesit, yüksek devir, motor/pompa/fan
6304 → 20×52×15 – kalın kesit, ağır yük, tekerlek/tarım/redüktör

Kural: Yuva ölçüsü neyse o. 47 mm yuvaya 6304 girmez; 52 mm yuvada 6204 döner ama tutmaz. Ölçüyü yaz, karar verelim.";#rulmanteknik #makinebakım #bakımonarım #mühendislik #tekniker;https://www.yamansarulman.com/?utm_source=instagram&utm_medium=social&utm_campaign=6204-6304;gonderiler/gun26_kare.png;6204 ve 6304 rulman karşılaştırma tablosu;6204 6304 farkı, 6204 rulman ölçüsü, 6304 rulman ölçüsü;6204 ve 6304 farkı: ölçü, yük ve kullanım alanı
27;17 Eki 2026 Cmt;12:30;IG;Kurumsal;ÖLÇÜ. MUADİL. MARKA ÖNERİSİ.;"Elinizdeki kod eski bir katalogdan mı? Üretimden kalkmış bir marka mı?

Ekibimiz muadil kodu, uygun markayı ve doğru kapak/boşluk tipini birlikte belirler. 40 yıla yakın tecrübe, ücretsiz.

DM, WhatsApp veya 0212 670 02 05.";#endüstri #makineimalat #fabrika #bakım #konikrulman #silindirikrulman;https://www.yamansarulman.com/?utm_source=linkedin&utm_medium=social&utm_campaign=teknik-destek;gonderiler/gun27_kare.png;"CNC tezgâh başında mavi iş kıyafetli mühendis; Yamansa teknik destek";rulman muadil bulma, rulman teknik destek, rulman danışmanlık;Rulman muadil tablosu: eski kodlardan yeni standarda geçiş
27;17 Eki 2026 Cmt;12:30;FB;Kurumsal;ÖLÇÜ. MUADİL. MARKA ÖNERİSİ.;"Elinizdeki kod eski bir katalogdan mı? Üretimden kalkmış bir marka mı?

Ekibimiz muadil kodu, uygun markayı ve doğru kapak/boşluk tipini birlikte belirler. 40 yıla yakın tecrübe, ücretsiz.

DM, WhatsApp veya 0212 670 02 05.";#endüstri #makineimalat #fabrika #bakım #konikrulman #silindirikrulman;https://www.yamansarulman.com/?utm_source=linkedin&utm_medium=social&utm_campaign=teknik-destek;gonderiler/gun27_kare.png;"CNC tezgâh başında mavi iş kıyafetli mühendis; Yamansa teknik destek";rulman muadil bulma, rulman teknik destek, rulman danışmanlık;Rulman muadil tablosu: eski kodlardan yeni standarda geçiş
27;17 Eki 2026 Cmt;09:00;LI;Kurumsal;ÖLÇÜ. MUADİL. MARKA ÖNERİSİ.;"Bakım ekiplerinin sık karşılaştığı sorun: eski makinelerde üretimi durmuş ya da farklı standartta kodlanmış rulmanlar. Bu durumda doğru muadili bulmak, makinenin ömrünü belirler.

Yamansa teknik ekibi; ölçü doğrulama, muadil kod tespiti, marka ve boşluk sınıfı önerisini ücretsiz sunar. 1986'dan beri biriken saha tecrübesi, hızlı ve doğru karar için en güçlü aracımız.";#endüstri #makineimalat #fabrika #bakım;https://www.yamansarulman.com/?utm_source=linkedin&utm_medium=social&utm_campaign=teknik-destek;gonderiler/gun27_linkedin.png;"CNC tezgâh başında mavi iş kıyafetli mühendis; Yamansa teknik destek";rulman muadil bulma, rulman teknik destek, rulman danışmanlık;Rulman muadil tablosu: eski kodlardan yeni standarda geçiş
28;18 Eki 2026 Paz;12:30;IG;CTA;ÖN + ARKA SET, KARGO BİZDEN.;"Bu hafta motosiklet ve scooter tekerlek rulmanı setlerinde kargo bizden.

Ön + arka seti birlikte al, ücretsiz kargoyla aynı gün yola çıksın. Marka + model yaz, set fiyatını gönderelim.

Kampanya 25 Ekim'e kadar geçerlidir.";#motosiklet #motosikletyedekparça #tekerlekrulmanı #motorrulmanı #honda #yamaha #bajaj #ktm #cfmoto #mondial;https://www.yamansarulman.com/?utm_source=instagram&utm_medium=social&utm_campaign=set-kampanya;gonderiler/gun28_kare.png;"Turuncu motosiklet jantı ve jant telleri; ön ve arka tekerlek rulman seti kampanyası";motosiklet rulman seti, ücretsiz kargo rulman;
28;18 Eki 2026 Paz;12:30;FB;CTA;ÖN + ARKA SET, KARGO BİZDEN.;"Bu hafta motosiklet ve scooter tekerlek rulmanı setlerinde kargo bizden.

Ön + arka seti birlikte al, ücretsiz kargoyla aynı gün yola çıksın. Marka + model yaz, set fiyatını gönderelim.

Kampanya 25 Ekim'e kadar geçerlidir.";#motosiklet #motosikletyedekparça #tekerlekrulmanı #motorrulmanı #honda #yamaha #bajaj #ktm #cfmoto #mondial;https://www.yamansarulman.com/?utm_source=instagram&utm_medium=social&utm_campaign=set-kampanya;gonderiler/gun28_kare.png;"Turuncu motosiklet jantı ve jant telleri; ön ve arka tekerlek rulman seti kampanyası";motosiklet rulman seti, ücretsiz kargo rulman;
29;19 Eki 2026 Pzt;12:30;IG;Marka;40 YILA YAKIN TECRÜBE.;"1986'da İkitelli'de küçük bir dükkânla başladı. Bugün 81 ile aynı gün sevkiyat yapan bir rulman tedarikçisiyiz.

Değişmeyen tek şey ilkemiz: doğru ürün, doğru fiyat, zamanında teslim.

Bizi takip ettiğiniz için teşekkürler.";#rulman #yamansarulman #rulmanfiyatları #sanayi #yedekparça #istanbul #ikitelli;https://www.yamansarulman.com/?utm_source=linkedin&utm_medium=social&utm_campaign=40yil;gonderiler/gun29_kare.png;"Fabrika üretim hattında çalışanlar; Yamansa 1986'dan 2026'ya rakamlar";rulman firması istanbul, köklü rulman tedarikçisi, yamansa rulman hakkında;Yamansa Rulman hikâyesi: 1986'dan bugüne
29;19 Eki 2026 Pzt;12:30;FB;Marka;40 YILA YAKIN TECRÜBE.;"1986'da İkitelli'de küçük bir dükkânla başladı. Bugün 81 ile aynı gün sevkiyat yapan bir rulman tedarikçisiyiz.

Değişmeyen tek şey ilkemiz: doğru ürün, doğru fiyat, zamanında teslim.

Bizi takip ettiğiniz için teşekkürler.";#rulman #yamansarulman #rulmanfiyatları #sanayi #yedekparça #istanbul #ikitelli;https://www.yamansarulman.com/?utm_source=linkedin&utm_medium=social&utm_campaign=40yil;gonderiler/gun29_kare.png;"Fabrika üretim hattında çalışanlar; Yamansa 1986'dan 2026'ya rakamlar";rulman firması istanbul, köklü rulman tedarikçisi, yamansa rulman hakkında;Yamansa Rulman hikâyesi: 1986'dan bugüne
29;19 Eki 2026 Pzt;09:00;LI;Marka;40 YILA YAKIN TECRÜBE.;"Yamansa Rulman 1986'da İkitelli'de kuruldu. 40 yıla yaklaşan sürede rulman ithalatı ve distribütörlüğünde uzmanlaştık; kendi alanında uzman üreticilerin yeni nesil rulmanlarını Türkiye pazarına sunduk.

Bugün SKF, FAG, ORS, NMB, TPI ve Yamansa markalı ürünlerle sanayi, motosiklet ve mikro mobilite sektörlerine hizmet veriyoruz. Yeni dönemde dijital stok görünürlüğü ve B2B çevrimiçi sipariş ile büyümeye devam ediyoruz.";#rulman #yamansarulman #rulmanfiyatları #sanayi;https://www.yamansarulman.com/?utm_source=linkedin&utm_medium=social&utm_campaign=40yil;gonderiler/gun29_linkedin.png;"Fabrika üretim hattında çalışanlar; Yamansa 1986'dan 2026'ya rakamlar";rulman firması istanbul, köklü rulman tedarikçisi, yamansa rulman hakkında;Yamansa Rulman hikâyesi: 1986'dan bugüne
30;20 Eki 2026 Sal;12:30;IG;CTA;ÖLÇÜNÜ GİR, RULMANINI BUL.;"Bir aydır anlattık: kod okuma, ZZ/2RS, C3, ölçü alma, montaj…

Şimdi sıra sizde: yamansarulman.com'a gir, ölçünü yaz, stoktaki tüm markaları fiyatıyla gör. Saat 15:00'e kadar sipariş, aynı gün kargo.

Kaçırdığınız gönderiler için profilimize göz atın. Sorularınız için DM her zaman açık. Yarın 2. ay başlıyor: kapak kodları, konik rulmanlar, 608, çamaşır makinesi rulmanı ve daha fazlası.";#rulman #yamansarulman #rulmanfiyatları #sanayi #yedekparça #istanbul #ikitelli;https://www.yamansarulman.com/?utm_source=instagram&utm_medium=social&utm_campaign=katalog;gonderiler/gun30_kare.png;"Çelik rulman bilezikleri ve bilyeler; Yamansa online katalog çağrısı";online rulman katalog, rulman ölçü filtresi, rulman satın al;Site içi arama ve ölçü filtresi kullanım rehberi
30;20 Eki 2026 Sal;12:30;FB;CTA;ÖLÇÜNÜ GİR, RULMANINI BUL.;"Bir aydır anlattık: kod okuma, ZZ/2RS, C3, ölçü alma, montaj…

Şimdi sıra sizde: yamansarulman.com'a gir, ölçünü yaz, stoktaki tüm markaları fiyatıyla gör. Saat 15:00'e kadar sipariş, aynı gün kargo.

Kaçırdığınız gönderiler için profilimize göz atın. Sorularınız için DM her zaman açık. Yarın 2. ay başlıyor: kapak kodları, konik rulmanlar, 608, çamaşır makinesi rulmanı ve daha fazlası.";#rulman #yamansarulman #rulmanfiyatları #sanayi #yedekparça #istanbul #ikitelli;https://www.yamansarulman.com/?utm_source=instagram&utm_medium=social&utm_campaign=katalog;gonderiler/gun30_kare.png;"Çelik rulman bilezikleri ve bilyeler; Yamansa online katalog çağrısı";online rulman katalog, rulman ölçü filtresi, rulman satın al;Site içi arama ve ölçü filtresi kullanım rehberi
30;20 Eki 2026 Sal;09:00;LI;CTA;ÖLÇÜNÜ GİR, RULMANINI BUL.;"Bir aylık içerik serimizde rulman kodlarını, kapak ve boşluk sınıflarını, ölçü almayı ve montaj hatalarını ele aldık. Tüm içeriklere sayfamızdan ulaşabilirsiniz.

Ölçü tabanlı çevrimiçi kataloğumuz yamansarulman.com adresinde: iç çap / dış çap / kalınlık girin, stoktaki markaları karşılaştırın. Kurumsal tedarik için ekibimizle iletişime geçin.";#rulman #yamansarulman #rulmanfiyatları #sanayi;https://www.yamansarulman.com/?utm_source=instagram&utm_medium=social&utm_campaign=katalog;gonderiler/gun30_linkedin.png;"Çelik rulman bilezikleri ve bilyeler; Yamansa online katalog çağrısı";online rulman katalog, rulman ölçü filtresi, rulman satın al;Site içi arama ve ölçü filtresi kullanım rehberi
31;21 Eki 2026 Çar;12:30;IG;Teknik;Z, ZZ, RS, 2RS, 2RZ NE DEMEK?;"2. aya teknikle başlıyoruz: kod sonundaki harfler ne diyor?

Z / ZZ → tek / çift metal kapak
RS / 2RS → tek / çift kauçuk keçe (SKF'de 2RS1, NSK'de DDU)
2RZ → temassız keçe: ZZ'nin düşük sürtünmesi + kauçuğun toz koruması
Harf yok → açık rulman, yağlamayı siz yaparsınız

Kaydet; ölçünüzü yazarken harfleri de yazın, tam eşleşme gönderelim.";#rulmanteknik #makinebakım #bakımonarım #mühendislik #tekniker;https://www.yamansarulman.com/?utm_source=instagram&utm_medium=social&utm_campaign=kapak-kodlari;gonderiler/gun31_kare.png;Bilyalı rulman fotoğrafı üzerinde Z, ZZ, RS, 2RS ve 2RZ kapak kodlarının açıklaması;2rz rulman ne demek, z rulman zz rulman farkı, rs rulman, 2rs1 ddu;Rulman kapak kodları: Z, ZZ, RS, 2RS, 2RZ ve marka karşılıkları (SKF, NSK, FAG)
31;21 Eki 2026 Çar;12:30;FB;Teknik;Z, ZZ, RS, 2RS, 2RZ NE DEMEK?;"2. aya teknikle başlıyoruz: kod sonundaki harfler ne diyor?

Z / ZZ → tek / çift metal kapak
RS / 2RS → tek / çift kauçuk keçe (SKF'de 2RS1, NSK'de DDU)
2RZ → temassız keçe: ZZ'nin düşük sürtünmesi + kauçuğun toz koruması
Harf yok → açık rulman, yağlamayı siz yaparsınız

Kaydet; ölçünüzü yazarken harfleri de yazın, tam eşleşme gönderelim.";#rulmanteknik #makinebakım #bakımonarım #mühendislik #tekniker;https://www.yamansarulman.com/?utm_source=instagram&utm_medium=social&utm_campaign=kapak-kodlari;gonderiler/gun31_kare.png;Bilyalı rulman fotoğrafı üzerinde Z, ZZ, RS, 2RS ve 2RZ kapak kodlarının açıklaması;2rz rulman ne demek, z rulman zz rulman farkı, rs rulman, 2rs1 ddu;Rulman kapak kodları: Z, ZZ, RS, 2RS, 2RZ ve marka karşılıkları (SKF, NSK, FAG)
31;21 Eki 2026 Çar;09:00;LI;Teknik;Z, ZZ, RS, 2RS, 2RZ NE DEMEK?;"Rulman kodlarındaki kapak ekleri markadan markaya değişir ve satın almada sık karışıklık yaratır: SKF 2RS1 / 2RZ, NSK DDU / VV, FAG 2RSR / 2HRS aynı işlevi karşılar.

Temaslı keçe (2RS) en yüksek korumayı, metal kapak (ZZ) en düşük sürtünmeyi, temassız keçe (2RZ) ikisinin arasını verir. Muadil seçerken yalnızca ölçü değil, kapak tipi de eşleşmelidir.

Markalar arası muadil tablomuz için ekibimizle iletişime geçebilirsiniz.";#rulmanteknik #makinebakım #bakımonarım #mühendislik;https://www.yamansarulman.com/?utm_source=instagram&utm_medium=social&utm_campaign=kapak-kodlari;gonderiler/gun31_linkedin.png;Bilyalı rulman fotoğrafı üzerinde Z, ZZ, RS, 2RS ve 2RZ kapak kodlarının açıklaması;2rz rulman ne demek, z rulman zz rulman farkı, rs rulman, 2rs1 ddu;Rulman kapak kodları: Z, ZZ, RS, 2RS, 2RZ ve marka karşılıkları (SKF, NSK, FAG)
32;22 Eki 2026 Per;12:30;IG;Ürün;6206 – 6211 BÜYÜK ÖLÇÜLER;"6200 serisinin devamı: 30 mm'den 55 mm iç çapa.

6206 → 30×62×16
6207 → 35×72×17
6208 → 40×80×18
6209 → 45×85×19
6210 → 50×90×20
6211 → 55×100×21

Çamaşır makinesi, su pompası, tarım makinesi, redüktör. ZZ, 2RS ve C3 seçenekleriyle stokta.";#rulman #yamansarulman #rulmanfiyatları #sanayi #yedekparça #istanbul #ikitelli;https://www.yamansarulman.com/?utm_source=instagram&utm_medium=social&utm_campaign=seri6200-buyuk;gonderiler/gun32_kare.png;6206'dan 6211'e 6200 serisi büyük ölçü rulman tablosu;6206 rulman, 6207 rulman, 6208 rulman, 6210 rulman ölçüleri;6206, 6207, 6208, 6209, 6210 rulman ölçüleri ve kullanım alanları
32;22 Eki 2026 Per;12:30;FB;Ürün;6206 – 6211 BÜYÜK ÖLÇÜLER;"6200 serisinin devamı: 30 mm'den 55 mm iç çapa.

6206 → 30×62×16
6207 → 35×72×17
6208 → 40×80×18
6209 → 45×85×19
6210 → 50×90×20
6211 → 55×100×21

Çamaşır makinesi, su pompası, tarım makinesi, redüktör. ZZ, 2RS ve C3 seçenekleriyle stokta.";#rulman #yamansarulman #rulmanfiyatları #sanayi #yedekparça #istanbul #ikitelli;https://www.yamansarulman.com/?utm_source=instagram&utm_medium=social&utm_campaign=seri6200-buyuk;gonderiler/gun32_kare.png;6206'dan 6211'e 6200 serisi büyük ölçü rulman tablosu;6206 rulman, 6207 rulman, 6208 rulman, 6210 rulman ölçüleri;6206, 6207, 6208, 6209, 6210 rulman ölçüleri ve kullanım alanları
33;23 Eki 2026 Cum;12:30;IG;Uygulama;ÇAMAŞIR MAKİNESİ RULMANI.;"Sıkma sırasında uçak kalkıyor gibi ses mi geliyor? Kazan rulmanı bitmiş demektir.

Çamaşır makinelerinde en çok kullanılan kodlar:
• 6204 / 6205 / 6206 (2RS veya ZZ)
• 6305 / 6306 (ağır hizmet)

Marka ne olursa olsun kodu rulmanın üzerinde yazar; silinmişse üç ölçüyü yaz, biz bulalım. Servisler için toplu fiyat.";#çamaşırmakinesi #beyazeşya #beyazeşyatamir #çamaşırmakinesirulmanı #rulman #yamansarulman;https://www.yamansarulman.com/?utm_source=instagram&utm_medium=social&utm_campaign=camasir-makinesi;gonderiler/gun33_kare.png;Paslanmaz çamaşır makinesi kazanı yakın çekim üzerinde 'Çamaşır makinesi rulmanı' başlığı;çamaşır makinesi rulmanı, çamaşır makinesi rulman ölçüsü, 6205 6206 rulman;Çamaşır makinesi rulmanı ölçüleri: marka-model bazlı 6204/6205/6206/6305/6306 tablosu
33;23 Eki 2026 Cum;12:30;FB;Uygulama;ÇAMAŞIR MAKİNESİ RULMANI.;"Sıkma sırasında uçak kalkıyor gibi ses mi geliyor? Kazan rulmanı bitmiş demektir.

Çamaşır makinelerinde en çok kullanılan kodlar:
• 6204 / 6205 / 6206 (2RS veya ZZ)
• 6305 / 6306 (ağır hizmet)

Marka ne olursa olsun kodu rulmanın üzerinde yazar; silinmişse üç ölçüyü yaz, biz bulalım. Servisler için toplu fiyat.";#çamaşırmakinesi #beyazeşya #beyazeşyatamir #çamaşırmakinesirulmanı #rulman #yamansarulman;https://www.yamansarulman.com/?utm_source=instagram&utm_medium=social&utm_campaign=camasir-makinesi;gonderiler/gun33_kare.png;Paslanmaz çamaşır makinesi kazanı yakın çekim üzerinde 'Çamaşır makinesi rulmanı' başlığı;çamaşır makinesi rulmanı, çamaşır makinesi rulman ölçüsü, 6205 6206 rulman;Çamaşır makinesi rulmanı ölçüleri: marka-model bazlı 6204/6205/6206/6305/6306 tablosu
33;23 Eki 2026 Cum;09:00;LI;Uygulama;ÇAMAŞIR MAKİNESİ RULMANI.;"Beyaz eşya servislerinde en yüksek adetli rulman değişimi çamaşır makinesi kazan rulmanlarıdır. Çoğu model 6204–6206 ve 6305–6306 kodlarını kullanır; keçe ile birlikte set olarak değişmesi gerekir.

Yamansa olarak bu ölçülerde SKF, FAG, ORS ve Yamansa markalı seçenekleri derin stokla tutuyoruz. Servis zincirleri için aylık çerçeve fiyat sunabiliyoruz.";#çamaşırmakinesi #beyazeşya #beyazeşyatamir #çamaşırmakinesirulmanı;https://www.yamansarulman.com/?utm_source=instagram&utm_medium=social&utm_campaign=camasir-makinesi;gonderiler/gun33_linkedin.png;Paslanmaz çamaşır makinesi kazanı yakın çekim üzerinde 'Çamaşır makinesi rulmanı' başlığı;çamaşır makinesi rulmanı, çamaşır makinesi rulman ölçüsü, 6205 6206 rulman;Çamaşır makinesi rulmanı ölçüleri: marka-model bazlı 6204/6205/6206/6305/6306 tablosu
34;24 Eki 2026 Cmt;12:30;IG;Uygulama;608: DÜNYANIN EN ÇOK SATAN RULMANI;"Dünyada en çok üretilen rulman kodu: 608.

8 × 22 × 7 mm. Kaykay ve paten tekerleği, e-scooter, 3D yazıcı, drone, fidget spinner…

608ZZ → metal kapak, hızlı ve hafif
608-2RS → kauçuk keçe, dış ortam
ABEC sınıfı → hassasiyet; 608 ABEC-7 kaykayda tercih edilir

Adetli fiyat için DM. Hafta sonu keyifli sürüşler.";#kaykay #paten #608rulman #longboard #rulman #yamansarulman;https://www.yamansarulman.com/?utm_source=instagram&utm_medium=social&utm_campaign=608;gonderiler/gun34_kare.png;"Kaykay tekerleği ve aksı yakın çekim; 608 rulman tanıtımı";608 rulman, 608zz rulman, 608 2rs, kaykay rulmanı, paten rulmanı;608 rulman nedir? 608ZZ / 608-2RS farkı ve ABEC sınıfları
34;24 Eki 2026 Cmt;12:30;FB;Uygulama;608: DÜNYANIN EN ÇOK SATAN RULMANI;"Dünyada en çok üretilen rulman kodu: 608.

8 × 22 × 7 mm. Kaykay ve paten tekerleği, e-scooter, 3D yazıcı, drone, fidget spinner…

608ZZ → metal kapak, hızlı ve hafif
608-2RS → kauçuk keçe, dış ortam
ABEC sınıfı → hassasiyet; 608 ABEC-7 kaykayda tercih edilir

Adetli fiyat için DM. Hafta sonu keyifli sürüşler.";#kaykay #paten #608rulman #longboard #rulman #yamansarulman;https://www.yamansarulman.com/?utm_source=instagram&utm_medium=social&utm_campaign=608;gonderiler/gun34_kare.png;"Kaykay tekerleği ve aksı yakın çekim; 608 rulman tanıtımı";608 rulman, 608zz rulman, 608 2rs, kaykay rulmanı, paten rulmanı;608 rulman nedir? 608ZZ / 608-2RS farkı ve ABEC sınıfları
35;25 Eki 2026 Paz;12:30;IG;Marka;“Dönen her şeyin altında bir rulman vardır.”;"Dönen her şeyin altında bir rulman vardır.

İyi pazarlar. Yeni hafta: rulman neden erken biter?";#rulman #yamansarulman #rulmanfiyatları #sanayi #yedekparça #istanbul #ikitelli;https://www.yamansarulman.com/?utm_source=instagram&utm_medium=social&utm_campaign=pazar3;gonderiler/gun35_kare.png;"CNC tezgâh kesici ucu yakın çekim; alıntı: Dönen her şeyin altında bir rulman vardır";rulman;
35;25 Eki 2026 Paz;12:30;FB;Marka;“Dönen her şeyin altında bir rulman vardır.”;"Dönen her şeyin altında bir rulman vardır.

İyi pazarlar. Yeni hafta: rulman neden erken biter?";#rulman #yamansarulman #rulmanfiyatları #sanayi #yedekparça #istanbul #ikitelli;https://www.yamansarulman.com/?utm_source=instagram&utm_medium=social&utm_campaign=pazar3;gonderiler/gun35_kare.png;"CNC tezgâh kesici ucu yakın çekim; alıntı: Dönen her şeyin altında bir rulman vardır";rulman;
36;26 Eki 2026 Pzt;12:30;IG;Teknik;RULMAN NEDEN ERKEN BİTER?;"Yeni taktığınız rulman 3 ayda bitti mi? Suçlu genelde rulman değil.

1. Yanlış / yetersiz yağlama
2. Kir ve su girişi
3. Montaj hatası
4. Hizasızlık, aşırı yük, yanlış boşluk sınıfı
5. Sahte ürün

Bitmiş rulmanı atmayın; fotoğrafını DM'den gönderin, iz tipinden nedeni birlikte okuyalım.";#rulmanteknik #makinebakım #bakımonarım #mühendislik #tekniker;https://www.yamansarulman.com/?utm_source=linkedin&utm_medium=social&utm_campaign=ariza-analizi;gonderiler/gun36_kare.png;"Yüzeyi çukurlaşmış (pitting) aşınmış rulman bileziği yakın çekim; rulmanın erken bitmesinin 5 nedeni listesi";rulman neden bozulur, rulman ömrü, rulman arıza nedenleri, rulman erken bitmesi;Rulman arıza analizi: yüzey izlerinden nedeni okumak (yağlama, kirlenme, montaj, hizasızlık)
36;26 Eki 2026 Pzt;12:30;FB;Teknik;RULMAN NEDEN ERKEN BİTER?;"Yeni taktığınız rulman 3 ayda bitti mi? Suçlu genelde rulman değil.

1. Yanlış / yetersiz yağlama
2. Kir ve su girişi
3. Montaj hatası
4. Hizasızlık, aşırı yük, yanlış boşluk sınıfı
5. Sahte ürün

Bitmiş rulmanı atmayın; fotoğrafını DM'den gönderin, iz tipinden nedeni birlikte okuyalım.";#rulmanteknik #makinebakım #bakımonarım #mühendislik #tekniker;https://www.yamansarulman.com/?utm_source=linkedin&utm_medium=social&utm_campaign=ariza-analizi;gonderiler/gun36_kare.png;"Yüzeyi çukurlaşmış (pitting) aşınmış rulman bileziği yakın çekim; rulmanın erken bitmesinin 5 nedeni listesi";rulman neden bozulur, rulman ömrü, rulman arıza nedenleri, rulman erken bitmesi;Rulman arıza analizi: yüzey izlerinden nedeni okumak (yağlama, kirlenme, montaj, hizasızlık)
36;26 Eki 2026 Pzt;09:00;LI;Teknik;RULMAN NEDEN ERKEN BİTER?;"Saha verilerine göre rulman arızalarının yalnızca küçük bir kısmı malzeme yorulmasından kaynaklanır; çoğunluğu yağlama, kirlenme ve montaj hatalarına bağlıdır.

Bitmiş rulmanın yüzey izleri (koyu bantlar, pullanma, korozyon lekeleri, kafes deformasyonu) arıza nedenini söyler. Bakım ekipleri için kısa bir arıza analizi rehberi hazırladık; talep eden ekiplere gönderiyoruz.

Doğru teşhis, aynı arızanın tekrarını önler.";#rulmanteknik #makinebakım #bakımonarım #mühendislik;https://www.yamansarulman.com/?utm_source=linkedin&utm_medium=social&utm_campaign=ariza-analizi;gonderiler/gun36_linkedin.png;"Yüzeyi çukurlaşmış (pitting) aşınmış rulman bileziği yakın çekim; rulmanın erken bitmesinin 5 nedeni listesi";rulman neden bozulur, rulman ömrü, rulman arıza nedenleri, rulman erken bitmesi;Rulman arıza analizi: yüzey izlerinden nedeni okumak (yağlama, kirlenme, montaj, hizasızlık)
37;27 Eki 2026 Sal;12:30;IG;Ürün;30200 SERİSİ KONİK RULMAN;"Konik makaralı rulman: radyal ve eksenel yükü aynı anda taşır.

30203 → 17×40×13,25
30204 → 20×47×15,25
30205 → 25×52×16,25
30206 → 30×62×17,25
30207 → 35×72×18,25
30208 → 40×80×19,75

Konik rulmanlar çift olarak çalışır; ön yük ayarı ömrü belirler. Araç poyrası, redüktör, motosiklet direksiyonu. SKF, FAG, ORS stokta.";#endüstri #makineimalat #fabrika #bakım #konikrulman #silindirikrulman;https://www.yamansarulman.com/?utm_source=instagram&utm_medium=social&utm_campaign=konik-30200;gonderiler/gun37_kare.png;Konik makaralı rulman ürün fotoğrafı ve 30203'ten 30208'e ölçü tablosu;30204 rulman, 30205 rulman, konik makaralı rulman ölçüleri, 30200 serisi;30200 / 30300 / 32000 konik makaralı rulman ölçü tablosu ve ön yük ayarı
37;27 Eki 2026 Sal;12:30;FB;Ürün;30200 SERİSİ KONİK RULMAN;"Konik makaralı rulman: radyal ve eksenel yükü aynı anda taşır.

30203 → 17×40×13,25
30204 → 20×47×15,25
30205 → 25×52×16,25
30206 → 30×62×17,25
30207 → 35×72×18,25
30208 → 40×80×19,75

Konik rulmanlar çift olarak çalışır; ön yük ayarı ömrü belirler. Araç poyrası, redüktör, motosiklet direksiyonu. SKF, FAG, ORS stokta.";#endüstri #makineimalat #fabrika #bakım #konikrulman #silindirikrulman;https://www.yamansarulman.com/?utm_source=instagram&utm_medium=social&utm_campaign=konik-30200;gonderiler/gun37_kare.png;Konik makaralı rulman ürün fotoğrafı ve 30203'ten 30208'e ölçü tablosu;30204 rulman, 30205 rulman, konik makaralı rulman ölçüleri, 30200 serisi;30200 / 30300 / 32000 konik makaralı rulman ölçü tablosu ve ön yük ayarı
38;28 Eki 2026 Çar;12:30;IG;Kurumsal;KRİTİK YEDEK LİSTESİ;"Makine gece 02:00'de durdu, rulman yok, kargo sabah. Tanıdık mı?

Kritik yedek listesi 5 adımda:
1. Duruşu en pahalı makineleri belirle
2. Rulman kodlarını ve adetlerini çıkar
3. Tedariki uzun olanları rafta tut
4. Muadilleri önceden onaylat
5. Yılda bir güncelle

Listenizi çıkarmada yardımcı oluyoruz; makine listenizi DM'den gönderin.";#endüstri #makineimalat #fabrika #bakım #konikrulman #silindirikrulman;https://www.yamansarulman.com/?utm_source=linkedin&utm_medium=social&utm_campaign=kritik-yedek;gonderiler/gun38_kare.png;"Üretim hattı önünde gülümseyen mühendis; kritik yedek listesi 5 adım";kritik yedek parça listesi, planlı bakım rulman, bakım stoğu;Kritik yedek parça listesi nasıl hazırlanır? Rulman odaklı planlı bakım rehberi
38;28 Eki 2026 Çar;12:30;FB;Kurumsal;KRİTİK YEDEK LİSTESİ;"Makine gece 02:00'de durdu, rulman yok, kargo sabah. Tanıdık mı?

Kritik yedek listesi 5 adımda:
1. Duruşu en pahalı makineleri belirle
2. Rulman kodlarını ve adetlerini çıkar
3. Tedariki uzun olanları rafta tut
4. Muadilleri önceden onaylat
5. Yılda bir güncelle

Listenizi çıkarmada yardımcı oluyoruz; makine listenizi DM'den gönderin.";#endüstri #makineimalat #fabrika #bakım #konikrulman #silindirikrulman;https://www.yamansarulman.com/?utm_source=linkedin&utm_medium=social&utm_campaign=kritik-yedek;gonderiler/gun38_kare.png;"Üretim hattı önünde gülümseyen mühendis; kritik yedek listesi 5 adım";kritik yedek parça listesi, planlı bakım rulman, bakım stoğu;Kritik yedek parça listesi nasıl hazırlanır? Rulman odaklı planlı bakım rehberi
38;28 Eki 2026 Çar;09:00;LI;Kurumsal;KRİTİK YEDEK LİSTESİ;"Planlı bakımın en ucuz sigortası kritik yedek listesidir. Yüksek duruş maliyetli ekipmanların rulman kodları, adetleri ve onaylı muadilleri tek bir listede tutulmalı; tedarik süresi uzun kalemler rafta bekletilmelidir.

Yamansa olarak bakım ekiplerine bu listeyi oluşturmada teknik destek veriyoruz: kod doğrulama, muadil onayı ve stokta tutma önerileri. Yıl sonu bakım duruşları için şimdi doğru zaman.";#endüstri #makineimalat #fabrika #bakım;https://www.yamansarulman.com/?utm_source=linkedin&utm_medium=social&utm_campaign=kritik-yedek;gonderiler/gun38_linkedin.png;"Üretim hattı önünde gülümseyen mühendis; kritik yedek listesi 5 adım";kritik yedek parça listesi, planlı bakım rulman, bakım stoğu;Kritik yedek parça listesi nasıl hazırlanır? Rulman odaklı planlı bakım rehberi
39;29 Eki 2026 Per;12:30;IG;Marka;CUMHURİYET BAYRAMIMIZ KUTLU OLSUN.;"Cumhuriyetimizin 103. yılı kutlu olsun.

Üreten, çalışan ve dönen bir Türkiye için; 1986'dan beri İkitelli'den.";#29Ekim #CumhuriyetBayramı #Cumhuriyet #yamansarulman;https://www.yamansarulman.com/?utm_source=instagram&utm_medium=social&utm_campaign=29ekim;gonderiler/gun39_kare.png;"Fabrika üretim hattında çalışanlar; Cumhuriyet Bayramı kutlama mesajı";;
39;29 Eki 2026 Per;12:30;FB;Marka;CUMHURİYET BAYRAMIMIZ KUTLU OLSUN.;"Cumhuriyetimizin 103. yılı kutlu olsun.

Üreten, çalışan ve dönen bir Türkiye için; 1986'dan beri İkitelli'den.";#29Ekim #CumhuriyetBayramı #Cumhuriyet #yamansarulman;https://www.yamansarulman.com/?utm_source=instagram&utm_medium=social&utm_campaign=29ekim;gonderiler/gun39_kare.png;"Fabrika üretim hattında çalışanlar; Cumhuriyet Bayramı kutlama mesajı";;
39;29 Eki 2026 Per;09:00;LI;Marka;CUMHURİYET BAYRAMIMIZ KUTLU OLSUN.;Cumhuriyetimizin 103. yılı kutlu olsun. Üreten ve çalışan Türkiye'nin bir parçası olmaktan gurur duyuyoruz.;#29Ekim #CumhuriyetBayramı #Cumhuriyet #yamansarulman;https://www.yamansarulman.com/?utm_source=instagram&utm_medium=social&utm_campaign=29ekim;gonderiler/gun39_linkedin.png;"Fabrika üretim hattında çalışanlar; Cumhuriyet Bayramı kutlama mesajı";;
40;30 Eki 2026 Cum;12:30;IG;Teknik;BİLYALI MI, MAKARALI MI?;"Bilyalı mı, makaralı mı?

Bilyalı → nokta temas: hızlı döner, az sürter, hafif–orta yük. Motor, fan, tekerlek.
Makaralı → çizgi temas: çok yük taşır, darbeye dayanır, daha yavaş. Redüktör, konveyör, ağır poyra.

Aynı yuvaya ikisi de giriyorsa yük ve devre bakın. Emin değilseniz uygulamayı yazın.";#rulmanteknik #makinebakım #bakımonarım #mühendislik #tekniker;https://www.yamansarulman.com/?utm_source=instagram&utm_medium=social&utm_campaign=bilyali-makarali;gonderiler/gun40_kare.png;Bilyalı ve makaralı rulman karşılaştırma tablosu;bilyalı rulman makaralı rulman farkı, bilyalı rulman nedir, makaralı rulman nedir;Bilyalı ve makaralı rulman farkı: hangi yükte, hangi devirde?
40;30 Eki 2026 Cum;12:30;FB;Teknik;BİLYALI MI, MAKARALI MI?;"Bilyalı mı, makaralı mı?

Bilyalı → nokta temas: hızlı döner, az sürter, hafif–orta yük. Motor, fan, tekerlek.
Makaralı → çizgi temas: çok yük taşır, darbeye dayanır, daha yavaş. Redüktör, konveyör, ağır poyra.

Aynı yuvaya ikisi de giriyorsa yük ve devre bakın. Emin değilseniz uygulamayı yazın.";#rulmanteknik #makinebakım #bakımonarım #mühendislik #tekniker;https://www.yamansarulman.com/?utm_source=instagram&utm_medium=social&utm_campaign=bilyali-makarali;gonderiler/gun40_kare.png;Bilyalı ve makaralı rulman karşılaştırma tablosu;bilyalı rulman makaralı rulman farkı, bilyalı rulman nedir, makaralı rulman nedir;Bilyalı ve makaralı rulman farkı: hangi yükte, hangi devirde?
41;31 Eki 2026 Cmt;12:30;IG;Uygulama;DİREKSİYON & SALINCAK RULMANLARI;"Gidon ortada 'takılıyor', virajda kendi kendine düzeliyor mu? Boyun (direksiyon) rulmanı bitmiştir.

• Direksiyon konik rulman setleri (üst + alt)
• Salıncak rulman ve burç setleri
• Ön / arka tekerlek setleri

Marka + model yaz, tam seti aynı gün kargolayalım. Kış bakımı için ideal zaman.";#motosiklet #motosikletyedekparça #tekerlekrulmanı #motorrulmanı #honda #yamaha #bajaj #ktm #cfmoto #mondial;https://www.yamansarulman.com/?utm_source=instagram&utm_medium=social&utm_campaign=direksiyon-salincak;gonderiler/gun41_kare.png;"Motosiklet ön tekerlek ve fren diski; direksiyon ve salıncak rulmanları tanıtımı";motosiklet direksiyon rulmanı, boyun rulmanı, salıncak rulmanı, motosiklet konik rulman;Motosiklet direksiyon (boyun) rulmanı belirtileri ve model bazlı set tablosu
41;31 Eki 2026 Cmt;12:30;FB;Uygulama;DİREKSİYON & SALINCAK RULMANLARI;"Gidon ortada 'takılıyor', virajda kendi kendine düzeliyor mu? Boyun (direksiyon) rulmanı bitmiştir.

• Direksiyon konik rulman setleri (üst + alt)
• Salıncak rulman ve burç setleri
• Ön / arka tekerlek setleri

Marka + model yaz, tam seti aynı gün kargolayalım. Kış bakımı için ideal zaman.";#motosiklet #motosikletyedekparça #tekerlekrulmanı #motorrulmanı #honda #yamaha #bajaj #ktm #cfmoto #mondial;https://www.yamansarulman.com/?utm_source=instagram&utm_medium=social&utm_campaign=direksiyon-salincak;gonderiler/gun41_kare.png;"Motosiklet ön tekerlek ve fren diski; direksiyon ve salıncak rulmanları tanıtımı";motosiklet direksiyon rulmanı, boyun rulmanı, salıncak rulmanı, motosiklet konik rulman;Motosiklet direksiyon (boyun) rulmanı belirtileri ve model bazlı set tablosu
42;1 Kas 2026 Paz;12:30;IG;Marka;“Doğru parça, doğru yerde, doğru zamanda.”;"Doğru parça, doğru yerde, doğru zamanda.

Kasım'a hoş geldiniz. Yarın silindirik makaralı kodlarıyla devam.";#rulman #yamansarulman #rulmanfiyatları #sanayi #yedekparça #istanbul #ikitelli;https://www.yamansarulman.com/?utm_source=instagram&utm_medium=social&utm_campaign=pazar4;gonderiler/gun42_kare.png;"Paslı çelik bağlantı elemanı yakın çekim; alıntı: Doğru parça, doğru yerde, doğru zamanda";rulman tedarik;
42;1 Kas 2026 Paz;12:30;FB;Marka;“Doğru parça, doğru yerde, doğru zamanda.”;"Doğru parça, doğru yerde, doğru zamanda.

Kasım'a hoş geldiniz. Yarın silindirik makaralı kodlarıyla devam.";#rulman #yamansarulman #rulmanfiyatları #sanayi #yedekparça #istanbul #ikitelli;https://www.yamansarulman.com/?utm_source=instagram&utm_medium=social&utm_campaign=pazar4;gonderiler/gun42_kare.png;"Paslı çelik bağlantı elemanı yakın çekim; alıntı: Doğru parça, doğru yerde, doğru zamanda";rulman tedarik;
43;2 Kas 2026 Pzt;12:30;IG;Ürün;NU, NJ, NUP, N NE DEMEK?;"NU 205 mi, NJ 205 mi? Ölçü aynı, davranış farklı.

NU → iç bilezik flanşsız, mil serbest kayar (ısıl genleşme için)
NJ → tek flanş, bir yönde tutar
NUP → flanş + halka, iki yönde tutar
N → flanşlar iç bilezikte

Redüktör, elektrik motoru, vinç. Kodun tamamını yazın, doğru tipi gönderelim.";#endüstri #makineimalat #fabrika #bakım #konikrulman #silindirikrulman;https://www.yamansarulman.com/?utm_source=linkedin&utm_medium=social&utm_campaign=nu-nj-nup;gonderiler/gun43_kare.png;"Fabrikada büyük vidalı mil önünde işçi; NU, NJ, NUP, N silindirik rulman kodları listesi";nu 205 rulman, silindirik makaralı rulman kodları, nj rulman, nup rulman;NU, NJ, NUP, N: silindirik makaralı rulman tipleri ve sabit–serbest yatak düzeni
43;2 Kas 2026 Pzt;12:30;FB;Ürün;NU, NJ, NUP, N NE DEMEK?;"NU 205 mi, NJ 205 mi? Ölçü aynı, davranış farklı.

NU → iç bilezik flanşsız, mil serbest kayar (ısıl genleşme için)
NJ → tek flanş, bir yönde tutar
NUP → flanş + halka, iki yönde tutar
N → flanşlar iç bilezikte

Redüktör, elektrik motoru, vinç. Kodun tamamını yazın, doğru tipi gönderelim.";#endüstri #makineimalat #fabrika #bakım #konikrulman #silindirikrulman;https://www.yamansarulman.com/?utm_source=linkedin&utm_medium=social&utm_campaign=nu-nj-nup;gonderiler/gun43_kare.png;"Fabrikada büyük vidalı mil önünde işçi; NU, NJ, NUP, N silindirik rulman kodları listesi";nu 205 rulman, silindirik makaralı rulman kodları, nj rulman, nup rulman;NU, NJ, NUP, N: silindirik makaralı rulman tipleri ve sabit–serbest yatak düzeni
43;2 Kas 2026 Pzt;09:00;LI;Ürün;NU, NJ, NUP, N NE DEMEK?;"Silindirik makaralı rulman seçiminde ölçü kadar flanş düzeni de kritiktir. NU tipi serbest yatak (ısıl genleşmeyi alır), NJ tek yönlü, NUP çift yönlü sabit yatak olarak kullanılır. Yanlış tip seçimi, mil ekseninde istenmeyen kuvvet birikmesine yol açar.

Yamansa olarak NU/NJ/NUP/N serilerini SKF, FAG ve ORS markalarıyla stokluyor; yatak düzeni (sabit–serbest) seçiminde teknik destek veriyoruz.";#endüstri #makineimalat #fabrika #bakım;https://www.yamansarulman.com/?utm_source=linkedin&utm_medium=social&utm_campaign=nu-nj-nup;gonderiler/gun43_linkedin.png;"Fabrikada büyük vidalı mil önünde işçi; NU, NJ, NUP, N silindirik rulman kodları listesi";nu 205 rulman, silindirik makaralı rulman kodları, nj rulman, nup rulman;NU, NJ, NUP, N: silindirik makaralı rulman tipleri ve sabit–serbest yatak düzeni
44;3 Kas 2026 Sal;12:30;IG;Teknik;EK HARFLER NE DEMEK?;"6205 ile 6205-K aynı rulman değil.

ZZ / 2RS / 2RZ → kapak–keçe
C3 / C4 → geniş boşluk
K → konik delik
N / NR → dış bilezikte kanal / segman
TN9 / M / J → polyamid / pirinç / sac kafes

Siparişte kodu harfleriyle birlikte yazın; sonradan 'uymadı' derdi yaşamayın. Kaydet.";#rulmanteknik #makinebakım #bakımonarım #mühendislik #tekniker;https://www.yamansarulman.com/?utm_source=instagram&utm_medium=social&utm_campaign=ek-harfler;gonderiler/gun44_kare.png;"Krom motor parçaları yakın çekim; rulman ek harfleri listesi";rulman ek harfleri, rulman son ekleri, rulman k ne demek, tn9 rulman, nr rulman;Rulman kodlarındaki ek harfler (sonekler) sözlüğü: K, N, NR, TN9, M, E, C3
44;3 Kas 2026 Sal;12:30;FB;Teknik;EK HARFLER NE DEMEK?;"6205 ile 6205-K aynı rulman değil.

ZZ / 2RS / 2RZ → kapak–keçe
C3 / C4 → geniş boşluk
K → konik delik
N / NR → dış bilezikte kanal / segman
TN9 / M / J → polyamid / pirinç / sac kafes

Siparişte kodu harfleriyle birlikte yazın; sonradan 'uymadı' derdi yaşamayın. Kaydet.";#rulmanteknik #makinebakım #bakımonarım #mühendislik #tekniker;https://www.yamansarulman.com/?utm_source=instagram&utm_medium=social&utm_campaign=ek-harfler;gonderiler/gun44_kare.png;"Krom motor parçaları yakın çekim; rulman ek harfleri listesi";rulman ek harfleri, rulman son ekleri, rulman k ne demek, tn9 rulman, nr rulman;Rulman kodlarındaki ek harfler (sonekler) sözlüğü: K, N, NR, TN9, M, E, C3
45;4 Kas 2026 Çar;12:30;IG;Kurumsal;CARİ HESAP. TEK FATURA. DÜZENLİ SEVK.;"Her rulman için ayrı sipariş, ayrı fatura, ayrı takip… Yormuyor mu?

Kurumsal müşterilerimize:
• Cari hesap ve vade
• Aylık tek fatura
• Sık kullanılan kodlar için sabit fiyat listesi
• Haftalık / aylık düzenli sevkiyat

Satın alma ekibinizle 15 dakikalık görüşme için DM veya 0212 670 02 05.";#endüstri #makineimalat #fabrika #bakım #konikrulman #silindirikrulman;https://www.yamansarulman.com/?utm_source=linkedin&utm_medium=social&utm_campaign=kurumsal;gonderiler/gun45_kare.png;"Depoda görüşen üç kişi; kurumsal rulman tedariki: cari hesap, tek fatura, düzenli sevkiyat";kurumsal rulman tedariki, rulman fiyat listesi, rulman cari hesap, rulman çerçeve anlaşma;Kurumsal rulman tedariki: çerçeve anlaşma ve sabit fiyat listesi nasıl işler?
45;4 Kas 2026 Çar;12:30;FB;Kurumsal;CARİ HESAP. TEK FATURA. DÜZENLİ SEVK.;"Her rulman için ayrı sipariş, ayrı fatura, ayrı takip… Yormuyor mu?

Kurumsal müşterilerimize:
• Cari hesap ve vade
• Aylık tek fatura
• Sık kullanılan kodlar için sabit fiyat listesi
• Haftalık / aylık düzenli sevkiyat

Satın alma ekibinizle 15 dakikalık görüşme için DM veya 0212 670 02 05.";#endüstri #makineimalat #fabrika #bakım #konikrulman #silindirikrulman;https://www.yamansarulman.com/?utm_source=linkedin&utm_medium=social&utm_campaign=kurumsal;gonderiler/gun45_kare.png;"Depoda görüşen üç kişi; kurumsal rulman tedariki: cari hesap, tek fatura, düzenli sevkiyat";kurumsal rulman tedariki, rulman fiyat listesi, rulman cari hesap, rulman çerçeve anlaşma;Kurumsal rulman tedariki: çerçeve anlaşma ve sabit fiyat listesi nasıl işler?
45;4 Kas 2026 Çar;09:00;LI;Kurumsal;CARİ HESAP. TEK FATURA. DÜZENLİ SEVK.;"Satın alma birimleri için rulman tedarikinde asıl maliyet, işlem sayısıdır. Yamansa kurumsal programı bu yükü azaltmak için tasarlandı: cari hesap ve vade, aylık tek fatura, sık kullanılan kodlar için 6 ay sabit fiyat listesi ve planlı sevkiyat.

1986'dan beri sanayi ve servis sektörüne tedarik yapıyoruz. Çerçeve anlaşma görüşmesi için mesaj gönderebilirsiniz.";#endüstri #makineimalat #fabrika #bakım;https://www.yamansarulman.com/?utm_source=linkedin&utm_medium=social&utm_campaign=kurumsal;gonderiler/gun45_linkedin.png;"Depoda görüşen üç kişi; kurumsal rulman tedariki: cari hesap, tek fatura, düzenli sevkiyat";kurumsal rulman tedariki, rulman fiyat listesi, rulman cari hesap, rulman çerçeve anlaşma;Kurumsal rulman tedariki: çerçeve anlaşma ve sabit fiyat listesi nasıl işler?
46;5 Kas 2026 Per;12:30;IG;Teknik;RULMANI DOĞRU SÖKMEK;"Montaj kadar sökme de önemli. Yanlış sökülen rulman, mili ve yuvayı da götürür.

1. Çektirme kullan; çekiç–keski yok
2. Kuvveti sıkı geçme bilezikten uygula
3. Isıtma gerekirse kontrollü, alevle değil
4. Sonra mil ve yuvayı ölç, temizle
5. Bitmiş rulmanı atmadan incele

Yeni rulman eğri yuvaya oturmaz. Kaydet, ustana gönder.";#rulmanteknik #makinebakım #bakımonarım #mühendislik #tekniker;https://www.yamansarulman.com/?utm_source=instagram&utm_medium=social&utm_campaign=sokme;gonderiler/gun46_kare.png;"Usta elleri mil üzerinde çalışıyor; rulmanı doğru sökme 5 adım";rulman sökme, rulman çektirme, rulman nasıl sökülür, rulman söküm yöntemleri;Rulman sökme yöntemleri: çektirme, hidrolik ve ısıl söküm
46;5 Kas 2026 Per;12:30;FB;Teknik;RULMANI DOĞRU SÖKMEK;"Montaj kadar sökme de önemli. Yanlış sökülen rulman, mili ve yuvayı da götürür.

1. Çektirme kullan; çekiç–keski yok
2. Kuvveti sıkı geçme bilezikten uygula
3. Isıtma gerekirse kontrollü, alevle değil
4. Sonra mil ve yuvayı ölç, temizle
5. Bitmiş rulmanı atmadan incele

Yeni rulman eğri yuvaya oturmaz. Kaydet, ustana gönder.";#rulmanteknik #makinebakım #bakımonarım #mühendislik #tekniker;https://www.yamansarulman.com/?utm_source=instagram&utm_medium=social&utm_campaign=sokme;gonderiler/gun46_kare.png;"Usta elleri mil üzerinde çalışıyor; rulmanı doğru sökme 5 adım";rulman sökme, rulman çektirme, rulman nasıl sökülür, rulman söküm yöntemleri;Rulman sökme yöntemleri: çektirme, hidrolik ve ısıl söküm
47;6 Kas 2026 Cum;12:30;IG;Uygulama;PAYLAŞIMLI SCOOTER FİLOLARI;"Bir scooter filosunda en sık değişen parça ne? Lastikten sonra rulman.

Filo ve servis operatörleri için:
• Model bazlı tekerlek + motor rulman setleri
• İnce kesit 6800/6900 ve 6000 serisi derin stok
• Aylık düzenli sevkiyat, sabit fiyat

Filo büyüklüğünüzü yazın, teklif gönderelim.";#elektrikliscooter #scooter #xiaomi #segway #ninebot #dualtron #navee #scooteryedekparça;https://www.yamansarulman.com/?utm_source=linkedin&utm_medium=social&utm_campaign=scooter-filo;gonderiler/gun47_kare.png;"Ağaç altında sıralanmış paylaşımlı kırmızı e-scooterlar; filo rulman tedariki";scooter filo yedek parça, scooter motor rulmanı, paylaşımlı scooter bakım, scooter tekerlek rulmanı;Paylaşımlı scooter filolarında rulman bakımı ve tedarik planı
47;6 Kas 2026 Cum;12:30;FB;Uygulama;PAYLAŞIMLI SCOOTER FİLOLARI;"Bir scooter filosunda en sık değişen parça ne? Lastikten sonra rulman.

Filo ve servis operatörleri için:
• Model bazlı tekerlek + motor rulman setleri
• İnce kesit 6800/6900 ve 6000 serisi derin stok
• Aylık düzenli sevkiyat, sabit fiyat

Filo büyüklüğünüzü yazın, teklif gönderelim.";#elektrikliscooter #scooter #xiaomi #segway #ninebot #dualtron #navee #scooteryedekparça;https://www.yamansarulman.com/?utm_source=linkedin&utm_medium=social&utm_campaign=scooter-filo;gonderiler/gun47_kare.png;"Ağaç altında sıralanmış paylaşımlı kırmızı e-scooterlar; filo rulman tedariki";scooter filo yedek parça, scooter motor rulmanı, paylaşımlı scooter bakım, scooter tekerlek rulmanı;Paylaşımlı scooter filolarında rulman bakımı ve tedarik planı
47;6 Kas 2026 Cum;09:00;LI;Uygulama;PAYLAŞIMLI SCOOTER FİLOLARI;"Paylaşımlı mikro mobilite filolarında araç başına bakım maliyetinin önemli kısmı tekerlek ve motor rulmanlarından gelir; yoğun kullanım ve dış ortam rulman ömrünü kısaltır.

Yamansa olarak filo operatörlerine model bazlı rulman setleri, 6800/6900/6000 serilerinde derin stok ve aylık planlı sevkiyat sunuyoruz. NMB, TPI ve Yamansa markalı seçeneklerle maliyet–ömür dengesini birlikte kuruyoruz.";#elektrikliscooter #scooter #xiaomi #segway;https://www.yamansarulman.com/?utm_source=linkedin&utm_medium=social&utm_campaign=scooter-filo;gonderiler/gun47_linkedin.png;"Ağaç altında sıralanmış paylaşımlı kırmızı e-scooterlar; filo rulman tedariki";scooter filo yedek parça, scooter motor rulmanı, paylaşımlı scooter bakım, scooter tekerlek rulmanı;Paylaşımlı scooter filolarında rulman bakımı ve tedarik planı
48;7 Kas 2026 Cmt;12:30;IG;Marka;BUNLARI BİLİYOR MUYDUNUZ?;"Hafta sonu bilgi yarışması: rulman hakkında bunları biliyor muydunuz?

1. Leonardo da Vinci 1500'lerde bilyalı yatak çizmişti
2. İlk bilyalı rulman patenti 1794
3. Modern sabit bilyalı rulman 1869'da bir bisiklet için tasarlandı
4. 608, dünyada en çok üretilen kod
5. Fidget spinner'ın kalbinde de bir 608 var

Hangisini bilmiyordunuz? Yoruma yazın.";#rulman #yamansarulman #rulmanfiyatları #sanayi #yedekparça #istanbul #ikitelli;https://www.yamansarulman.com/?utm_source=instagram&utm_medium=social&utm_campaign=biliyor-muydunuz;gonderiler/gun48_kare.png;"Bisiklet ön tekerlek göbeği ve jant telleri; rulman hakkında 5 ilginç bilgi listesi";rulman tarihi, rulmanı kim icat etti, rulman hakkında bilgiler;Rulmanın tarihi: da Vinci'den 608'e
48;7 Kas 2026 Cmt;12:30;FB;Marka;BUNLARI BİLİYOR MUYDUNUZ?;"Hafta sonu bilgi yarışması: rulman hakkında bunları biliyor muydunuz?

1. Leonardo da Vinci 1500'lerde bilyalı yatak çizmişti
2. İlk bilyalı rulman patenti 1794
3. Modern sabit bilyalı rulman 1869'da bir bisiklet için tasarlandı
4. 608, dünyada en çok üretilen kod
5. Fidget spinner'ın kalbinde de bir 608 var

Hangisini bilmiyordunuz? Yoruma yazın.";#rulman #yamansarulman #rulmanfiyatları #sanayi #yedekparça #istanbul #ikitelli;https://www.yamansarulman.com/?utm_source=instagram&utm_medium=social&utm_campaign=biliyor-muydunuz;gonderiler/gun48_kare.png;"Bisiklet ön tekerlek göbeği ve jant telleri; rulman hakkında 5 ilginç bilgi listesi";rulman tarihi, rulmanı kim icat etti, rulman hakkında bilgiler;Rulmanın tarihi: da Vinci'den 608'e
49;8 Kas 2026 Paz;12:30;IG;Marka;“Sürtünme kaybettirir, rulman kazandırır.”;"Sürtünme kaybettirir, rulman kazandırır.

İyi pazarlar. Yarın oynak bilyalı rulmanlar.";#rulman #yamansarulman #rulmanfiyatları #sanayi #yedekparça #istanbul #ikitelli;https://www.yamansarulman.com/?utm_source=instagram&utm_medium=social&utm_campaign=pazar5;gonderiler/gun49_kare.png;"Motosiklet motoru yakın çekim; alıntı: Sürtünme kaybettirir, rulman kazandırır";rulman enerji verimliliği;
49;8 Kas 2026 Paz;12:30;FB;Marka;“Sürtünme kaybettirir, rulman kazandırır.”;"Sürtünme kaybettirir, rulman kazandırır.

İyi pazarlar. Yarın oynak bilyalı rulmanlar.";#rulman #yamansarulman #rulmanfiyatları #sanayi #yedekparça #istanbul #ikitelli;https://www.yamansarulman.com/?utm_source=instagram&utm_medium=social&utm_campaign=pazar5;gonderiler/gun49_kare.png;"Motosiklet motoru yakın çekim; alıntı: Sürtünme kaybettirir, rulman kazandırır";rulman enerji verimliliği;
50;9 Kas 2026 Pzt;12:30;IG;Ürün;1200 SERİSİ OYNAK BİLYALI;"Mil hizasız mı? Sabit bilyalı bir ayda biter; oynak bilyalı affeder.

1200 → 10×30×9
1201 → 12×32×10
1202 → 15×35×11
1203 → 17×40×12
1204 → 20×47×14
1205 → 25×52×15

Dış çapları 6200 serisiyle aynı; iki sıra bilya ve küresel dış yuvarlanma yolu var. 2200 serisi (geniş) ve K (konik delik) seçenekleri de stokta.";#endüstri #makineimalat #fabrika #bakım #konikrulman #silindirikrulman;https://www.yamansarulman.com/?utm_source=linkedin&utm_medium=social&utm_campaign=oynak-1200;gonderiler/gun50_kare.png;1200'den 1205'e oynak bilyalı rulman ölçü tablosu;oynak bilyalı rulman, 1204 rulman, 1205 rulman, 2205 rulman, 1200 serisi;Oynak bilyalı rulman nedir? 1200/2200 serisi ölçüleri ve konik delik (K) montajı
50;9 Kas 2026 Pzt;12:30;FB;Ürün;1200 SERİSİ OYNAK BİLYALI;"Mil hizasız mı? Sabit bilyalı bir ayda biter; oynak bilyalı affeder.

1200 → 10×30×9
1201 → 12×32×10
1202 → 15×35×11
1203 → 17×40×12
1204 → 20×47×14
1205 → 25×52×15

Dış çapları 6200 serisiyle aynı; iki sıra bilya ve küresel dış yuvarlanma yolu var. 2200 serisi (geniş) ve K (konik delik) seçenekleri de stokta.";#endüstri #makineimalat #fabrika #bakım #konikrulman #silindirikrulman;https://www.yamansarulman.com/?utm_source=linkedin&utm_medium=social&utm_campaign=oynak-1200;gonderiler/gun50_kare.png;1200'den 1205'e oynak bilyalı rulman ölçü tablosu;oynak bilyalı rulman, 1204 rulman, 1205 rulman, 2205 rulman, 1200 serisi;Oynak bilyalı rulman nedir? 1200/2200 serisi ölçüleri ve konik delik (K) montajı
50;9 Kas 2026 Pzt;09:00;LI;Ürün;1200 SERİSİ OYNAK BİLYALI;"Uzun miller, kaynaklı yataklar ve tarım/konveyör uygulamalarında eksen kaçıklığı kaçınılmazdır. Oynak bilyalı rulmanlar (1200/1300/2200/2300 serileri) küresel dış yuvarlanma yoluyla birkaç derece açısal kaçıklığı tolere eder.

Dış ölçüleri 6200/6300 serileriyle aynı olduğu için mevcut yuvaya doğrudan uygulanabilir. Konik delikli (K) tipler manşonla montaj kolaylığı sağlar. SKF, FAG ve ORS seçenekleriyle stokta.";#endüstri #makineimalat #fabrika #bakım;https://www.yamansarulman.com/?utm_source=linkedin&utm_medium=social&utm_campaign=oynak-1200;gonderiler/gun50_linkedin.png;1200'den 1205'e oynak bilyalı rulman ölçü tablosu;oynak bilyalı rulman, 1204 rulman, 1205 rulman, 2205 rulman, 1200 serisi;Oynak bilyalı rulman nedir? 1200/2200 serisi ölçüleri ve konik delik (K) montajı
51;10 Kas 2026 Sal;12:30;IG;Marka;Saygı, sevgi ve minnetle anıyoruz.;"Cumhuriyetimizin kurucusu Gazi Mustafa Kemal Atatürk'ü saygı, sevgi ve minnetle anıyoruz.

10 Kasım 1938";#10Kasım #Atatürk #SaygıylaAnıyoruz #yamansarulman;https://www.yamansarulman.com/?utm_source=instagram&utm_medium=social&utm_campaign=10kasim;gonderiler/gun51_kare.png;"Boş fabrika koridoru siyah-beyaz; 10 Kasım anma mesajı";;
51;10 Kas 2026 Sal;12:30;FB;Marka;Saygı, sevgi ve minnetle anıyoruz.;"Cumhuriyetimizin kurucusu Gazi Mustafa Kemal Atatürk'ü saygı, sevgi ve minnetle anıyoruz.

10 Kasım 1938";#10Kasım #Atatürk #SaygıylaAnıyoruz #yamansarulman;https://www.yamansarulman.com/?utm_source=instagram&utm_medium=social&utm_campaign=10kasim;gonderiler/gun51_kare.png;"Boş fabrika koridoru siyah-beyaz; 10 Kasım anma mesajı";;
51;10 Kas 2026 Sal;09:00;LI;Marka;Saygı, sevgi ve minnetle anıyoruz.;Cumhuriyetimizin kurucusu Gazi Mustafa Kemal Atatürk'ü aramızdan ayrılışının 88. yılında saygı, sevgi ve minnetle anıyoruz.;#10Kasım #Atatürk #SaygıylaAnıyoruz #yamansarulman;https://www.yamansarulman.com/?utm_source=instagram&utm_medium=social&utm_campaign=10kasim;gonderiler/gun51_linkedin.png;"Boş fabrika koridoru siyah-beyaz; 10 Kasım anma mesajı";;
52;11 Kas 2026 Çar;12:30;IG;Teknik;AÇIK MI, KAPAKLI MI?;"Açık mı, kapaklı mı?

Açık → yağlamayı sistem yapar (yağ banyosu, dişli kutusu); en yüksek devir; yuva temiz ve kapalı olmalı.
Kapaklı (ZZ/2RS) → fabrikadan gresli gelir, bakım istemez; tekerlek, motor, fan.

Kural: Yuvada yağ dolaşımı varsa açık, yoksa kapaklı. Uygulamanızı yazın, seçelim.";#rulmanteknik #makinebakım #bakımonarım #mühendislik #tekniker;https://www.yamansarulman.com/?utm_source=instagram&utm_medium=social&utm_campaign=acik-kapakli;gonderiler/gun52_kare.png;Açık ve kapaklı rulman karşılaştırma tablosu;açık rulman kapaklı rulman farkı, açık rulman yağlama, açık rulman nedir;Açık rulman ve kapaklı rulman farkı: yağlama, devir ve kullanım alanı
52;11 Kas 2026 Çar;12:30;FB;Teknik;AÇIK MI, KAPAKLI MI?;"Açık mı, kapaklı mı?

Açık → yağlamayı sistem yapar (yağ banyosu, dişli kutusu); en yüksek devir; yuva temiz ve kapalı olmalı.
Kapaklı (ZZ/2RS) → fabrikadan gresli gelir, bakım istemez; tekerlek, motor, fan.

Kural: Yuvada yağ dolaşımı varsa açık, yoksa kapaklı. Uygulamanızı yazın, seçelim.";#rulmanteknik #makinebakım #bakımonarım #mühendislik #tekniker;https://www.yamansarulman.com/?utm_source=instagram&utm_medium=social&utm_campaign=acik-kapakli;gonderiler/gun52_kare.png;Açık ve kapaklı rulman karşılaştırma tablosu;açık rulman kapaklı rulman farkı, açık rulman yağlama, açık rulman nedir;Açık rulman ve kapaklı rulman farkı: yağlama, devir ve kullanım alanı
53;12 Kas 2026 Per;12:30;IG;Kurumsal;SAHTE RULMANA KARŞI 5 KONTROL;"Sahte rulman ucuz değildir; makineyle birlikte bitince pahalıdır.

1. Fiyat piyasanın çok altındaysa şüphelen
2. Lazer markalama net ve eşit derinlikte olmalı
3. Kutu, hologram, parti numarası
4. Yetkili kanaldan, faturalı al
5. Emin değilsen bize getir, yan yana bakalım

1986'dan beri yalnızca yetkili kanaldan tedarik. SKF, FAG, ORS, NMB, TPI.";#endüstri #makineimalat #fabrika #bakım #konikrulman #silindirikrulman;https://www.yamansarulman.com/?utm_source=linkedin&utm_medium=social&utm_campaign=sahte-rulman;gonderiler/gun53_kare.png;"Parlak bilyalı rulmanlar ve bilezikler; sahte rulmana karşı 5 kontrol listesi";sahte rulman nasıl anlaşılır, orijinal skf rulman kontrol, sahte skf rulman, orijinal rulman;Sahte rulman nasıl anlaşılır? SKF, FAG, ORS orijinallik kontrol rehberi
53;12 Kas 2026 Per;12:30;FB;Kurumsal;SAHTE RULMANA KARŞI 5 KONTROL;"Sahte rulman ucuz değildir; makineyle birlikte bitince pahalıdır.

1. Fiyat piyasanın çok altındaysa şüphelen
2. Lazer markalama net ve eşit derinlikte olmalı
3. Kutu, hologram, parti numarası
4. Yetkili kanaldan, faturalı al
5. Emin değilsen bize getir, yan yana bakalım

1986'dan beri yalnızca yetkili kanaldan tedarik. SKF, FAG, ORS, NMB, TPI.";#endüstri #makineimalat #fabrika #bakım #konikrulman #silindirikrulman;https://www.yamansarulman.com/?utm_source=linkedin&utm_medium=social&utm_campaign=sahte-rulman;gonderiler/gun53_kare.png;"Parlak bilyalı rulmanlar ve bilezikler; sahte rulmana karşı 5 kontrol listesi";sahte rulman nasıl anlaşılır, orijinal skf rulman kontrol, sahte skf rulman, orijinal rulman;Sahte rulman nasıl anlaşılır? SKF, FAG, ORS orijinallik kontrol rehberi
53;12 Kas 2026 Per;09:00;LI;Kurumsal;SAHTE RULMANA KARŞI 5 KONTROL;"Sahte rulman, sektörün en büyük görünmez maliyetidir: gerçek malzeme ve ısıl işlem standardını taşımayan ürünler, planlanan ömrün küçük bir kısmında bozulur ve mil, yuva, hatta redüktörü birlikte götürür.

Kontrol noktaları: fiyat, lazer markalama kalitesi, ambalaj ve parti numarası, tedarik kanalı. Yamansa, 1986'dan beri yalnızca yetkili distribütör kanallarından tedarik eder ve her ürünü faturalandırır. Şüpheli ürünlerinizi karşılaştırma için getirebilirsiniz.";#endüstri #makineimalat #fabrika #bakım;https://www.yamansarulman.com/?utm_source=linkedin&utm_medium=social&utm_campaign=sahte-rulman;gonderiler/gun53_linkedin.png;"Parlak bilyalı rulmanlar ve bilezikler; sahte rulmana karşı 5 kontrol listesi";sahte rulman nasıl anlaşılır, orijinal skf rulman kontrol, sahte skf rulman, orijinal rulman;Sahte rulman nasıl anlaşılır? SKF, FAG, ORS orijinallik kontrol rehberi
54;13 Kas 2026 Cum;12:30;IG;Ürün;6306 – 6311 AĞIR HİZMET;"6300 serisinin ağır hizmet ölçüleri:

6306 → 30×72×19
6307 → 35×80×21
6308 → 40×90×23
6309 → 45×100×25
6310 → 50×110×27
6311 → 55×120×29

Redüktör, vinç, kompresör, tarım makinesi. C3 ve ZZ/2RS seçenekleriyle; SKF, FAG, ORS stokta.";#endüstri #makineimalat #fabrika #bakım #konikrulman #silindirikrulman;https://www.yamansarulman.com/?utm_source=instagram&utm_medium=social&utm_campaign=seri6300-buyuk;gonderiler/gun54_kare.png;6306'dan 6311'e 6300 serisi büyük ölçü rulman tablosu;6306 rulman, 6308 rulman, 6310 rulman, 6300 serisi rulman ölçüleri;6306, 6307, 6308, 6309, 6310 rulman ölçüleri ve muadilleri
54;13 Kas 2026 Cum;12:30;FB;Ürün;6306 – 6311 AĞIR HİZMET;"6300 serisinin ağır hizmet ölçüleri:

6306 → 30×72×19
6307 → 35×80×21
6308 → 40×90×23
6309 → 45×100×25
6310 → 50×110×27
6311 → 55×120×29

Redüktör, vinç, kompresör, tarım makinesi. C3 ve ZZ/2RS seçenekleriyle; SKF, FAG, ORS stokta.";#endüstri #makineimalat #fabrika #bakım #konikrulman #silindirikrulman;https://www.yamansarulman.com/?utm_source=instagram&utm_medium=social&utm_campaign=seri6300-buyuk;gonderiler/gun54_kare.png;6306'dan 6311'e 6300 serisi büyük ölçü rulman tablosu;6306 rulman, 6308 rulman, 6310 rulman, 6300 serisi rulman ölçüleri;6306, 6307, 6308, 6309, 6310 rulman ölçüleri ve muadilleri
55;14 Kas 2026 Cmt;12:30;IG;Uygulama;ELEKTRİK MOTORU RULMANLARI;"Motor sarımcıları bilir: sarım biter, iş rulmanda biter.

Elektrik motorlarında en çok dönen kodlar: 6201–6212 ve 6301–6312, ZZ kapaklı, C3 boşluklu.

Neden ZZ? Kuru ve temiz ortam, yüksek devir.
Neden C3? Mil ısınır ve genleşir; normal boşluk sıkışır.

Motor etiketindeki gücü ve rulman kodunu yaz, setini gönderelim.";#rulmanteknik #makinebakım #bakımonarım #mühendislik #tekniker;https://www.yamansarulman.com/?utm_source=instagram&utm_medium=social&utm_campaign=elektrik-motoru;gonderiler/gun55_kare.png;"Atölye tezgâhında redüktörlü elektrik motoru; elektrik motoru rulmanları";elektrik motoru rulmanı, motor rulmanı değişimi, 6205 zz c3, motor sarım rulman;Elektrik motoru rulmanı seçimi: neden ZZ ve C3? Güce göre rulman kodu tablosu
55;14 Kas 2026 Cmt;12:30;FB;Uygulama;ELEKTRİK MOTORU RULMANLARI;"Motor sarımcıları bilir: sarım biter, iş rulmanda biter.

Elektrik motorlarında en çok dönen kodlar: 6201–6212 ve 6301–6312, ZZ kapaklı, C3 boşluklu.

Neden ZZ? Kuru ve temiz ortam, yüksek devir.
Neden C3? Mil ısınır ve genleşir; normal boşluk sıkışır.

Motor etiketindeki gücü ve rulman kodunu yaz, setini gönderelim.";#rulmanteknik #makinebakım #bakımonarım #mühendislik #tekniker;https://www.yamansarulman.com/?utm_source=instagram&utm_medium=social&utm_campaign=elektrik-motoru;gonderiler/gun55_kare.png;"Atölye tezgâhında redüktörlü elektrik motoru; elektrik motoru rulmanları";elektrik motoru rulmanı, motor rulmanı değişimi, 6205 zz c3, motor sarım rulman;Elektrik motoru rulmanı seçimi: neden ZZ ve C3? Güce göre rulman kodu tablosu
56;15 Kas 2026 Paz;12:30;IG;Marka;“Bakım masraf değil, sigortadır.”;"Bakım masraf değil, sigortadır.

İyi pazarlar. Yarın: yıl sonu bakım duruşu planı.";#rulman #yamansarulman #rulmanfiyatları #sanayi #yedekparça #istanbul #ikitelli;https://www.yamansarulman.com/?utm_source=instagram&utm_medium=social&utm_campaign=pazar6;gonderiler/gun56_kare.png;"Dökme metal makine parçası yakın çekim; alıntı: Bakım masraf değil, sigortadır";planlı bakım;
56;15 Kas 2026 Paz;12:30;FB;Marka;“Bakım masraf değil, sigortadır.”;"Bakım masraf değil, sigortadır.

İyi pazarlar. Yarın: yıl sonu bakım duruşu planı.";#rulman #yamansarulman #rulmanfiyatları #sanayi #yedekparça #istanbul #ikitelli;https://www.yamansarulman.com/?utm_source=instagram&utm_medium=social&utm_campaign=pazar6;gonderiler/gun56_kare.png;"Dökme metal makine parçası yakın çekim; alıntı: Bakım masraf değil, sigortadır";planlı bakım;
57;16 Kas 2026 Pzt;12:30;IG;Kurumsal;ARALIK DURUŞU İÇİN LİSTEYİ KASIM'DA KAPATIN.;"Aralık bakım duruşu için rulman listeniz hazır mı?

Duruş haftasında herkes aynı kodları arar; ithal kalemlerde bekleme 3–6 haftayı bulur. Listenizi Kasım'da gönderin:
• Stoktakileri adınıza ayıralım
• Eksikleri zamanında getirelim
• Muadilleri önceden onaylayalım

DM veya 0212 670 02 05.";#endüstri #makineimalat #fabrika #bakım #konikrulman #silindirikrulman;https://www.yamansarulman.com/?utm_source=linkedin&utm_medium=social&utm_campaign=yil-sonu-durus;gonderiler/gun57_kare.png;"Yüksek raflı depo koridoru; yıl sonu bakım duruşu için rulman planlama çağrısı";yıllık bakım duruşu, bakım duruşu yedek parça, yıl sonu bakım planı rulman;Yıl sonu bakım duruşu planlaması: rulman listesi ve tedarik takvimi
57;16 Kas 2026 Pzt;12:30;FB;Kurumsal;ARALIK DURUŞU İÇİN LİSTEYİ KASIM'DA KAPATIN.;"Aralık bakım duruşu için rulman listeniz hazır mı?

Duruş haftasında herkes aynı kodları arar; ithal kalemlerde bekleme 3–6 haftayı bulur. Listenizi Kasım'da gönderin:
• Stoktakileri adınıza ayıralım
• Eksikleri zamanında getirelim
• Muadilleri önceden onaylayalım

DM veya 0212 670 02 05.";#endüstri #makineimalat #fabrika #bakım #konikrulman #silindirikrulman;https://www.yamansarulman.com/?utm_source=linkedin&utm_medium=social&utm_campaign=yil-sonu-durus;gonderiler/gun57_kare.png;"Yüksek raflı depo koridoru; yıl sonu bakım duruşu için rulman planlama çağrısı";yıllık bakım duruşu, bakım duruşu yedek parça, yıl sonu bakım planı rulman;Yıl sonu bakım duruşu planlaması: rulman listesi ve tedarik takvimi
57;16 Kas 2026 Pzt;09:00;LI;Kurumsal;ARALIK DURUŞU İÇİN LİSTEYİ KASIM'DA KAPATIN.;"Yıl sonu bakım duruşlarında en sık yaşanan sorun, aynı haftada tüm sektörün aynı rulman kodlarına yönelmesidir. İthal ve özel kalemlerde tedarik süresi bu dönemde belirgin şekilde uzar.

Önerimiz: duruş listesini Kasım ortasına kadar kapatmak, stoktaki kalemleri rezerve ettirmek ve tedarik süresi uzun kodlar için muadil onayını önceden almak. Yamansa olarak bu süreci bakım ekipleriyle birlikte yürütüyoruz.";#endüstri #makineimalat #fabrika #bakım;https://www.yamansarulman.com/?utm_source=linkedin&utm_medium=social&utm_campaign=yil-sonu-durus;gonderiler/gun57_linkedin.png;"Yüksek raflı depo koridoru; yıl sonu bakım duruşu için rulman planlama çağrısı";yıllık bakım duruşu, bakım duruşu yedek parça, yıl sonu bakım planı rulman;Yıl sonu bakım duruşu planlaması: rulman listesi ve tedarik takvimi
58;17 Kas 2026 Sal;12:30;IG;Teknik;GRES SEÇİMİ: 4 KURAL;"Açık rulman aldınız; hangi gres, ne kadar?

1. Çoğu iş için lityum bazlı çok amaçlı gres
2. 120 °C üzeri → sentetik / poliüre
3. Gresleri karıştırma, eskisini temizle
4. Boşluğun %30–50'si yeter; fazlası ısıtır ve dışarı atar

Uygulama sıcaklığı ve devrini yazın, gres tipini birlikte seçelim.";#rulmanteknik #makinebakım #bakımonarım #mühendislik #tekniker;https://www.yamansarulman.com/?utm_source=instagram&utm_medium=social&utm_campaign=gres-secimi;gonderiler/gun58_kare.png;"Tezgâh başında çalışan teknisyen; rulman gres seçimi 4 kural";rulman gresi seçimi, rulman gres miktarı, lityum gres rulman, rulman yağlama;Rulman gresi nasıl seçilir? Sıcaklık, devir ve miktar rehberi
58;17 Kas 2026 Sal;12:30;FB;Teknik;GRES SEÇİMİ: 4 KURAL;"Açık rulman aldınız; hangi gres, ne kadar?

1. Çoğu iş için lityum bazlı çok amaçlı gres
2. 120 °C üzeri → sentetik / poliüre
3. Gresleri karıştırma, eskisini temizle
4. Boşluğun %30–50'si yeter; fazlası ısıtır ve dışarı atar

Uygulama sıcaklığı ve devrini yazın, gres tipini birlikte seçelim.";#rulmanteknik #makinebakım #bakımonarım #mühendislik #tekniker;https://www.yamansarulman.com/?utm_source=instagram&utm_medium=social&utm_campaign=gres-secimi;gonderiler/gun58_kare.png;"Tezgâh başında çalışan teknisyen; rulman gres seçimi 4 kural";rulman gresi seçimi, rulman gres miktarı, lityum gres rulman, rulman yağlama;Rulman gresi nasıl seçilir? Sıcaklık, devir ve miktar rehberi
59;18 Kas 2026 Çar;12:30;IG;Ürün;UCP · UCF · UCFL YATAKLI RULMANLAR;"Mil var, yuva yok mu? Yataklı rulman.

UCP → ayaklı yuva (zemine / şaseye)
UCF → kare flanşlı (duvara / plakaya)
UCFL → oval flanşlı (dar yer)
UC 204–212 → iç rulman, ayrıca stokta

Konveyör, tarım makinesi, tekstil, gıda hattı. Kod veya mil çapını yaz, gönderelim.";#endüstri #makineimalat #fabrika #bakım #konikrulman #silindirikrulman;https://www.yamansarulman.com/?utm_source=linkedin&utm_medium=social&utm_campaign=yatakli;gonderiler/gun59_kare.png;"Ayaklı (UCP tipi) yataklı rulman ünitesi ürün fotoğrafı; UCP, UCF, UCFL yataklı rulman tanıtımı";ucp 205 rulman, yataklı rulman, ucf 204, uc 206, ucp yatak fiyat;UCP, UCF, UCFL yataklı rulman tipleri ve UC 204–212 ölçü tablosu
59;18 Kas 2026 Çar;12:30;FB;Ürün;UCP · UCF · UCFL YATAKLI RULMANLAR;"Mil var, yuva yok mu? Yataklı rulman.

UCP → ayaklı yuva (zemine / şaseye)
UCF → kare flanşlı (duvara / plakaya)
UCFL → oval flanşlı (dar yer)
UC 204–212 → iç rulman, ayrıca stokta

Konveyör, tarım makinesi, tekstil, gıda hattı. Kod veya mil çapını yaz, gönderelim.";#endüstri #makineimalat #fabrika #bakım #konikrulman #silindirikrulman;https://www.yamansarulman.com/?utm_source=linkedin&utm_medium=social&utm_campaign=yatakli;gonderiler/gun59_kare.png;"Ayaklı (UCP tipi) yataklı rulman ünitesi ürün fotoğrafı; UCP, UCF, UCFL yataklı rulman tanıtımı";ucp 205 rulman, yataklı rulman, ucf 204, uc 206, ucp yatak fiyat;UCP, UCF, UCFL yataklı rulman tipleri ve UC 204–212 ölçü tablosu
59;18 Kas 2026 Çar;09:00;LI;Ürün;UCP · UCF · UCFL YATAKLI RULMANLAR;"Yataklı rulman üniteleri (UCP, UCF, UCFL, UCT) konveyör, tarım ve tesis makinelerinde en pratik yataklama çözümüdür: yuva ve rulman tek parça gelir, setuskurla mile bağlanır, açısal kaçıklığı tolere eder.

Yamansa olarak UCP/UCF/UCFL ünitelerini ve UC 204–212 iç rulmanlarını stoklu tutuyoruz; paslanmaz ve termoplastik yuva seçenekleri için temin süresi veriyoruz.";#endüstri #makineimalat #fabrika #bakım;https://www.yamansarulman.com/?utm_source=linkedin&utm_medium=social&utm_campaign=yatakli;gonderiler/gun59_linkedin.png;"Ayaklı (UCP tipi) yataklı rulman ünitesi ürün fotoğrafı; UCP, UCF, UCFL yataklı rulman tanıtımı";ucp 205 rulman, yataklı rulman, ucf 204, uc 206, ucp yatak fiyat;UCP, UCF, UCFL yataklı rulman tipleri ve UC 204–212 ölçü tablosu
60;19 Kas 2026 Per;12:30;IG;CTA;SORUNUZ VARSA, CEVABI BİZDE.;"2 ay, 60 gönderi: kod okuma, kapak ve boşluk sınıfları, konik ve silindirik rulmanlar, çamaşır makinesinden scooter filosuna…

En çok sorulan soruları önümüzdeki hafta yanıtlıyoruz. Sorunuzu yoruma ya da DM'e yazın: kod, ölçü, muadil, marka, montaj – ne olursa.

Stok ve fiyat: yamansarulman.com · 0212 670 02 05";#rulman #yamansarulman #rulmanfiyatları #sanayi #yedekparça #istanbul #ikitelli;https://www.yamansarulman.com/?utm_source=instagram&utm_medium=social&utm_campaign=soru-cevap;gonderiler/gun60_kare.png;"CNC tezgâh başında mavi iş kıyafetli mühendis; Yamansa soru-cevap çağrısı";rulman danışmanlık, rulman fiyat sor, rulman teknik destek, rulman whatsapp;Rulman hakkında sık sorulan sorular (SSS) sayfası
60;19 Kas 2026 Per;12:30;FB;CTA;SORUNUZ VARSA, CEVABI BİZDE.;"2 ay, 60 gönderi: kod okuma, kapak ve boşluk sınıfları, konik ve silindirik rulmanlar, çamaşır makinesinden scooter filosuna…

En çok sorulan soruları önümüzdeki hafta yanıtlıyoruz. Sorunuzu yoruma ya da DM'e yazın: kod, ölçü, muadil, marka, montaj – ne olursa.

Stok ve fiyat: yamansarulman.com · 0212 670 02 05";#rulman #yamansarulman #rulmanfiyatları #sanayi #yedekparça #istanbul #ikitelli;https://www.yamansarulman.com/?utm_source=instagram&utm_medium=social&utm_campaign=soru-cevap;gonderiler/gun60_kare.png;"CNC tezgâh başında mavi iş kıyafetli mühendis; Yamansa soru-cevap çağrısı";rulman danışmanlık, rulman fiyat sor, rulman teknik destek, rulman whatsapp;Rulman hakkında sık sorulan sorular (SSS) sayfası
60;19 Kas 2026 Per;09:00;LI;CTA;SORUNUZ VARSA, CEVABI BİZDE.;"İki aylık içerik serimizde rulman seçimi, kodlama, montaj–söküm ve planlı bakım konularını ele aldık. Teşekkürler.

Bir sonraki seride sektörden gelen soruları yanıtlayacağız. Bakım, satın alma ve servis ekiplerinden gelen teknik soruları bu gönderinin altında toplayabiliriz.

Ölçü tabanlı katalog ve güncel stok: yamansarulman.com";#rulman #yamansarulman #rulmanfiyatları #sanayi;https://www.yamansarulman.com/?utm_source=instagram&utm_medium=social&utm_campaign=soru-cevap;gonderiler/gun60_linkedin.png;"CNC tezgâh başında mavi iş kıyafetli mühendis; Yamansa soru-cevap çağrısı";rulman danışmanlık, rulman fiyat sor, rulman teknik destek, rulman whatsapp;Rulman hakkında sık sorulan sorular (SSS) sayfası
